variable,value,gradients,complementary,agency_id,epoch,iteration
"(0, 1, 1)",0.6620545387268066,0.00026702880859375,0.0001767876347003039,1,0,0
"(0, 1, 2)",0.23248964548110962,0.000457763671875,0.00010642531378834974,1,0,0
"(0, 1, 3)",0.0,97.35614013671875,0.0,1,0,0
"(0, 1, 1)",0.6716659665107727,-0.0782318115234375,0.052545645298778254,1,0,1
"(0, 1, 2)",0.24234715104103088,-0.2188720703125,0.05304302268268657,1,0,1
"(0, 1, 3)",0.0,97.35548400878906,0.0,1,0,1
"(0, 1, 1)",0.6616674661636353,22.36143684387207,14.79583525626299,1,1,0
"(0, 1, 2)",0.2324904203414917,0.21765625476837158,0.050602994161053516,1,1,0
"(0, 1, 3)",0.0,51.807289123535156,0.0,1,1,0
"(0, 1, 1)",0.6516690254211426,21.347591400146484,13.911564082822224,1,1,1
"(0, 1, 2)",0.2424701750278473,-1.5638562440872192,0.3791884972222199,1,1,1
"(0, 1, 3)",0.0,51.91761779785156,0.0,1,1,1
"(0, 1, 1)",0.6416706442832947,20.272632598876953,13.008353221039897,1,1,2
"(0, 1, 2)",0.23256975412368774,0.31458985805511475,0.07316408593768386,1,1,2
"(0, 1, 3)",0.0,51.89916229248047,0.0,1,1,2
"(0, 1, 1)",0.6316723227500916,19.283973693847656,12.181152455044412,1,1,3
"(0, 1, 2)",0.24254828691482544,-1.475034236907959,0.35776702730274224,1,1,3
"(0, 1, 3)",0.0,52.009952545166016,0.0,1,1,3
"(0, 1, 1)",0.621674120426178,18.233905792236328,11.335547345322311,1,1,4
"(0, 1, 2)",0.23262615501880646,0.40329408645629883,0.0938167526741509,1,1,4
"(0, 1, 3)",0.0,51.991493225097656,0.0,1,1,4
"(0, 1, 1)",0.611676037311554,17.270231246948242,10.563786612587478,1,1,5
"(0, 1, 2)",0.2426033914089203,-1.390401005744934,0.33731599941209467,1,1,5
"(0, 1, 3)",0.0,52.10240936279297,0.0,1,1,5
"(0, 1, 1)",0.6016780734062195,16.244983673095703,9.774250478943713,1,1,6
"(0, 1, 2)",0.23266787827014923,0.48771607875823975,0.11347586524291664,1,1,6
"(0, 1, 3)",0.0,52.083927154541016,0.0,1,1,6
"(0, 1, 1)",0.5916802287101746,15.306142807006836,9.056342076720398,1,1,7
"(0, 1, 2)",0.24264369904994965,-1.3084222078323364,0.3174804044275401,1,1,7
"(0, 1, 3)",0.0,52.19508361816406,0.0,1,1,7
"(0, 1, 1)",0.5816825032234192,14.305583953857422,8.321307884352564,1,1,8
"(0, 1, 2)",0.2326989769935608,0.5695422291755676,0.13253189408378674,1,1,8
"(0, 1, 3)",0.0,52.176578521728516,0.0,1,1,8
"(0, 1, 1)",0.5716849565505981,13.39144515991211,7.655687744394072,1,1,9
"(0, 1, 2)",0.24267323315143585,-1.2283025979995728,0.2980761627448647,1,1,9
"(0, 1, 3)",0.0,52.28785705566406,0.0,1,1,9
"(0, 1, 1)",0.5616875886917114,12.415458679199219,6.97360904802099,1,1,10
"(0, 1, 2)",0.23272176086902618,0.649426281452179,0.15113562777417489,1,1,10
"(0, 1, 3)",0.0,52.26937484741211,0.0,1,1,10
"(0, 1, 1)",0.551690399646759,11.525789260864258,6.358667283570526,1,1,11
"(0, 1, 2)",0.24269425868988037,-1.1497063636779785,0.279027133643865,1,1,11
"(0, 1, 3)",0.0,52.38063049316406,0.0,1,1,11
"(0, 1, 1)",0.5416934490203857,10.57415771484375,5.7279519630392315,1,1,12
"(0, 1, 2)",0.23273760080337524,0.727693498134613,0.16936163887606526,1,1,12
"(0, 1, 3)",0.0,52.36219787597656,0.0,1,1,12
"(0, 1, 1)",0.5316967964172363,9.708883285522461,5.1621821397011445,1,1,13
"(0, 1, 2)",0.24270813167095184,-1.072415828704834,0.2602840421593058,1,1,13
"(0, 1, 3)",0.0,52.473575592041016,0.0,1,1,13
"(0, 1, 1)",0.5217004418373108,8.781524658203125,4.58132529418981,1,1,14
"(0, 1, 2)",0.23274734616279602,0.8046594262123108,0.18728234601579352,1,1,14
"(0, 1, 3)",0.0,52.45516586303711,0.0,1,1,14
"(0, 1, 1)",0.5117045044898987,7.940423965454102,4.063150710682407,1,1,15
"(0, 1, 2)",0.24271562695503235,-0.9961169362068176,0.2417731466919637,1,1,15
"(0, 1, 3)",0.0,52.566566467285156,0.0,1,1,15
"(0, 1, 1)",0.5017090439796448,7.0371246337890625,3.5305890723839184,1,1,16
"(0, 1, 2)",0.23275147378444672,0.8805181980133057,0.20494190828162218,1,1,16
"(0, 1, 3)",0.0,52.548160552978516,0.0,1,1,16
"(0, 1, 1)",0.4917141795158386,6.220035552978516,3.0584796784921764,1,1,17
"(0, 1, 2)",0.2427171915769577,-0.9208880662918091,0.22351536520708315,1,1,17
"(0, 1, 3)",0.0,52.65966033935547,0.0,1,1,17
"(0, 1, 1)",0.4817201495170593,5.340665817260742,2.5727063360114926,1,1,18
"(0, 1, 2)",0.23275025188922882,0.9552850127220154,0.22234282733705424,1,1,18
"(0, 1, 3)",0.0,52.64125061035156,0.0,1,1,18
"(0, 1, 1)",0.4717271625995636,4.547433853149414,2.1451480686553737,1,1,19
"(0, 1, 2)",0.24271297454833984,-0.8465508818626404,0.20546888264340168,1,1,19
"(0, 1, 3)",0.0,52.752845764160156,0.0,1,1,19
"(0, 1, 1)",0.4617357850074768,3.691791534423828,1.7046322622311436,1,1,20
"(0, 1, 2)",0.23274368047714233,1.0290253162384033,0.2394991394054813,1,1,20
"(0, 1, 3)",0.0,52.734439849853516,0.0,1,1,20
"(0, 1, 1)",0.4517466723918915,2.9222965240478516,1.320137730481008,1,1,21
"(0, 1, 2)",0.2427028864622116,-0.7732507586479187,0.1876701910829448,1,1,21
"(0, 1, 3)",0.0,52.84603500366211,0.0,1,1,21
"(0, 1, 1)",0.44176185131073,2.090299606323242,0.9234146238834455,1,1,22
"(0, 1, 2)",0.23273158073425293,1.1016454696655273,0.25638769156398666,1,1,22
"(0, 1, 3)",0.0,52.82760238647461,0.0,1,1,22
"(0, 1, 1)",0.43178537487983704,1.3446235656738281,0.580588790376737,1,1,23
"(0, 1, 2)",0.24268659949302673,-0.7009185552597046,0.17010354069754285,1,1,23
"(0, 1, 3)",0.0,52.93932342529297,0.0,1,1,23
"(0, 1, 1)",0.4218440055847168,0.5367298126220703,0.22641625407322863,1,1,24
"(0, 1, 2)",0.23271355032920837,1.1731127500534058,0.2729992330013893,1,1,24
"(0, 1, 3)",0.0,52.920841217041016,0.0,1,1,24
"(0, 1, 1)",0.41184601187705994,16.331180572509766,6.725931588032267,1,2,0
"(0, 1, 2)",0.24268168210983276,-0.9911254644393921,0.2405279948920409,1,2,0
"(0, 1, 3)",0.0,17.43492889404297,0.0,1,2,0
"(0, 1, 1)",0.40184810757637024,15.483905792236328,6.222178240500966,1,2,1
"(0, 1, 2)",0.23271329700946808,0.9994415044784546,0.23258332767528422,1,2,1
"(0, 1, 3)",0.0,17.401527404785156,0.0,1,2,1
"(0, 1, 1)",0.3918503224849701,14.782234191894531,5.792423235142223,1,2,2
"(0, 1, 2)",0.24267645180225372,-0.856553316116333,0.20786531953456588,1,2,2
"(0, 1, 3)",0.0,17.603240966796875,0.0,1,2,2
"(0, 1, 1)",0.3818526566028595,13.9576416015625,5.329762525467231,1,2,3
"(0, 1, 2)",0.23270434141159058,1.1331353187561035,0.2636855080813518,1,2,3
"(0, 1, 3)",0.0,17.570037841796875,0.0,1,2,3
"(0, 1, 1)",0.37185510993003845,13.27859115600586,4.937711974032595,1,2,4
"(0, 1, 2)",0.2426607608795166,-0.7234613299369812,0.17555567678941486,1,2,4
"(0, 1, 3)",0.0,17.77184295654297,0.0,1,2,4
"(0, 1, 1)",0.36185771226882935,12.476287841796875,4.5146409760400275,1,2,5
"(0, 1, 2)",0.23268577456474304,1.2647875547409058,0.294298071834735,1,2,5
"(0, 1, 3)",0.0,17.738685607910156,0.0,1,2,5
"(0, 1, 1)",0.3518604636192322,11.819534301757812,4.158826819179922,1,2,6
"(0, 1, 2)",0.24263259768486023,-0.5921887159347534,0.143684286466911,1,2,6
"(0, 1, 3)",0.0,17.940589904785156,0.0,1,2,6
"(0, 1, 1)",0.34186339378356934,11.039398193359375,3.77396613171004,1,2,7
"(0, 1, 2)",0.23265530169010162,1.394140601158142,0.3243542021608672,1,2,7
"(0, 1, 3)",0.0,17.907386779785156,0.0,1,2,7
"(0, 1, 1)",0.3318665027618408,10.40472412109375,3.452979406269151,1,2,8
"(0, 1, 2)",0.2425874024629593,-0.46304747462272644,0.11232948408576027,1,2,8
"(0, 1, 3)",0.0,18.109634399414062,0.0,1,2,8
"(0, 1, 1)",0.3218698501586914,9.646469116210938,3.1049075689952588,1,2,9
"(0, 1, 2)",0.23260822892189026,1.5204381942749023,0.35366643555548194,1,2,9
"(0, 1, 3)",0.0,18.07672119140625,0.0,1,2,9
"(0, 1, 1)",0.3118734061717987,9.033470153808594,2.8172991064195685,1,2,10
"(0, 1, 2)",0.24251525104045868,-0.33720946311950684,0.08177843760164549,1,2,10
"(0, 1, 3)",0.0,18.27886962890625,0.0,1,2,10
"(0, 1, 1)",0.30187729001045227,8.297000885009766,2.504676142381072,1,2,11
"(0, 1, 2)",0.23253454267978668,1.6413263082504272,0.3816650624773157,1,2,11
"(0, 1, 3)",0.0,18.246253967285156,0.0,1,2,11
"(0, 1, 1)",0.2918814718723297,7.705478668212891,2.2490864551588174,1,2,12
"(0, 1, 2)",0.24239042401313782,-0.21634826064109802,0.052440746631300605,1,2,12
"(0, 1, 3)",0.0,18.44860076904297,0.0,1,2,12
"(0, 1, 1)",0.2818860709667206,6.990520477294922,1.9705303513570698,1,2,13
"(0, 1, 2)",0.23240850865840912,1.7521777153015137,0.40722100971772335,1,2,13
"(0, 1, 3)",0.0,18.41637420654297,0.0,1,2,13
"(0, 1, 1)",0.2718910574913025,6.420188903808594,1.7455919503504447,1,2,14
"(0, 1, 2)",0.24211753904819489,-0.10554260015487671,0.02555371461424638,1,2,14
"(0, 1, 3)",0.0,18.61895751953125,0.0,1,2,14
"(0, 1, 1)",0.26189664006233215,5.727268218994141,1.4999523032903426,1,2,15
"(0, 1, 2)",0.23213481903076172,1.8345245122909546,0.42585701566815715,1,2,15
"(0, 1, 3)",0.0,18.588539123535156,0.0,1,2,15
"(0, 1, 1)",0.25190281867980957,5.177818298339844,1.3043070239637018,1,2,16
"(0, 1, 2)",0.2409219890832901,-0.022912591695785522,0.005520147166401923,1,2,16
"(0, 1, 3)",0.0,18.79107666015625,0.0,1,2,16
"(0, 1, 1)",0.24190989136695862,4.511772155761719,1.091442312072786,1,2,17
"(0, 1, 2)",0.23094020783901215,1.7384521961212158,0.4014785114904207,1,2,17
"(0, 1, 3)",0.0,18.771499633789062,0.0,1,2,17
"(0, 1, 1)",0.23191788792610168,3.982830047607422,0.9236895326097283,1,2,18
"(0, 1, 2)",0.24067775905132294,-0.11735901236534119,0.028245704100566815,1,2,18
"(0, 1, 3)",0.0,18.97423553466797,0.0,1,2,18
"(0, 1, 1)",0.2219274342060089,3.330738067626953,0.7391821533607299,1,2,19
"(0, 1, 2)",0.23069511353969574,1.826444149017334,0.42135174033146683,1,2,19
"(0, 1, 3)",0.0,18.94342041015625,0.0,1,2,19
"(0, 1, 1)",0.21193869411945343,2.8222694396972656,0.59814809950268,1,2,20
"(0, 1, 2)",0.2397138625383377,-0.029066801071166992,0.006967715156402932,1,2,20
"(0, 1, 3)",0.0,19.146156311035156,0.0,1,2,20
"(0, 1, 1)",0.20195314288139343,2.195240020751953,0.4433356215698723,1,2,21
"(0, 1, 2)",0.2297317087650299,1.7753980159759521,0.40786521994819935,1,2,21
"(0, 1, 3)",0.0,19.12389373779297,0.0,1,2,21
"(0, 1, 1)",0.19197170436382294,1.706939697265625,0.32768412293035,1,2,22
"(0, 1, 2)",0.239345520734787,-0.07873594760894775,0.018845096381010507,1,2,22
"(0, 1, 3)",0.0,19.326820373535156,0.0,1,2,22
"(0, 1, 1)",0.1820005476474762,1.0957603454589844,0.19942898296392286,1,2,23
"(0, 1, 2)",0.22936275601387024,1.8395702838897705,0.42192891019417544,1,2,23
"(0, 1, 3)",0.0,19.297279357910156,0.0,1,2,23
"(0, 1, 1)",0.1720031350851059,12.562076568603516,2.160716552978954,1,3,0
"(0, 1, 2)",0.21949464082717896,0.23673337697982788,0.051961707551992475,1,3,0
"(0, 1, 3)",0.00999523140490055,-6.7241058349609375,0.0672089938114766,1,3,0
"(0, 1, 1)",0.16200584173202515,11.987171173095703,1.9419917558832367,1,3,1
"(0, 1, 2)",0.22947685420513153,-1.7817347049713135,0.40886687512492514,1,3,1
"(0, 1, 3)",0.019986245781183243,-3.54248046875,0.07080088532347872,1,3,1
"(0, 1, 1)",0.15200872719287872,11.242034912109375,1.7088874180476523,1,3,2
"(0, 1, 2)",0.21972601115703583,0.12379151582717896,0.0272002159877891,1,3,2
"(0, 1, 3)",0.02994004637002945,-0.68231201171875,0.020428453269687452,1,3,2
"(0, 1, 1)",0.14201174676418304,10.685375213623047,1.5174487989173144,1,3,3
"(0, 1, 2)",0.22970907390117645,-1.8711872100830078,0.42982868112389383,1,3,3
"(0, 1, 3)",0.01995287835597992,2.4743423461914062,0.04937025184460708,1,3,3
"(0, 1, 1)",0.1320149153470993,10.185333251953125,1.3446159070385875,1,3,4
"(0, 1, 2)",0.21979831159114838,0.3514678478240967,0.07725203953031112,1,3,4
"(0, 1, 3)",0.029885875061154366,-0.469268798828125,0.014024508691875326,1,3,4
"(0, 1, 1)",0.1220182552933693,9.649101257324219,1.1773665005677572,1,3,5
"(0, 1, 2)",0.22977939248085022,-1.6748297214508057,0.3848413559038377,1,3,5
"(0, 1, 3)",0.019897710531949997,2.6838836669921875,0.05340314030723903,1,3,5
"(0, 1, 1)",0.11202177405357361,9.16744613647461,1.026953579748465,1,3,6
"(0, 1, 2)",0.21983689069747925,0.547457218170166,0.12035129263242084,1,3,6
"(0, 1, 3)",0.02977745607495308,-0.25994873046875,0.00774061190327302,1,3,6
"(0, 1, 1)",0.10202549397945404,8.650535583496094,0.8825751660930337,1,3,7
"(0, 1, 2)",0.2298155575990677,-1.4843010902404785,0.34111548269851966,1,3,7
"(0, 1, 3)",0.01978849619626999,2.8786468505859375,0.05696409225322441,1,3,7
"(0, 1, 1)",0.09202942252159119,8.18728256225586,0.7534708862255002,1,3,8
"(0, 1, 2)",0.2198583036661148,0.7377911806106567,0.16220951742887912,1,3,8
"(0, 1, 3)",0.02932898700237274,-0.06566619873046875,0.0019259230890611434,1,3,8
"(0, 1, 1)",0.08203359693288803,7.69232177734375,0.6310288241606941,1,3,9
"(0, 1, 2)",0.22983381152153015,-1.2916547060012817,0.296865924249996,1,3,9
"(0, 1, 3)",0.019339673221111298,2.9749069213867188,0.05753372772284138,1,3,9
"(0, 1, 1)",0.07203802466392517,7.246898651123047,0.5220522637665681,1,3,10
"(0, 1, 2)",0.2198677659034729,0.9298559427261353,0.204445348739263,1,3,10
"(0, 1, 3)",0.010279295034706593,0.03049468994140625,0.00031346391489961434,1,3,10
"(0, 1, 1)",0.06204262003302574,6.980884552001953,0.4331123677542763,1,3,11
"(0, 1, 2)",0.2298285961151123,-0.8056164979934692,0.18515370874101222,1,3,11
"(0, 1, 3)",0.02026568539440632,-2.3319778442382812,0.04725912933805887,1,3,11
"(0, 1, 1)",0.05204768478870392,6.326286315917969,0.3292685560539894,1,3,12
"(0, 1, 2)",0.21985743939876556,1.0957049131393433,0.24089887653946285,1,3,12
"(0, 1, 3)",0.010325469076633453,0.5263824462890625,0.0054351456716403845,1,3,12
"(0, 1, 1)",0.042052943259477615,6.087791442871094,0.25600954812259147,1,3,13
"(0, 1, 2)",0.22980716824531555,-0.6266986131668091,0.14401983363513082,1,3,13
"(0, 1, 3)",0.020310303196310997,-2.09124755859375,0.04247387197358421,1,3,13
"(0, 1, 1)",0.03205880895256996,5.450523376464844,0.174737287617603,1,3,14
"(0, 1, 2)",0.21983203291893005,1.2722790241241455,0.27968768431332336,1,3,14
"(0, 1, 3)",0.010351443663239479,0.7667388916015625,0.007936854440828256,1,3,14
"(0, 1, 1)",0.022064920514822006,5.229408264160156,0.11538647768824717,1,3,15
"(0, 1, 2)",0.2297622263431549,-0.4502338171005249,0.10344672419199341,1,3,15
"(0, 1, 3)",0.020334366708993912,-1.8558273315429688,0.03773707350816835,1,3,15
"(0, 1, 1)",0.012071844190359116,4.6090087890625,0.05563923597355824,1,3,16
"(0, 1, 2)",0.21978414058685303,1.4445905685424805,0.31749809660698247,1,3,16
"(0, 1, 3)",0.010365907102823257,1.001617431640625,0.010382673248955143,1,3,16
"(0, 1, 1)",0.0020790863782167435,4.4047393798828125,0.009157833644309221,1,3,17
"(0, 1, 2)",0.2296716719865799,-0.27817821502685547,0.06388965575546024,1,3,17
"(0, 1, 3)",0.020346403121948242,-1.6237716674804688,0.03303791292455571,1,3,17
"(0, 1, 1)",0.0,3.8012123107910156,0.0,1,3,18
"(0, 1, 2)",0.21969136595726013,1.6082165241241455,0.3533112849398705,1,3,18
"(0, 1, 3)",0.0103720398619771,1.2335968017578125,0.012794915201439494,1,3,18
"(0, 1, 1)",0.0,3.9233627319335938,0.0,1,3,19
"(0, 1, 2)",0.22952468693256378,-0.18663883209228516,0.04283821950544109,1,3,19
"(0, 1, 3)",0.02035069465637207,-1.4830322265625,0.030180736008333042,1,3,19
"(0, 1, 1)",0.0,3.720378875732422,0.0,1,3,20
"(0, 1, 2)",0.21954450011253357,1.5979211330413818,0.3508147963728234,1,3,20
"(0, 1, 3)",0.010375778190791607,1.2609024047851562,0.013082843672286515,1,3,20
"(0, 1, 1)",0.0,11.906845092773438,0.0,1,4,0
"(0, 1, 2)",0.20972119271755219,0.175872802734375,0.0368842539560319,1,4,0
"(0, 1, 3)",0.020374063402414322,-19.2071533203125,0.39132775952793963,1,4,0
"(0, 1, 1)",0.0,11.87833023071289,0.0,1,4,1
"(0, 1, 2)",0.2197052240371704,-1.9845960140228271,0.4360261118841606,1,4,1
"(0, 1, 3)",0.030372023582458496,-16.021621704101562,0.48660907222620153,1,4,1
"(0, 1, 1)",0.0,11.637928009033203,0.0,1,4,2
"(0, 1, 2)",0.22951820492744446,-0.16599249839782715,0.03809830026369099,1,4,2
"(0, 1, 3)",0.040369562804698944,-13.212471008300781,0.5333816781748624,1,4,2
"(0, 1, 1)",0.0,11.399646759033203,0.0,1,4,3
"(0, 1, 2)",0.2195376306772232,1.6301665306091309,0.35788289773923765,1,4,3
"(0, 1, 3)",0.05036645755171776,-10.405990600585938,0.5241128838679856,1,4,3
"(0, 1, 1)",0.0,11.372749328613281,0.0,1,4,4
"(0, 1, 2)",0.2294827103614807,-0.5733642578125,0.1315771839072113,1,4,4
"(0, 1, 3)",0.06036202237010002,-7.2357330322265625,0.4367634791553314,1,4,4
"(0, 1, 1)",0.0,11.13323974609375,0.0,1,4,5
"(0, 1, 2)",0.21950802206993103,1.2495166063308716,0.2742789187992223,1,4,5
"(0, 1, 3)",0.07035484164953232,-4.444480895996094,0.3126907496521767,1,4,5
"(0, 1, 1)",0.0,11.106399536132812,0.0,1,4,6
"(0, 1, 2)",0.22947487235069275,-0.9527270793914795,0.21862692492840807,1,4,6
"(0, 1, 3)",0.08033029735088348,-1.2886428833007812,0.1035170659946516,1,4,6
"(0, 1, 1)",0.0,10.867225646972656,0.0,1,4,7
"(0, 1, 2)",0.21951092779636383,0.8754546642303467,0.19217186558885757,1,4,7
"(0, 1, 3)",0.07035163789987564,1.48345947265625,0.10436380365945297,1,4,7
"(0, 1, 1)",0.0,17.100261688232422,0.0,1,5,0
"(0, 1, 2)",0.22947053611278534,-0.7809735536575317,0.17921042004770094,1,5,0
"(0, 1, 3)",0.08034937083721161,-14.36810302734375,1.1544680383713057,1,5,0
"(0, 1, 1)",0.0,16.833629608154297,0.0,1,5,1
"(0, 1, 2)",0.21950042247772217,1.0575042963027954,0.23212263981046988,1,5,1
"(0, 1, 3)",0.0903465673327446,-11.5386962890625,1.0424816012118754,1,5,1
"(0, 1, 1)",0.0,16.803665161132812,0.0,1,5,2
"(0, 1, 2)",0.2294740378856659,-1.1985706090927124,0.27504083735958673,1,5,2
"(0, 1, 3)",0.10034269094467163,-8.302200317382812,0.8330651206078983,1,5,2
"(0, 1, 1)",0.0,16.537090301513672,0.0,1,5,3
"(0, 1, 2)",0.21952302753925323,0.6431775093078613,0.14119227408841795,1,5,3
"(0, 1, 3)",0.11033686250448227,-5.4872894287109375,0.6054502992179778,1,5,3
"(0, 1, 1)",0.0,16.5069580078125,0.0,1,5,4
"(0, 1, 2)",0.2295033484697342,-1.6088507175445557,0.36923662686441006,1,5,4
"(0, 1, 3)",0.12032286822795868,-2.2668685913085938,0.27275613080212224,1,5,4
"(0, 1, 1)",0.0,16.240772247314453,0.0,1,5,5
"(0, 1, 2)",0.21963633596897125,0.2347448468208313,0.051558498043324796,1,5,5
"(0, 1, 3)",0.11038222163915634,0.5302352905273438,0.05852854935989171,1,5,5
"(0, 1, 1)",0.0,16.5050048828125,0.0,1,5,6
"(0, 1, 2)",0.22961637377738953,-1.5866155624389648,0.36431291202600846,1,5,6
"(0, 1, 3)",0.12036815285682678,-2.255462646484375,0.2714858725948943,1,5,6
"(0, 1, 1)",0.0,16.238765716552734,0.0,1,5,7
"(0, 1, 2)",0.2197379171848297,0.2571496367454529,0.05650552558328137,1,5,7
"(0, 1, 3)",0.11042627692222595,0.54150390625,0.05979626030602958,1,5,7
"(0, 1, 1)",0.0,16.5030517578125,0.0,1,5,8
"(0, 1, 2)",0.2297177016735077,-1.566831111907959,0.35992884193804286,1,5,8
"(0, 1, 3)",0.12041214108467102,-2.244232177734375,0.27023280161211005,1,5,8
"(0, 1, 1)",0.0,16.236865997314453,0.0,1,5,9
"(0, 1, 2)",0.21983052790164948,0.2772753834724426,0.06095359392287936,1,5,9
"(0, 1, 3)",0.11046908795833588,0.5527877807617188,0.0610659619752596,1,5,9
"(0, 1, 1)",0.0,16.501266479492188,0.0,1,5,10
"(0, 1, 2)",0.22981008887290955,-1.5486505031585693,0.3558955097639469,1,5,10
"(0, 1, 3)",0.12045488506555557,-2.2336578369140625,0.26905499802126087,1,5,10
"(0, 1, 1)",0.0,16.235137939453125,0.0,1,5,11
"(0, 1, 2)",0.21991610527038574,0.29529786109924316,0.0649407555076209,1,5,11
"(0, 1, 3)",0.11051075905561447,0.563507080078125,0.06227359515264652,1,5,11
"(0, 1, 1)",0.0,16.49970245361328,0.0,1,5,12
"(0, 1, 2)",0.2298954427242279,-1.5319726467132568,0.35219352985755137,1,5,12
"(0, 1, 3)",0.1204964816570282,-2.22259521484375,0.26781490353641857,1,5,12
"(0, 1, 1)",0.0,16.2335205078125,0.0,1,5,13
"(0, 1, 2)",0.21999581158161163,0.3121148943901062,0.06866396949806042,1,5,13
"(0, 1, 3)",0.11055131256580353,0.57427978515625,0.06348738402903109,1,5,13
"(0, 1, 1)",0.0,16.49819564819336,0.0,1,5,14
"(0, 1, 2)",0.2299749255180359,-1.5163629055023193,0.3487254462512084,1,5,14
"(0, 1, 3)",0.12053696811199188,-2.2118301391601562,0.2666072989530903,1,5,14
"(0, 1, 1)",0.0,16.231956481933594,0.0,1,5,15
"(0, 1, 2)",0.22007060050964355,0.3275817632675171,0.07209111535829038,1,5,15
"(0, 1, 3)",0.11059082299470901,0.584747314453125,0.064667686749317,1,5,15
"(0, 1, 1)",0.0,16.496688842773438,0.0,1,5,16
"(0, 1, 2)",0.2300495207309723,-1.5019220113754272,0.34551643889221495,1,5,16
"(0, 1, 3)",0.120576411485672,-2.2014694213867188,0.26544528282624924,1,5,16
"(0, 1, 1)",0.0,16.230449676513672,0.0,1,5,17
"(0, 1, 2)",0.2201411873102188,0.34203797578811646,0.07529664609517983,1,5,17
"(0, 1, 3)",0.11062934249639511,0.5950241088867188,0.0658271259356411,1,5,17
"(0, 1, 1)",0.0,16.4952392578125,0.0,1,5,18
"(0, 1, 2)",0.23011991381645203,-1.4883373975753784,0.3424960736598486,1,5,18
"(0, 1, 3)",0.12061486393213272,-2.1916275024414062,0.2643428529968901,1,5,18
"(0, 1, 1)",0.0,16.229110717773438,0.0,1,5,19
"(0, 1, 2)",0.2202080488204956,0.3559179902076721,0.07837600616374374,1,5,19
"(0, 1, 3)",0.1106669157743454,0.6051788330078125,0.06697327494089222,1,5,19
"(0, 1, 1)",0.0,16.493900299072266,0.0,1,5,20
"(0, 1, 2)",0.2301865965127945,-1.4753631353378296,0.3396088187438604,1,5,20
"(0, 1, 3)",0.12065237760543823,-2.181671142578125,0.2632238105052238,1,5,20
"(0, 1, 1)",0.0,16.227771759033203,0.0,1,5,21
"(0, 1, 2)",0.22027164697647095,0.36896848678588867,0.08127329626674396,1,5,21
"(0, 1, 3)",0.11070358753204346,0.6151962280273438,0.06810442947880802,1,5,21
"(0, 1, 1)",0.0,16.49261474609375,0.0,1,5,22
"(0, 1, 2)",0.2302500158548355,-1.4631097316741943,0.3368810389153474,1,5,22
"(0, 1, 3)",0.12068898230791092,-2.1718368530273438,0.262116779530686,1,5,22
"(0, 1, 1)",0.0,16.226486206054688,0.0,1,5,23
"(0, 1, 2)",0.2203323394060135,0.3812829852104187,0.08400897210712,1,5,23
"(0, 1, 3)",0.11073940992355347,0.624786376953125,0.06918847471206391,1,5,23
"(0, 1, 1)",0.0,16.491443634033203,0.0,1,5,24
"(0, 1, 2)",0.23031052947044373,-1.4513921737670898,0.3342709000095567,1,5,24
"(0, 1, 3)",0.12072473764419556,-2.1623992919921875,0.26105508720775106,1,5,24
"(0, 1, 1)",0.0,16.225261688232422,0.0,1,5,25
"(0, 1, 2)",0.2203904539346695,0.3928290009498596,0.08657576183804228,1,5,25
"(0, 1, 3)",0.11077441275119781,0.6343307495117188,0.0702676162671878,1,5,25
"(0, 1, 1)",0.0,16.490158081054688,0.0,1,5,26
"(0, 1, 2)",0.2303684800863266,-1.440288782119751,0.33179713762231344,1,5,26
"(0, 1, 3)",0.12075968086719513,-2.1532058715820312,0.26002045389361683,1,5,26
"(0, 1, 1)",0.0,16.22403335571289,0.0,1,5,27
"(0, 1, 2)",0.22044618427753448,0.40416502952575684,0.08909663857737016,1,5,27
"(0, 1, 3)",0.11080864816904068,0.643524169921875,0.071308043333147,1,5,27
"(0, 1, 1)",0.0,16.489044189453125,0.0,1,5,28
"(0, 1, 2)",0.23042404651641846,-1.4293932914733887,0.3293665862847206,1,5,28
"(0, 1, 3)",0.12079384922981262,-2.1437530517578125,0.2589521829199839,1,5,28
"(0, 1, 1)",0.0,21.212535858154297,0.0,1,6,0
"(0, 1, 2)",0.22048690915107727,0.5003881454467773,0.11032903556539964,1,6,0
"(0, 1, 3)",0.13079065084457397,-10.113998413085938,1.322816435088498,1,6,0
"(0, 1, 1)",0.0,21.179611206054688,0.0,1,6,1
"(0, 1, 2)",0.23046927154064178,-1.796217679977417,0.4139729802328169,1,6,1
"(0, 1, 3)",0.14078596234321594,-6.8309326171875,0.9616994222124049,1,6,1
"(0, 1, 1)",0.0,20.890548706054688,0.0,1,6,2
"(0, 1, 2)",0.22097188234329224,0.059763193130493164,0.013205985280890786,1,6,2
"(0, 1, 3)",0.15077801048755646,-4.00469970703125,0.6038206544262721,1,6,2
"(0, 1, 1)",0.0,20.852214813232422,0.0,1,6,3
"(0, 1, 2)",0.23095709085464478,-2.1451244354248047,0.4954316991269252,1,6,3
"(0, 1, 3)",0.16073590517044067,-0.74896240234375,0.12038514967935043,1,6,3
"(0, 1, 1)",0.0,20.56387710571289,0.0,1,6,4
"(0, 1, 2)",0.24084793031215668,-0.28671693801879883,0.0690551811072666,1,6,4
"(0, 1, 3)",0.15075138211250305,2.0498809814453125,0.3090223911190151,1,6,4
"(0, 1, 1)",0.0,24.092838287353516,0.0,1,7,0
"(0, 1, 2)",0.23086336255073547,2.0554347038269043,0.4745245672289542,1,7,0
"(0, 1, 3)",0.1607476770877838,-8.707382202148438,1.399691462510873,1,7,0
"(0, 1, 1)",0.0,24.05874252319336,0.0,1,7,1
"(0, 1, 2)",0.2407575249671936,-0.29581236839294434,0.07121905366896897,1,7,1
"(0, 1, 3)",0.1707417517900467,-5.3932952880859375,0.9208606854087975,1,7,1
"(0, 1, 1)",0.0,23.755115509033203,0.0,1,7,2
"(0, 1, 2)",0.2307778000831604,1.5618444681167603,0.3604390304240397,1,7,2
"(0, 1, 3)",0.18072934448719025,-2.559906005859375,0.46265013438778624,1,7,2
"(0, 1, 1)",0.0,23.721294403076172,0.0,1,7,3
"(0, 1, 2)",0.24073776602745056,-0.7879095077514648,0.1896795747278759,1,7,3
"(0, 1, 3)",0.17077228426933289,0.734344482421875,0.12540568470376456,1,7,3
"(0, 1, 1)",0.0,23.755001068115234,0.0,1,7,4
"(0, 1, 2)",0.23075810074806213,1.5568640232086182,0.35925898511860765,1,7,4
"(0, 1, 3)",0.18075983226299286,-2.55023193359375,0.4609794965481342,1,7,4
"(0, 1, 1)",0.0,23.721073150634766,0.0,1,7,5
"(0, 1, 2)",0.2407183051109314,-0.7928747534751892,0.1908594668217951,1,7,5
"(0, 1, 3)",0.17080222070217133,0.744049072265625,0.1270852338543591,1,7,5
"(0, 1, 1)",0.0,23.75466537475586,0.0,1,7,6
"(0, 1, 2)",0.23073869943618774,1.5520551204681396,0.35811917995009424,1,7,6
"(0, 1, 3)",0.18078972399234772,-2.5402679443359375,0.45925434052310266,1,7,6
"(0, 1, 1)",0.0,23.72073745727539,0.0,1,7,7
"(0, 1, 2)",0.2406991422176361,-0.7976531982421875,0.19199444060404858,1,7,7
"(0, 1, 3)",0.1708315759897232,0.7536468505859375,0.12874667922528715,1,7,7
"(0, 1, 1)",0.0,23.754497528076172,0.0,1,7,8
"(0, 1, 2)",0.23071961104869843,1.547166109085083,0.35696156291583847,1,7,8
"(0, 1, 3)",0.18081903457641602,-2.531097412109375,0.4576705904764822,1,7,8
"(0, 1, 1)",0.0,23.720569610595703,0.0,1,7,9
"(0, 1, 2)",0.2406802773475647,-0.8022924661636353,0.1930959732701254,1,7,9
"(0, 1, 3)",0.17086036503314972,0.763092041015625,0.13038218468182095,1,7,9
"(0, 1, 1)",0.0,23.754222869873047,0.0,1,7,10
"(0, 1, 2)",0.2307008057832718,1.542635440826416,0.35588723922848686,1,7,10
"(0, 1, 3)",0.18084777891635895,-2.52178955078125,0.45606003915327165,1,7,10
"(0, 1, 1)",0.0,23.720401763916016,0.0,1,7,11
"(0, 1, 2)",0.24066171050071716,-0.8069964647293091,0.1942131495697872,1,7,11
"(0, 1, 3)",0.17088863253593445,0.77227783203125,0.1319735026536364,1,7,11
"(0, 1, 1)",0.0,23.75405502319336,0.0,1,7,12
"(0, 1, 2)",0.23068229854106903,1.5380266904830933,0.3547955321781533,1,7,12
"(0, 1, 3)",0.1808760017156601,-2.5125274658203125,0.45445592221835795,1,7,12
"(0, 1, 1)",0.0,23.72012710571289,0.0,1,7,13
"(0, 1, 2)",0.24064341187477112,-0.8115441799163818,0.19529276034219123,1,7,13
"(0, 1, 3)",0.1709163784980774,0.7814788818359375,0.1335675403561254,1,7,13
"(0, 1, 1)",0.0,23.753887176513672,0.0,1,7,14
"(0, 1, 2)",0.23066405951976776,1.5334619283676147,0.35371455351628533,1,7,14
"(0, 1, 3)",0.18090370297431946,-2.5035247802734375,0.4528969032394343,1,7,14
"(0, 1, 1)",0.0,23.719905853271484,0.0,1,7,15
"(0, 1, 2)",0.24062538146972656,-0.8159850835800171,0.19634672201004832,1,7,15
"(0, 1, 3)",0.17094363272190094,0.790252685546875,0.13508866483562088,1,7,15
"(0, 1, 1)",0.0,23.753604888916016,0.0,1,7,16
"(0, 1, 2)",0.23064608871936798,1.5290533304214478,0.3526701701050303,1,7,16
"(0, 1, 3)",0.18093091249465942,-2.494842529296875,0.4513941353561677,1,7,16
"(0, 1, 1)",0.0,23.719738006591797,0.0,1,7,17
"(0, 1, 2)",0.2406076341867447,-0.8205347061157227,0.19742691440661986,1,7,17
"(0, 1, 3)",0.1709703952074051,0.7990264892578125,0.13660987464959362,1,7,17
"(0, 1, 1)",0.0,23.75338363647461,0.0,1,7,18
"(0, 1, 2)",0.23062840104103088,1.524501919746399,0.35159344013509397,1,7,18
"(0, 1, 3)",0.18095763027668,-2.4862213134765625,0.4499007172300935,1,7,18
"(0, 1, 1)",0.0,23.71945571899414,0.0,1,7,19
"(0, 1, 2)",0.2405901402235031,-0.8248364329338074,0.19844751306099884,1,7,19
"(0, 1, 3)",0.17099669575691223,0.8076629638671875,0.13810769810652346,1,7,19
"(0, 1, 1)",0.0,23.753215789794922,0.0,1,7,20
"(0, 1, 2)",0.23061096668243408,1.5202935934066772,0.35059637521662523,1,7,20
"(0, 1, 3)",0.18098388612270355,-2.4776611328125,0.4484167403115862,1,7,20
"(0, 1, 1)",0.0,23.719234466552734,0.0,1,7,21
"(0, 1, 2)",0.24057289958000183,-0.8291534185409546,0.1994718420950683,1,7,21
"(0, 1, 3)",0.17102254927158356,0.816070556640625,0.1395664669821599,1,7,21
"(0, 1, 1)",0.0,23.752880096435547,0.0,1,7,22
"(0, 1, 2)",0.23059378564357758,1.5160223245620728,0.3495853269409448,1,7,22
"(0, 1, 3)",0.1810096949338913,-2.4694976806640625,0.44700302181695406,1,7,22
"(0, 1, 1)",0.0,23.719120025634766,0.0,1,7,23
"(0, 1, 2)",0.24055591225624084,-0.8334264755249023,0.20048566611839647,1,7,23
"(0, 1, 3)",0.17104798555374146,0.82421875,0.14098095684312284,1,7,23
"(0, 1, 1)",0.0,23.75277328491211,0.0,1,7,24
"(0, 1, 2)",0.23057685792446136,1.5116254091262817,0.34854583719511645,1,7,24
"(0, 1, 3)",0.1810350865125656,-2.4612274169921875,0.44556851836227906,1,7,24
"(0, 1, 1)",0.0,23.71878433227539,0.0,1,7,25
"(0, 1, 2)",0.24053917825222015,-0.8375909328460693,0.20147343469830403,1,7,25
"(0, 1, 3)",0.17107300460338593,0.8323822021484375,0.14239812429991616,1,7,25
"(0, 1, 1)",0.0,26.65700912475586,0.0,1,8,0
"(0, 1, 2)",0.23055997490882874,1.5221160650253296,0.3509390417605651,1,8,0
"(0, 1, 3)",0.1810692846775055,-8.647476196289062,1.5657923291278166,1,8,0
"(0, 1, 1)",0.0,26.621463775634766,0.0,1,8,1
"(0, 1, 2)",0.2405230551958084,-0.854785144329071,0.2055955344500182,1,8,1
"(0, 1, 3)",0.19106325507164001,-5.305389404296875,1.01366496900755,1,8,1
"(0, 1, 1)",0.0,26.303829193115234,0.0,1,8,2
"(0, 1, 2)",0.23055391013622284,1.0238721370697021,0.23605772468095054,1,8,2
"(0, 1, 3)",0.20105038583278656,-2.466796875,0.49595046348986216,1,8,2
"(0, 1, 1)",0.0,26.268230438232422,0.0,1,8,3
"(0, 1, 2)",0.24053049087524414,-1.3506988286972046,0.3248842522911559,1,8,3
"(0, 1, 3)",0.19108735024929047,0.853851318359375,0.1631601859321563,1,8,3
"(0, 1, 1)",0.0,28.635303497314453,0.0,1,9,0
"(0, 1, 2)",0.23056147992610931,1.0194811820983887,0.23505309010142383,1,9,0
"(0, 1, 3)",0.2010830193758011,-7.402618408203125,1.4885408608083708,1,9,0
"(0, 1, 1)",0.0,28.59836196899414,0.0,1,9,1
"(0, 1, 2)",0.24053850769996643,-1.3774640560150146,0.3313331484441946,1,9,1
"(0, 1, 3)",0.21107512712478638,-4.0423583984375,0.8532413128341432,1,9,1
"(0, 1, 1)",0.0,28.269962310791016,0.0,1,9,2
"(0, 1, 2)",0.23060022294521332,0.5097759962081909,0.11755445837772704,1,9,2
"(0, 1, 3)",0.22104884684085846,-1.203033447265625,0.2659291562290491,1,9,2
"(0, 1, 1)",0.0,28.232906341552734,0.0,1,9,3
"(0, 1, 2)",0.2405833601951599,-1.8797192573547363,0.452229175157953,1,9,3
"(0, 1, 3)",0.21106374263763428,2.1305084228515625,0.4496730814480543,1,9,3
"(0, 1, 1)",0.0,28.269458770751953,0.0,1,9,4
"(0, 1, 2)",0.23064389824867249,0.519758939743042,0.11987922801193207,1,9,4
"(0, 1, 3)",0.22103755176067352,-1.2076416015625,0.26693414301371376,1,9,4
"(0, 1, 1)",0.0,30.27553939819336,0.0,1,10,0
"(0, 1, 2)",0.24062728881835938,-1.909041166305542,0.4593674000907413,1,10,0
"(0, 1, 3)",0.23102277517318726,-2.1472625732421875,0.4960665586959294,1,10,0
"(0, 1, 1)",0.0,29.937870025634766,0.0,1,10,1
"(0, 1, 2)",0.2489272505044937,-0.015439510345458984,0.003843314859430791,1,10,1
"(0, 1, 3)",0.2210685759782791,0.6883544921875,0.15217354735614208,1,10,1
"(0, 1, 1)",0.0,30.00014877319336,0.0,1,10,2
"(0, 1, 2)",0.23894274234771729,2.0478382110595703,0.4893160780350172,1,10,2
"(0, 1, 3)",0.23105645179748535,-2.618621826171875,0.6050494677547249,1,10,2
"(0, 1, 1)",0.0,29.962650299072266,0.0,1,10,3
"(0, 1, 2)",0.24886035919189453,-0.38098692893981934,0.09481254398338024,1,10,3
"(0, 1, 3)",0.2210988998413086,0.742889404296875,0.16425202999380417,1,10,3
"(0, 1, 1)",0.0,30.000431060791016,0.0,1,10,4
"(0, 1, 2)",0.23887595534324646,2.0322132110595703,0.4854468722530214,1,10,4
"(0, 1, 3)",0.23108671605587006,-2.607513427734375,0.602561715086722,1,10,4
"(0, 1, 1)",0.0,29.96298599243164,0.0,1,10,5
"(0, 1, 2)",0.2487967163324356,-0.3962554931640625,0.09858706552790863,1,10,5
"(0, 1, 3)",0.22112853825092316,0.7541046142578125,0.16675405103910634,1,10,5
"(0, 1, 1)",0.0,30.001094818115234,0.0,1,10,6
"(0, 1, 2)",0.2388124316930771,2.0179338455200195,0.48190768864439804,1,10,6
"(0, 1, 3)",0.23111630976200104,-2.596588134765625,0.6001138676788287,1,10,6
"(0, 1, 1)",0.0,29.963375091552734,0.0,1,10,7
"(0, 1, 2)",0.2487359493970871,-0.410677433013916,0.10215024119667504,1,10,7
"(0, 1, 3)",0.22115753591060638,0.7650146484375,0.16918875458395632,1,10,7
"(0, 1, 1)",0.0,30.00137710571289,0.0,1,10,8
"(0, 1, 2)",0.23875176906585693,2.003815174102783,0.4784144176980476,1,10,8
"(0, 1, 3)",0.2311452478170395,-2.585968017578125,0.597734218270034,1,10,8
"(0, 1, 1)",0.0,29.96371078491211,0.0,1,10,9
"(0, 1, 2)",0.2486777901649475,-0.42464351654052734,0.10559941130117068,1,10,9
"(0, 1, 3)",0.22118592262268066,0.77545166015625,0.17151899090094958,1,10,9
"(0, 1, 1)",0.0,30.001712799072266,0.0,1,10,10
"(0, 1, 2)",0.2386937141418457,1.9904041290283203,0.47509695420103526,1,10,10
"(0, 1, 3)",0.2311735898256302,-2.5756683349609375,0.5954264951931236,1,10,10
"(0, 1, 1)",0.0,29.964099884033203,0.0,1,10,11
"(0, 1, 2)",0.24862194061279297,-0.4378699064254761,0.10886406587144393,1,10,11
"(0, 1, 3)",0.22121374309062958,0.7858123779296875,0.1738324974887746,1,10,11
"(0, 1, 1)",0.0,30.001934051513672,0.0,1,10,12
"(0, 1, 2)",0.23863796889781952,1.977528691291809,0.4719134303270405,1,10,12
"(0, 1, 3)",0.23120136559009552,-2.565643310546875,0.593180237015531,1,10,12
"(0, 1, 1)",0.0,29.964542388916016,0.0,1,10,13
"(0, 1, 2)",0.24856820702552795,-0.4505584239959717,0.11199449961292629,1,10,13
"(0, 1, 3)",0.22124099731445312,0.796142578125,0.1761393779888749,1,10,13
"(0, 1, 1)",0.0,30.002216339111328,0.0,1,10,14
"(0, 1, 2)",0.23858433961868286,1.9650213718414307,0.468823326337386,1,10,14
"(0, 1, 3)",0.23122857511043549,-2.555755615234375,0.5909637292411389,1,10,14
"(0, 1, 1)",0.0,29.964603424072266,0.0,1,10,15
"(0, 1, 2)",0.24851642549037933,-0.46288084983825684,0.11503349422975262,1,10,15
"(0, 1, 3)",0.2212677299976349,0.8057861328125,0.17829446847099462,1,10,15
"(0, 1, 1)",0.0,30.00265884399414,0.0,1,10,16
"(0, 1, 2)",0.2385326623916626,1.9533642530441284,0.4659411758993173,1,10,16
"(0, 1, 3)",0.23125526309013367,-2.5457305908203125,0.5887135975367528,1,10,16
"(0, 1, 1)",0.0,29.965045928955078,0.0,1,10,17
"(0, 1, 2)",0.24846643209457397,-0.4747588634490967,0.1179616409064721,1,10,17
"(0, 1, 3)",0.22129397094249725,0.815338134765625,0.18042941350313413,1,10,17
"(0, 1, 1)",0.0,30.002826690673828,0.0,1,10,18
"(0, 1, 2)",0.2384827584028244,1.94158935546875,0.46303558517774945,1,10,18
"(0, 1, 3)",0.23128145933151245,-2.536468505859375,0.5866381375835772,1,10,18
"(0, 1, 1)",0.0,29.965328216552734,0.0,1,10,19
"(0, 1, 2)",0.24841807782649994,-0.48628413677215576,0.12080177053445773,1,10,19
"(0, 1, 3)",0.22131972014904022,0.824920654296875,0.18257120835414753,1,10,19
"(0, 1, 1)",0.0,30.003047943115234,0.0,1,10,20
"(0, 1, 2)",0.23843449354171753,1.9306206703186035,0.46032656174858744,1,10,20
"(0, 1, 3)",0.23130714893341064,-2.527008056640625,0.5845150289133016,1,10,20
"(0, 1, 1)",0.0,29.96554946899414,0.0,1,10,21
"(0, 1, 2)",0.24837127327919006,-0.49751949310302734,0.12356954998321612,1,10,21
"(0, 1, 3)",0.2213449776172638,0.8342437744140625,0.18465566957502233,1,10,21
"(0, 1, 1)",0.0,30.00333023071289,0.0,1,10,22
"(0, 1, 2)",0.238387793302536,1.9194122552871704,0.45756445197575246,1,10,22
"(0, 1, 3)",0.23133236169815063,-2.5181732177734375,0.5825349576325607,1,10,22
"(0, 1, 1)",0.0,29.965717315673828,0.0,1,10,23
"(0, 1, 2)",0.2483258992433548,-0.5082935094833374,0.12622244282201045,1,10,23
"(0, 1, 3)",0.22136980295181274,0.8430328369140625,0.1866220129895737,1,10,23
"(0, 1, 1)",0.0,30.00344467163086,0.0,1,10,24
"(0, 1, 2)",0.2383425086736679,1.9090099334716797,0.454998216626592,1,10,24
"(0, 1, 3)",0.231357142329216,-2.5092010498046875,0.5805215844122813,1,10,24
"(0, 1, 1)",0.0,29.965938568115234,0.0,1,10,25
"(0, 1, 2)",0.24828185141086578,-0.5186822414398193,0.12877938719861604,1,10,25
"(0, 1, 3)",0.22139419615268707,0.8519744873046875,0.188622206759419,1,10,25
"(0, 1, 1)",0.0,30.003719329833984,0.0,1,10,26
"(0, 1, 2)",0.23829855024814606,1.8988500833511353,0.45249322200114683,1,10,26
"(0, 1, 3)",0.23138150572776794,-2.500457763671875,0.5785596823670858,1,10,26
"(0, 1, 1)",0.0,29.966053009033203,0.0,1,10,27
"(0, 1, 2)",0.24823905527591705,-0.5289050340652466,0.13129488598703354,1,10,27
"(0, 1, 3)",0.22141818702220917,0.8603973388671875,0.190507618890706,1,10,27
"(0, 1, 1)",0.0,30.00394058227539,0.0,1,10,28
"(0, 1, 2)",0.2382558286190033,1.8889684677124023,0.4500577475099874,1,10,28
"(0, 1, 3)",0.23140545189380646,-2.49169921875,0.5765927836982883,1,10,28
"(0, 1, 1)",0.0,31.717281341552734,0.0,1,11,0
"(0, 1, 2)",0.2482006847858429,-0.5709301233291626,0.1417052475751639,1,11,0
"(0, 1, 3)",0.2413940727710724,-2.79150390625,0.6738524970860453,1,11,0
"(0, 1, 1)",0.0,31.371967315673828,0.0,1,11,1
"(0, 1, 2)",0.23822452127933502,1.3268792629241943,0.3160951772055931,1,11,1
"(0, 1, 3)",0.23197919130325317,0.0508880615234375,0.011804971359197225,1,11,1
"(0, 1, 1)",0.0,32.91878890991211,0.0,1,12,0
"(0, 1, 2)",0.24817337095737457,-0.6159241199493408,0.15285596510178223,1,12,0
"(0, 1, 3)",0.24197298288345337,-5.1454010009765625,1.2450480283378056,1,12,0
"(0, 1, 1)",0.0,32.56778335571289,0.0,1,12,1
"(0, 1, 2)",0.23819798231124878,1.285416841506958,0.30618369807585566,1,12,1
"(0, 1, 3)",0.2519591450691223,-2.291534423828125,0.5773730543241982,1,12,1
"(0, 1, 1)",0.0,32.52860641479492,0.0,1,12,2
"(0, 1, 2)",0.24817092716693878,-1.1685943603515625,0.29001114589050303,1,12,2
"(0, 1, 3)",0.24198800325393677,1.095062255859375,0.2649919287341618,1,12,2
"(0, 1, 1)",0.0,32.5673942565918,0.0,1,12,3
"(0, 1, 2)",0.23819555342197418,1.2843645811080933,0.3059299321926243,1,12,3
"(0, 1, 3)",0.2519741356372833,-2.2868499755859375,0.5762270459304091,1,12,3
"(0, 1, 1)",0.0,32.52827072143555,0.0,1,12,4
"(0, 1, 2)",0.24816851317882538,-1.1695685386657715,0.29025008530141605,1,12,4
"(0, 1, 3)",0.24200287461280823,1.0998992919921875,0.2661787904467019,1,12,4
"(0, 1, 1)",0.0,33.49568557739258,0.0,1,13,0
"(0, 1, 2)",0.23819345235824585,1.2682647705078125,0.30209236419159424,1,13,0
"(0, 1, 3)",0.251995325088501,-4.2234039306640625,1.0642780464877433,1,13,0
"(0, 1, 1)",0.0,33.45566940307617,0.0,1,13,1
"(0, 1, 2)",0.2481669932603836,-1.194919466972351,0.2965395713068286,1,13,1
"(0, 1, 3)",0.2619568407535553,-0.820281982421875,0.21487847664229776,1,13,1
"(0, 1, 1)",0.0,33.1008186340332,0.0,1,13,2
"(0, 1, 2)",0.23821106553077698,0.7153338193893433,0.17040043132693583,1,13,2
"(0, 1, 3)",0.25197261571884155,2.011016845703125,0.5067211748664704,1,13,2
"(0, 1, 1)",0.0,34.11555099487305,0.0,1,14,0
"(0, 1, 2)",0.24818488955497742,-1.2077118158340454,0.2997358236270138,1,14,0
"(0, 1, 3)",0.26195818185806274,-2.1978912353515625,0.5757555919344668,1,14,0
"(0, 1, 1)",0.0,33.7570686340332,0.0,1,14,1
"(0, 1, 2)",0.23822970688343048,0.7034618854522705,0.16758551877495975,1,14,1
"(0, 1, 3)",0.2520069479942322,0.6463470458984375,0.16288394638195314,1,14,1
"(0, 1, 1)",0.0,34.11454391479492,0.0,1,14,2
"(0, 1, 2)",0.24820345640182495,-1.204617977142334,0.29899034557050186,1,14,2
"(0, 1, 3)",0.2619924545288086,-2.1878509521484375,0.5732004410965601,1,14,2
"(0, 1, 1)",0.0,33.756229400634766,0.0,1,14,3
"(0, 1, 2)",0.2382480800151825,0.7065863609313965,0.16834284385681997,1,14,3
"(0, 1, 3)",0.25204044580459595,0.6565704345703125,0.16548230503121886,1,14,3
"(0, 1, 1)",0.0,34.11354446411133,0.0,1,14,4
"(0, 1, 2)",0.248221755027771,-1.2015222311019897,0.29824395690901895,1,14,4
"(0, 1, 3)",0.2620258927345276,-2.1778106689453125,0.5706427847371742,1,14,4
"(0, 1, 1)",0.0,33.7551155090332,0.0,1,14,5
"(0, 1, 2)",0.23826618492603302,0.7095562219619751,0.1690632539974093,1,14,5
"(0, 1, 3)",0.2520731985569,0.6664276123046875,0.16798853984028028,1,14,5
"(0, 1, 1)",0.0,34.11265182495117,0.0,1,14,6
"(0, 1, 2)",0.24823980033397675,-1.1983331441879272,0.2974739804467976,1,14,6
"(0, 1, 3)",0.2620585560798645,-2.1678619384765625,0.568106769377664,1,14,6
"(0, 1, 1)",0.0,33.75422286987305,0.0,1,14,7
"(0, 1, 2)",0.23828403651714325,0.7128082513809204,0.16985082740177226,1,14,7
"(0, 1, 3)",0.252105176448822,0.676177978515625,0.17046796858448943,1,14,7
"(0, 1, 1)",0.0,34.11164474487305,0.0,1,14,8
"(0, 1, 2)",0.2482575923204422,-1.1954376697540283,0.296776477662295,1,14,8
"(0, 1, 3)",0.2620904743671417,-2.158660888671875,0.5657644563098074,1,14,8
"(0, 1, 1)",0.0,33.75338363647461,0.0,1,14,9
"(0, 1, 2)",0.23830164968967438,0.7157342433929443,0.17056065093992956,1,14,9
"(0, 1, 3)",0.2521364390850067,0.685638427734375,0.17287443166878802,1,14,9
"(0, 1, 1)",0.0,34.11086654663086,0.0,1,14,10
"(0, 1, 2)",0.24827513098716736,-1.1923096179962158,0.29602082658526996,1,14,10
"(0, 1, 3)",0.26212167739868164,-2.149200439453125,0.5633520242554368,1,14,10
"(0, 1, 1)",0.0,33.752437591552734,0.0,1,14,11
"(0, 1, 2)",0.2383190095424652,0.7187231779098511,0.17128539589468872,1,14,11
"(0, 1, 3)",0.2521670460700989,0.6949462890625,0.1752425528902677,1,14,11
"(0, 1, 1)",0.0,34.11002731323242,0.0,1,14,12
"(0, 1, 2)",0.24829243123531342,-1.1894598007202148,0.29533386577749354,1,14,12
"(0, 1, 3)",0.26215222477912903,-2.13983154296875,0.5609615996418142,1,14,12
"(0, 1, 1)",0.0,33.75149154663086,0.0,1,14,13
"(0, 1, 2)",0.23833611607551575,0.7217119932174683,0.17201003338857035,1,14,13
"(0, 1, 3)",0.2521969974040985,0.70404052734375,0.17755690704689187,1,14,13
"(0, 1, 1)",0.0,34.109073638916016,0.0,1,14,14
"(0, 1, 2)",0.24830947816371918,-1.1866711378097534,0.29466169098148676,1,14,14
"(0, 1, 3)",0.2621821165084839,-2.1312103271484375,0.5587652342965157,1,14,14
"(0, 1, 1)",0.0,33.75059127807617,0.0,1,14,15
"(0, 1, 2)",0.23835299909114838,0.724639892578125,0.17272009165708369,1,14,15
"(0, 1, 3)",0.2522263526916504,0.71282958984375,0.17979440753697418,1,14,15
"(0, 1, 1)",0.0,34.10824203491211,0.0,1,14,16
"(0, 1, 2)",0.24832628667354584,-1.1835851669311523,0.29391530946590194,1,14,16
"(0, 1, 3)",0.262211412191391,-2.1223907470703125,0.556515075011248,1,14,16
"(0, 1, 1)",0.0,33.749759674072266,0.0,1,14,17
"(0, 1, 2)",0.2383696287870407,0.7274762392044067,0.17340824109054687,1,14,17
"(0, 1, 3)",0.2522551119327545,0.7215118408203125,0.1820050501669357,1,14,17
"(0, 1, 1)",0.0,34.760921478271484,0.0,1,15,0
"(0, 1, 2)",0.24834322929382324,-1.197843074798584,0.297476217382723,1,15,0
"(0, 1, 3)",0.26224595308303833,-3.470855712890625,0.9102178644407104,1,15,0
"(0, 1, 1)",0.0,34.39914321899414,0.0,1,15,1
"(0, 1, 2)",0.2383873611688614,0.7145770788192749,0.17034614417148042,1,15,1
"(0, 1, 3)",0.27219513058662415,-0.6199493408203125,0.16874719178167652,1,15,1
"(0, 1, 1)",0.0,34.35935592651367,0.0,1,15,2
"(0, 1, 2)",0.24836932122707367,-1.7559020519256592,0.43611220077800184,1,15,2
"(0, 1, 3)",0.2622066140174866,2.7693023681640625,0.7261293971469058,1,15,2
"(0, 1, 1)",0.0,34.399532318115234,0.0,1,15,3
"(0, 1, 2)",0.2384130209684372,0.7215765714645386,0.17203325026290806,1,15,3
"(0, 1, 3)",0.27215683460235596,-0.6331329345703125,0.1723114553551568,1,15,3
"(0, 1, 1)",0.0,34.35957717895508,0.0,1,15,4
"(0, 1, 2)",0.2483949065208435,-1.749100923538208,0.4344677603977942,1,15,4
"(0, 1, 3)",0.26216834783554077,2.756683349609375,0.7227151192728343,1,15,4
"(0, 1, 1)",0.0,34.4000358581543,0.0,1,15,5
"(0, 1, 2)",0.238438218832016,0.7281872034072876,0.17362765975670058,1,15,5
"(0, 1, 3)",0.27211955189704895,-0.645599365234375,0.17568020997259737,1,15,5
"(0, 1, 1)",0.0,34.35996627807617,0.0,1,15,6
"(0, 1, 2)",0.24842004477977753,-1.7427074909210205,0.43292347293265365,1,15,6
"(0, 1, 3)",0.26213112473487854,2.7443389892578125,0.7193766659079301,1,15,6
"(0, 1, 1)",0.0,34.4002571105957,0.0,1,15,7
"(0, 1, 2)",0.23846296966075897,0.7346911430358887,0.17519663175179545,1,15,7
"(0, 1, 3)",0.27208322286605835,-0.658111572265625,0.1790611175874801,1,15,7
"(0, 1, 1)",0.0,34.36030197143555,0.0,1,15,8
"(0, 1, 2)",0.24844472110271454,-1.7360455989837646,0.4313113646611164,1,15,8
"(0, 1, 3)",0.2620948553085327,2.7321624755859375,0.7160857287180988,1,15,8
"(0, 1, 1)",0.0,34.40065383911133,0.0,1,15,9
"(0, 1, 2)",0.23848727345466614,0.7412750720977783,0.17678467082451021,1,15,9
"(0, 1, 3)",0.27204781770706177,-0.6699676513671875,0.18226323748876894,1,15,9
"(0, 1, 1)",0.0,34.360469818115234,0.0,1,15,10
"(0, 1, 2)",0.24846896529197693,-1.7297399044036865,0.4297866842714271,1,15,10
"(0, 1, 3)",0.2620595097541809,2.7206573486328125,0.7129741309918245,1,15,10
"(0, 1, 1)",0.0,34.400875091552734,0.0,1,15,11
"(0, 1, 2)",0.23851116001605988,0.7474701404571533,0.17827997027780285,1,15,11
"(0, 1, 3)",0.27201327681541443,-0.6817474365234375,0.18544435416924898,1,15,11
"(0, 1, 1)",0.0,34.3609733581543,0.0,1,15,12
"(0, 1, 2)",0.2484927773475647,-1.723278284072876,0.4282222069520145,1,15,12
"(0, 1, 3)",0.26202499866485596,2.7091827392578125,0.7098736036368791,1,15,12
"(0, 1, 1)",0.0,34.798526763916016,0.0,1,16,0
"(0, 1, 2)",0.23853515088558197,0.7443701028823853,0.17755843480576594,1,16,0
"(0, 1, 3)",0.2720041573047638,-1.5191650390625,0.4132192062570539,1,16,0
"(0, 1, 1)",0.0,34.75784683227539,0.0,1,16,1
"(0, 1, 2)",0.24851685762405396,-1.7312695980072021,0.430249680196809,1,16,1
"(0, 1, 3)",0.2620209753513336,1.885833740234375,0.49412799596666446,1,16,1
"(0, 1, 1)",0.0,34.79830551147461,0.0,1,16,2
"(0, 1, 2)",0.23855891823768616,0.7497992515563965,0.17887129834672066,1,16,2
"(0, 1, 3)",0.27200016379356384,-1.52099609375,0.4137111866293708,1,16,2
"(0, 1, 1)",0.0,34.757572174072266,0.0,1,16,3
"(0, 1, 2)",0.24854056537151337,-1.7259149551391602,0.428959878733437,1,16,3
"(0, 1, 3)",0.26201698184013367,1.88427734375,0.49371266255911905,1,16,3
"(0, 1, 1)",0.0,34.797969818115234,0.0,1,16,4
"(0, 1, 2)",0.23858234286308289,0.7551062107086182,0.18015500886132685,1,16,4
"(0, 1, 3)",0.2719962000846863,-1.5229339599609375,0.41423225008929876,1,16,4
"(0, 1, 1)",0.0,35.41270065307617,0.0,1,17,0
"(0, 1, 2)",0.24856416881084442,-1.7427153587341309,0.4331765946176418,1,17,0
"(0, 1, 3)",0.2620556354522705,0.529571533203125,0.1387772046509781,1,17,0
"(0, 1, 1)",0.0,35.45266342163086,0.0,1,17,1
"(0, 1, 2)",0.23860657215118408,0.7436468601226807,0.1774390281848639,1,17,1
"(0, 1, 3)",0.2720445692539215,-2.8745880126953125,0.7820160576961825,1,17,1
"(0, 1, 1)",0.0,36.06504440307617,0.0,1,18,0
"(0, 1, 2)",0.24858857691287994,-1.7606611251831055,0.43768024353509816,1,18,0
"(0, 1, 3)",0.2820053696632385,-0.8052215576171875,0.22707680301664368,1,18,0
"(0, 1, 1)",0.0,35.69618606567383,0.0,1,18,1
"(0, 1, 2)",0.23878346383571625,0.15915393829345703,0.03800332866880751,1,18,1
"(0, 1, 3)",0.27202099561691284,2.030792236328125,0.5524181260170735,1,18,1
"(0, 1, 1)",0.0,36.196353912353516,0.0,1,19,0
"(0, 1, 2)",0.24876509606838226,-1.725430965423584,0.4292269998729594,1,19,0
"(0, 1, 3)",0.2819920778274536,-1.0934906005859375,0.3083556865440187,1,19,0
"(0, 1, 1)",0.0,36.22163009643555,0.0,1,20,0
"(0, 1, 2)",0.23893576860427856,0.18219304084777832,0.04353243424931463,1,20,0
"(0, 1, 3)",0.272026002407074,0.9307403564453125,0.25318557844275347,1,20,0
"(0, 1, 1)",0.0,36.724979400634766,0.0,1,21,0
"(0, 1, 2)",0.24891723692417145,-1.7094902992248535,0.4255216018317256,1,21,0
"(0, 1, 3)",0.2820115387439728,-2.1923828125,0.6182772504689638,1,21,0
"(0, 1, 1)",0.0,36.35226821899414,0.0,1,21,1
"(0, 1, 2)",0.23906484246253967,0.21116161346435547,0.050481317856991836,1,21,1
"(0, 1, 3)",0.27205953001976013,0.6565399169921875,0.17861794125610686,1,21,1
"(0, 1, 1)",0.0,36.72196578979492,0.0,1,21,2
"(0, 1, 2)",0.24904601275920868,-1.6821227073669434,0.4189259532414624,1,21,2
"(0, 1, 3)",0.28204500675201416,-2.1859283447265625,0.6165301747478225,1,21,2
"(0, 1, 1)",0.0,36.3494758605957,0.0,1,21,3
"(0, 1, 2)",0.23917675018310547,0.23883962631225586,0.05712488563631268,1,21,3
"(0, 1, 3)",0.2720925211906433,0.6634979248046875,0.1805328231648673,1,21,3
"(0, 1, 1)",0.0,36.71934127807617,0.0,1,21,4
"(0, 1, 2)",0.24915765225887299,-1.6583881378173828,0.4132000949525434,1,21,4
"(0, 1, 3)",0.28207796812057495,-2.1785736083984375,0.6145276168581404,1,21,4
"(0, 1, 1)",0.0,36.346858978271484,0.0,1,21,5
"(0, 1, 2)",0.2392767369747162,0.2625250816345215,0.06281614490752929,1,21,5
"(0, 1, 3)",0.2721249759197235,0.6703643798828125,0.18242289073305074,1,21,5
"(0, 1, 1)",0.0,36.71711349487305,0.0,1,21,6
"(0, 1, 2)",0.2492573857307434,-1.6370105743408203,0.40803697617377566,1,21,6
"(0, 1, 3)",0.2821103632450104,-2.1712493896484375,0.6125319540092278,1,21,6
"(0, 1, 1)",0.0,36.34445571899414,0.0,1,21,7
"(0, 1, 2)",0.23936758935451508,0.2839484214782715,0.06796804915027366,1,21,7
"(0, 1, 3)",0.27215686440467834,0.67779541015625,0.18446667353600787,1,21,7
"(0, 1, 1)",0.0,36.71499252319336,0.0,1,21,8
"(0, 1, 2)",0.2493480145931244,-1.618107795715332,0.40347196625927495,1,21,8
"(0, 1, 3)",0.28214219212532043,-2.1639251708984375,0.6105345913124438,1,21,8
"(0, 1, 1)",0.0,36.34250259399414,0.0,1,21,9
"(0, 1, 2)",0.2394513040781021,0.3032073974609375,0.07260340672814891,1,21,9
"(0, 1, 3)",0.2721881866455078,0.685394287109375,0.18655622814549133,1,21,9
"(0, 1, 1)",0.0,36.71287155151367,0.0,1,21,10
"(0, 1, 2)",0.2494315207004547,-1.6004736423492432,0.3992085744521674,1,21,10
"(0, 1, 3)",0.2821734845638275,-2.1564788818359375,0.6085011604759529,1,21,10
"(0, 1, 1)",0.0,36.34038162231445,0.0,1,21,11
"(0, 1, 2)",0.23952922224998474,0.32073116302490234,0.07682448603068792,1,21,11
"(0, 1, 3)",0.2722190022468567,0.6926116943359375,0.1885420643766338,1,21,11
"(0, 1, 1)",0.0,36.71091842651367,0.0,1,21,12
"(0, 1, 2)",0.24950923025608063,-1.5841741561889648,0.39526607430228466,1,21,12
"(0, 1, 3)",0.2822042405605316,-2.1490936279296875,0.6064833351633752,1,21,12
"(0, 1, 1)",0.0,36.33842849731445,0.0,1,21,13
"(0, 1, 2)",0.2396022528409958,0.33702874183654785,0.08075284581620323,1,21,13
"(0, 1, 3)",0.2722492814064026,0.6998748779296875,0.19054043259075115,1,21,13
"(0, 1, 1)",0.0,36.70918655395508,0.0,1,21,14
"(0, 1, 2)",0.24958206713199615,-1.5689160823822021,0.3915733189975832,1,21,14
"(0, 1, 3)",0.28223446011543274,-2.14154052734375,0.6044165345501824,1,21,14
"(0, 1, 1)",0.0,36.72531509399414,0.0,1,22,0
"(0, 1, 2)",0.2396741658449173,0.3404254913330078,0.08159119566758477,1,22,0
"(0, 1, 3)",0.29191410541534424,-0.0955657958984375,0.027897003817997756,1,22,0
"(0, 1, 1)",0.0,36.81571578979492,0.0,1,23,0
"(0, 1, 2)",0.24965937435626984,-2.1446545124053955,0.535433103777482,1,23,0
"(0, 1, 3)",0.2819248139858246,2.96966552734375,0.8372224013965024,1,23,0
"(0, 1, 1)",0.0,36.85740280151367,0.0,1,23,1
"(0, 1, 2)",0.2397458851337433,0.36266231536865234,0.08694679780271031,1,23,1
"(0, 1, 3)",0.29185616970062256,-0.457916259765625,0.1336456856188306,1,23,1
"(0, 1, 1)",0.0,36.81588363647461,0.0,1,23,2
"(0, 1, 2)",0.24973097443580627,-2.1268298625946045,0.5311352940449225,1,23,2
"(0, 1, 3)",0.2818669378757477,2.9495391845703125,0.8313775780993637,1,23,2
"(0, 1, 1)",0.0,36.85740280151367,0.0,1,23,3
"(0, 1, 2)",0.23981353640556335,0.3801898956298828,0.09117468337666423,1,23,3
"(0, 1, 3)",0.29180118441581726,-0.4781494140625,0.13952456535116653,1,23,3
"(0, 1, 1)",0.0,36.81571578979492,0.0,1,23,4
"(0, 1, 2)",0.2497985064983368,-2.11051869392395,0.5272044176790232,1,23,4
"(0, 1, 3)",0.28181204199790955,2.93011474609375,0.8257416198848659,1,23,4
"(0, 1, 1)",0.0,36.85751724243164,0.0,1,23,5
"(0, 1, 2)",0.2398776412010193,0.39674854278564453,0.09517110459336209,1,23,5
"(0, 1, 3)",0.2917487323284149,-0.4969329833984375,0.1449795679586714,1,23,5
"(0, 1, 1)",0.0,36.81594467163086,0.0,1,23,6
"(0, 1, 2)",0.24986249208450317,-2.094616174697876,0.5233660173705204,1,23,6
"(0, 1, 3)",0.281759649515152,2.912017822265625,0.8204891209834386,1,23,6
"(0, 1, 1)",0.0,36.85740280151367,0.0,1,23,7
"(0, 1, 2)",0.23993860185146332,0.41268181800842285,0.09901829842246102,1,23,7
"(0, 1, 3)",0.2916986346244812,-0.5156097412109375,0.15040265751031257,1,23,7
"(0, 1, 1)",0.0,36.81577682495117,0.0,1,23,8
"(0, 1, 2)",0.24992334842681885,-2.0796990394592285,0.5197653476616892,1,23,8
"(0, 1, 3)",0.28170961141586304,2.89422607421875,0.8153313027178228,1,23,8
"(0, 1, 1)",0.0,36.85762405395508,0.0,1,23,9
"(0, 1, 2)",0.2399967908859253,0.42778563499450684,0.10266717958577942,1,23,9
"(0, 1, 3)",0.29165056347846985,-0.5328826904296875,0.15541553693174137,1,23,9
"(0, 1, 1)",0.0,36.81594467163086,0.0,1,23,10
"(0, 1, 2)",0.24998143315315247,-2.0654265880584717,0.5163182985554826,1,23,10
"(0, 1, 3)",0.28166159987449646,2.877593994140625,0.8105077281788908,1,23,10
"(0, 1, 1)",0.0,36.85762405395508,0.0,1,23,11
"(0, 1, 2)",0.24005252122879028,0.44205617904663086,0.10611670030490927,1,23,11
"(0, 1, 3)",0.2916043698787689,-0.550048828125,0.1603966419279459,1,23,11
"(0, 1, 1)",0.0,36.81594467163086,0.0,1,23,12
"(0, 1, 2)",0.2500370740890503,-2.0517072677612305,0.5130028821182577,1,23,12
"(0, 1, 3)",0.2816154658794403,2.86175537109375,0.805914572063557,1,23,12
"(0, 1, 1)",0.0,36.85768508911133,0.0,1,23,13
"(0, 1, 2)",0.24010606110095978,0.45563483238220215,0.1094006849036866,1,23,13
"(0, 1, 3)",0.2915598452091217,-0.566009521484375,0.16502564847087342,1,23,13
"(0, 1, 1)",0.0,36.81594467163086,0.0,1,23,14
"(0, 1, 2)",0.25009050965309143,-2.038508415222168,0.5098116084950277,1,23,14
"(0, 1, 3)",0.28157100081443787,2.8460540771484375,0.8013662948746969,1,23,14
"(0, 1, 1)",0.0,36.857852935791016,0.0,1,23,15
"(0, 1, 2)",0.24015754461288452,0.46901845932006836,0.11263832156842568,1,23,15
"(0, 1, 3)",0.29151684045791626,-0.5813446044921875,0.16947174231881945,1,23,15
"(0, 1, 1)",0.0,36.81594467163086,0.0,1,23,16
"(0, 1, 2)",0.2501418888568878,-2.0260682106018066,0.5068045291528307,1,23,16
"(0, 1, 3)",0.2815280556678772,2.831024169921875,0.7970127301068715,1,23,16
"(0, 1, 1)",0.0,36.857852935791016,0.0,1,23,17
"(0, 1, 2)",0.24020718038082123,0.481708288192749,0.11570978967285228,1,23,17
"(0, 1, 3)",0.29147523641586304,-0.596405029296875,0.17383729691391636,1,23,17
"(0, 1, 1)",0.0,36.81594467163086,0.0,1,23,18
"(0, 1, 2)",0.25019142031669617,-2.013681650161743,0.503805872119635,1,23,18
"(0, 1, 3)",0.28148651123046875,2.8163604736328125,0.792767484090291,1,23,18
"(0, 1, 1)",0.0,36.85773849487305,0.0,1,23,19
"(0, 1, 2)",0.24025513231754303,0.49367189407348633,0.11860720623207754,1,23,19
"(0, 1, 3)",0.29143497347831726,-0.61114501953125,0.17810903255849553,1,23,19
"(0, 1, 1)",0.0,36.8160514831543,0.0,1,23,20
"(0, 1, 2)",0.2502392828464508,-2.0019452571868896,0.5009653454563008,1,23,20
"(0, 1, 3)",0.28144630789756775,2.8026885986328125,0.7888063582718132,1,23,20
"(0, 1, 1)",0.0,36.85773849487305,0.0,1,23,21
"(0, 1, 2)",0.24030151963233948,0.5055017471313477,0.12147283801246544,1,23,21
"(0, 1, 3)",0.291395902633667,-0.625152587890625,0.1821669026321615,1,23,21
"(0, 1, 1)",0.0,36.8160514831543,0.0,1,23,22
"(0, 1, 2)",0.2502855956554413,-1.9905767440795898,0.49821268608982905,1,23,22
"(0, 1, 3)",0.28140729665756226,2.7887725830078125,0.7847809535769557,1,23,22
"(0, 1, 1)",0.0,36.857852935791016,0.0,1,23,23
"(0, 1, 2)",0.24034643173217773,0.5171806812286377,0.12430253129411994,1,23,23
"(0, 1, 3)",0.29135796427726746,-0.638763427734375,0.18610881195945694,1,23,23
"(0, 1, 1)",0.0,36.816165924072266,0.0,1,23,24
"(0, 1, 2)",0.2503304183483124,-1.9794831275939941,0.49552483944403036,1,23,24
"(0, 1, 3)",0.2813694179058075,2.7757568359375,0.7810130851758004,1,23,24
"(0, 1, 1)",0.0,36.857852935791016,0.0,1,23,25
"(0, 1, 2)",0.24038997292518616,0.5283832550048828,0.1270180363647455,1,23,25
"(0, 1, 3)",0.2913210690021515,-0.6519622802734375,0.18993034843833811,1,23,25
"(0, 1, 1)",0.0,36.816219329833984,0.0,1,23,26
"(0, 1, 2)",0.25037387013435364,-1.9688677787780762,0.49295304555549535,1,23,26
"(0, 1, 3)",0.2813325822353363,2.7628326416015625,0.777274841345843,1,23,26
"(0, 1, 1)",0.0,36.857791900634766,0.0,1,23,27
"(0, 1, 2)",0.24043229222297668,0.5388097763061523,0.12954726958943752,1,23,27
"(0, 1, 3)",0.2912851572036743,-0.664764404296875,0.19363600400902214,1,23,27
"(0, 1, 1)",0.0,36.816219329833984,0.0,1,23,28
"(0, 1, 2)",0.250416100025177,-1.9584357738494873,0.49042384863717814,1,23,28
"(0, 1, 3)",0.2812967002391815,2.7502899169921875,0.7736474783509948,1,23,28
"(0, 1, 1)",0.0,36.857852935791016,0.0,1,23,29
"(0, 1, 2)",0.2404734045267105,0.5492877960205078,0.13208910637402482,1,23,29
"(0, 1, 3)",0.29125016927719116,-0.67755126953125,0.19733692194495234,1,23,29
"(0, 1, 1)",0.0,36.816165924072266,0.0,1,23,30
"(0, 1, 2)",0.25045713782310486,-1.9483258724212646,0.4879721215533337,1,23,30
"(0, 1, 3)",0.28126177191734314,2.7381744384765625,0.770143794384694,1,23,30
"(0, 1, 1)",0.0,36.85807418823242,0.0,1,23,31
"(0, 1, 2)",0.240513414144516,0.5594587326049805,0.1345573298517877,1,23,31
"(0, 1, 3)",0.29121604561805725,-0.689483642578125,0.20078869990993553,1,23,31
"(0, 1, 1)",0.0,36.8162727355957,0.0,1,23,32
"(0, 1, 2)",0.25049707293510437,-1.9384162425994873,0.48556759490103474,1,23,32
"(0, 1, 3)",0.281227707862854,2.7264862060546875,0.7667634662484488,1,23,32
"(0, 1, 1)",0.0,36.85807418823242,0.0,1,23,33
"(0, 1, 2)",0.2405523806810379,0.5693378448486328,0.13695557399015001,1,23,33
"(0, 1, 3)",0.2911827564239502,-0.701416015625,0.20424024882959202,1,23,33
"(0, 1, 1)",0.0,36.81638717651367,0.0,1,23,34
"(0, 1, 2)",0.2505359351634979,-1.9287657737731934,0.4832251368436147,1,23,34
"(0, 1, 3)",0.28119444847106934,2.71478271484375,0.7633818282192806,1,23,34
"(0, 1, 1)",0.0,36.85807418823242,0.0,1,23,35
"(0, 1, 2)",0.24059031903743744,0.5789556503295898,0.1392911246213231,1,23,35
"(0, 1, 3)",0.2911502420902252,-0.713104248046875,0.20762047445441567,1,23,35
"(0, 1, 1)",0.0,36.81638717651367,0.0,1,23,36
"(0, 1, 2)",0.2505738139152527,-1.9195501804351807,0.4809890097133547,1,23,36
"(0, 1, 3)",0.28116199374198914,2.7034149169921875,0.7600975279733575,1,23,36
"(0, 1, 1)",0.0,36.85812759399414,0.0,1,23,37
"(0, 1, 2)",0.24062734842300415,0.5882799625396729,0.1415562475163057,1,23,37
"(0, 1, 3)",0.29111847281455994,-0.724395751953125,0.21088498502194852,1,23,37
"(0, 1, 1)",0.0,36.81638717651367,0.0,1,23,38
"(0, 1, 2)",0.2506107687950134,-1.910283088684082,0.4787375134712306,1,23,38
"(0, 1, 3)",0.28113028407096863,2.6923980712890625,0.7569146346136222,1,23,38
"(0, 1, 1)",0.0,36.85812759399414,0.0,1,23,39
"(0, 1, 2)",0.24066348373889923,0.5975298881530762,0.14380362452103412,1,23,39
"(0, 1, 3)",0.29108738899230957,-0.7353973388671875,0.2140648912427423,1,23,39
"(0, 1, 1)",0.0,36.81638717651367,0.0,1,23,40
"(0, 1, 2)",0.25064679980278015,-1.9014031887054443,0.4765806243838213,1,23,40
"(0, 1, 3)",0.28109923005104065,2.6814117431640625,0.7537427764532367,1,23,40
"(0, 1, 1)",0.0,36.85812759399414,0.0,1,23,41
"(0, 1, 2)",0.24069873988628387,0.6063947677612305,0.14595845647376393,1,23,41
"(0, 1, 3)",0.29105696082115173,-0.7462310791015625,0.21719574995358926,1,23,41
"(0, 1, 1)",0.0,36.81655502319336,0.0,1,23,42
"(0, 1, 2)",0.25068199634552,-1.8927538394927979,0.47447931107470254,1,23,42
"(0, 1, 3)",0.2810688614845276,2.6711578369140625,0.750779292066909,1,23,42
"(0, 1, 1)",0.0,36.85829544067383,0.0,1,23,43
"(0, 1, 2)",0.24073320627212524,0.615246057510376,0.14811015607075717,1,23,43
"(0, 1, 3)",0.2910271883010864,-0.7567138671875,0.22022430911601987,1,23,43
"(0, 1, 1)",0.0,36.81655502319336,0.0,1,23,44
"(0, 1, 2)",0.2507163882255554,-1.8843200206756592,0.4724299098449052,1,23,44
"(0, 1, 3)",0.28103911876678467,2.6605987548828125,0.7477323294642702,1,23,44
"(0, 1, 1)",0.0,36.85834884643555,0.0,1,23,45
"(0, 1, 2)",0.24076691269874573,0.6236169338226318,0.1501463238631331,1,23,45
"(0, 1, 3)",0.2909979820251465,-0.7669830322265625,0.22319051462545758,1,23,45
"(0, 1, 1)",0.0,36.81655502319336,0.0,1,23,46
"(0, 1, 2)",0.25075000524520874,-1.8759453296661377,0.47039330125350887,1,23,46
"(0, 1, 3)",0.2810099720954895,2.650634765625,0.7448548015236156,1,23,46
"(0, 1, 1)",0.0,36.8584098815918,0.0,1,23,47
"(0, 1, 2)",0.24079985916614532,0.6320526599884033,0.15219819151079506,1,23,47
"(0, 1, 3)",0.2909693717956543,-0.7770233154296875,0.2260899859611527,1,23,47
"(0, 1, 1)",0.0,36.816776275634766,0.0,1,23,48
"(0, 1, 2)",0.25078287720680237,-1.8675365447998047,0.4683461879937454,1,23,48
"(0, 1, 3)",0.2809813916683197,2.6408843994140625,0.7420393737825179,1,23,48
"(0, 1, 1)",0.0,36.8584098815918,0.0,1,23,49
"(0, 1, 2)",0.2408321052789688,0.6401488780975342,0.15416840200419912,1,23,49
"(0, 1, 3)",0.2909413278102875,-0.7873077392578125,0.22906035905498356,1,23,49
"(0, 1, 1)",0.0,36.9762077331543,0.0,1,24,0
"(0, 1, 2)",0.25081512331962585,-1.8659381866455078,0.4680055163902921,1,24,0
"(0, 1, 3)",0.28095510601997375,2.3034820556640625,0.6471750451642038,1,24,0
"(0, 1, 1)",0.0,36.92609786987305,0.0,1,25,0
"(0, 1, 2)",0.2408638894557953,0.6461548805236816,0.15563537771377867,1,25,0
"(0, 1, 3)",0.2909213602542877,-0.93603515625,0.27231262090208475,1,25,0
"(0, 1, 1)",0.0,36.88413619995117,0.0,1,25,1
"(0, 1, 2)",0.250846803188324,-1.8547894954681396,0.46526801552546715,1,25,1
"(0, 1, 3)",0.2809341251850128,2.4848175048828125,0.6980700319786592,1,25,1
"(0, 1, 1)",0.0,36.92598342895508,0.0,1,25,2
"(0, 1, 2)",0.24089498817920685,0.653972864151001,0.15753878537917743,1,25,2
"(0, 1, 3)",0.29090067744255066,-0.9437713623046875,0.2745437286453125,1,25,2
"(0, 1, 1)",0.0,36.8840217590332,0.0,1,25,3
"(0, 1, 2)",0.25087782740592957,-1.8473412990570068,0.4634569715846695,1,25,3
"(0, 1, 3)",0.28091350197792053,2.4776458740234375,0.6960041791330696,1,25,3
"(0, 1, 1)",0.0,36.92587661743164,0.0,1,25,4
"(0, 1, 2)",0.24092549085617065,0.6612951755523682,0.15932286477077184,1,25,4
"(0, 1, 3)",0.2908802926540375,-0.9510955810546875,0.2766549609591493,1,25,4
"(0, 1, 1)",0.0,36.8840217590332,0.0,1,25,5
"(0, 1, 2)",0.2509082555770874,-1.8399219512939453,0.4616516071971546,1,25,5
"(0, 1, 3)",0.28089314699172974,2.47027587890625,0.6938835655637376,1,25,5
"(0, 1, 1)",0.0,36.92570877075195,0.0,1,25,6
"(0, 1, 2)",0.2409553825855255,0.6687450408935547,0.16113771718067937,1,25,6
"(0, 1, 3)",0.29086020588874817,-0.958343505859375,0.27874398942640255,1,25,6
"(0, 1, 1)",0.0,36.883907318115234,0.0,1,25,7
"(0, 1, 2)",0.2509380877017975,-1.8327655792236328,0.45991068965605564,1,25,7
"(0, 1, 3)",0.2808730900287628,2.46319580078125,0.6918454159113026,1,25,7
"(0, 1, 1)",0.0,36.92570877075195,0.0,1,25,8
"(0, 1, 2)",0.2409847378730774,0.6757452487945557,0.16284429164973346,1,25,8
"(0, 1, 3)",0.29084038734436035,-0.965667724609375,0.2808551750713377,1,25,8
"(0, 1, 1)",0.0,36.883853912353516,0.0,1,25,9
"(0, 1, 2)",0.2509673833847046,-1.8257160186767578,0.45819517201084636,1,25,9
"(0, 1, 3)",0.2808533012866974,2.4560546875,0.6897910671250429,1,25,9
"(0, 1, 1)",0.0,36.925594329833984,0.0,1,25,10
"(0, 1, 2)",0.2410135418176651,0.6828711032867432,0.16458118320807458,1,25,10
"(0, 1, 3)",0.290820837020874,-0.9727783203125,0.28290420534904115,1,25,10
"(0, 1, 1)",0.0,36.8838005065918,0.0,1,25,11
"(0, 1, 2)",0.25099611282348633,-1.818774938583374,0.45650543968520196,1,25,11
"(0, 1, 3)",0.28083381056785583,2.4489898681640625,0.6877591567185846,1,25,11
"(0, 1, 1)",0.0,36.925479888916016,0.0,1,25,12
"(0, 1, 2)",0.24104180932044983,0.6898596286773682,0.1662850130735265,1,25,12
"(0, 1, 3)",0.2908015847206116,-0.9797210693359375,0.2849044395470628,1,25,12
"(0, 1, 1)",0.0,36.88373947143555,0.0,1,25,13
"(0, 1, 2)",0.2510243058204651,-1.8119714260101318,0.45484886938071156,1,25,13
"(0, 1, 3)",0.28081458806991577,2.442230224609375,0.6858138744955795,1,25,13
"(0, 1, 1)",0.0,36.9254264831543,0.0,1,25,14
"(0, 1, 2)",0.24106955528259277,0.6966478824615479,0.1679405952135653,1,25,14
"(0, 1, 3)",0.2907825708389282,-0.986602783203125,0.28688689369664644,1,25,14
"(0, 1, 1)",0.0,36.88373947143555,0.0,1,25,15
"(0, 1, 2)",0.25105199217796326,-1.8050878047943115,0.45317088944975836,1,25,15
"(0, 1, 3)",0.2807956039905548,2.4353485107421875,0.6838351560013507,1,25,15
"(0, 1, 1)",0.0,36.83597183227539,0.0,1,26,0
"(0, 1, 2)",0.2410966455936432,0.7059991359710693,0.1702140234746352,1,26,0
"(0, 1, 3)",0.29075658321380615,-0.80859375,0.23510395595803857,1,26,0
"(0, 1, 1)",0.0,36.9586296081543,0.0,1,27,0
"(0, 1, 2)",0.2510790526866913,-1.8013410568237305,0.4522790061129456,1,27,0
"(0, 1, 3)",0.28077054023742676,2.27325439453125,0.6382628644496435,1,27,0
"(0, 1, 1)",0.0,36.911312103271484,0.0,1,28,0
"(0, 1, 2)",0.24112342298030853,0.7105884552001953,0.17133952064816071,1,28,0
"(0, 1, 3)",0.2907380759716034,-0.97265625,0.28278820670675486,1,28,0
"(0, 1, 1)",0.0,37.03407669067383,0.0,1,29,0
"(0, 1, 2)",0.25110578536987305,-1.7977654933929443,0.4514293161292926,1,29,0
"(0, 1, 3)",0.28075310587882996,2.111572265625,0.5928304718618165,1,29,0
"(0, 1, 1)",0.0,36.987422943115234,0.0,1,30,0
"(0, 1, 2)",0.24114990234375,0.7148041725158691,0.17237495639710687,1,30,0
"(0, 1, 3)",0.2907252907752991,-1.1365814208984375,0.3304329640805008,1,30,0
"(0, 1, 1)",0.0,37.11069869995117,0.0,1,31,0
"(0, 1, 2)",0.2511322498321533,-1.7945482730865479,0.45066894525263024,1,31,0
"(0, 1, 3)",0.28074154257774353,1.9491119384765625,0.5471966922646061,1,31,0
"(0, 1, 1)",0.0,37.06438064575195,0.0,1,32,0
"(0, 1, 2)",0.24117611348628998,0.7188959121704102,0.1733805220984408,1,32,0
"(0, 1, 3)",0.290717214345932,-1.3004913330078125,0.37807521761305907,1,32,0
"(0, 1, 1)",0.0,37.18759536743164,0.0,1,33,0
"(0, 1, 2)",0.2511584162712097,-1.7915961742401123,0.4499744577197049,1,33,0
"(0, 1, 3)",0.28073495626449585,1.78704833984375,0.5016869375285751,1,33,0
"(0, 1, 1)",0.0,37.141780853271484,0.0,1,34,0
"(0, 1, 2)",0.24120205640792847,0.7225666046142578,0.17428455092465356,1,34,0
"(0, 1, 3)",0.2907133400440216,-1.4640960693359375,0.42563225846197383,1,34,0
"(0, 1, 1)",0.0,37.265384674072266,0.0,1,35,0
"(0, 1, 2)",0.251184344291687,-1.7887201309204102,0.44929849320658377,1,35,0
"(0, 1, 3)",0.2807328402996063,1.624420166015625,0.45602808704552444,1,35,0
"(0, 1, 1)",0.0,37.22001266479492,0.0,1,36,0
"(0, 1, 2)",0.24122777581214905,0.7261133193969727,0.1751587010257083,1,36,0
"(0, 1, 3)",0.290713369846344,-1.627960205078125,0.47326979719400697,1,36,0
"(0, 1, 1)",0.0,37.34255599975586,0.0,1,37,0
"(0, 1, 2)",0.2512100338935852,-1.786280632019043,0.4487316181129586,1,37,0
"(0, 1, 3)",0.28073498606681824,1.46435546875,0.41109581211640034,1,37,0
"(0, 1, 1)",0.0,37.298030853271484,0.0,1,38,0
"(0, 1, 2)",0.24125325679779053,0.7294580936431885,0.17598414078892688,1,38,0
"(0, 1, 3)",0.29071730375289917,-1.7904510498046875,0.5205151017007665,1,38,0
"(0, 1, 1)",0.0,37.4211311340332,0.0,1,39,0
"(0, 1, 2)",0.2512354850769043,-1.7837934494018555,0.4481522125374795,1,39,0
"(0, 1, 3)",0.2807415723800659,1.30267333984375,0.36571456172532635,1,39,0
"(0, 1, 1)",0.0,37.37570571899414,0.0,1,40,0
"(0, 1, 2)",0.2412785291671753,0.732663631439209,0.17677600336793375,1,40,0
"(0, 1, 3)",0.29072532057762146,-1.95098876953125,0.5672018354653119,1,40,0
"(0, 1, 1)",0.0,37.49886703491211,0.0,1,41,0
"(0, 1, 2)",0.25126075744628906,-1.781477689743042,0.4476154336985019,1,41,0
"(0, 1, 3)",0.280752956867218,1.1433868408203125,0.32100923640336987,1,41,0
"(0, 1, 1)",0.0,37.453609466552734,0.0,1,42,0
"(0, 1, 2)",0.24130362272262573,0.735682487487793,0.17752284940439722,1,42,0
"(0, 1, 3)",0.29073792695999146,-2.1104736328125,0.6135947289076285,1,42,0
"(0, 1, 1)",0.0,37.5752067565918,0.0,1,43,0
"(0, 1, 2)",0.2512858211994171,-1.7792229652404785,0.4470935039173156,1,43,0
"(0, 1, 3)",0.28076988458633423,0.98858642578125,0.27756529667021823,1,43,0
"(0, 1, 1)",0.0,37.52949905395508,0.0,1,44,0
"(0, 1, 2)",0.24132852256298065,0.738497257232666,0.17822045200477277,1,44,0
"(0, 1, 3)",0.29075586795806885,-2.26416015625,0.6583178514265455,1,44,0
"(0, 1, 1)",0.0,37.650821685791016,0.0,1,45,0
"(0, 1, 2)",0.25131070613861084,-1.7770941257476807,0.4466027796164269,1,45,0
"(0, 1, 3)",0.28079357743263245,0.83685302734375,0.23498295533318014,1,45,0
"(0, 1, 1)",0.0,37.60405349731445,0.0,1,46,0
"(0, 1, 2)",0.24135325849056244,0.7412054538726807,0.17889235150314775,1,46,0
"(0, 1, 3)",0.2907804250717163,-2.4136962890625,0.701855632927618,1,46,0
"(0, 1, 1)",0.0,37.725040435791016,0.0,1,47,0
"(0, 1, 2)",0.25133541226387024,-1.7753844261169434,0.44621697666495663,1,47,0
"(0, 1, 3)",0.2808261513710022,0.689361572265625,0.19359075724241848,1,47,0
"(0, 1, 1)",0.0,37.67788314819336,0.0,1,48,0
"(0, 1, 2)",0.2413778305053711,0.7435858249664307,0.17948513322494364,1,48,0
"(0, 1, 3)",0.29081374406814575,-2.558929443359375,0.744171852229556,1,48,0
"(0, 1, 1)",0.0,37.79746627807617,0.0,1,49,0
"(0, 1, 2)",0.2513599693775177,-1.7735815048217773,0.4458073927405337,1,49,0
"(0, 1, 3)",0.2808711528778076,0.5483856201171875,0.1540257013439259,1,49,0
"(0, 1, 1)",0.0,37.74886703491211,0.0,1,50,0
"(0, 1, 2)",0.2414022833108902,0.7453582286834717,0.17993117828875071,1,50,0
"(0, 1, 3)",0.2908593714237213,-2.695556640625,0.7840279101292253,1,50,0
"(0, 1, 1)",0.0,37.86789321899414,0.0,1,51,0
"(0, 1, 2)",0.2513844072818756,-1.772479772567749,0.4455737770460573,1,51,0
"(0, 1, 3)",0.280935138463974,0.4145355224609375,0.11645759440079928,1,51,0
"(0, 1, 1)",0.0,37.8182258605957,0.0,1,52,0
"(0, 1, 2)",0.24142663180828094,0.7469573020935059,0.18033538554903572,1,52,0
"(0, 1, 3)",0.2909238934516907,-2.8231201171875,0.8213130961739807,1,52,0
"(0, 1, 1)",0.0,37.93581008911133,0.0,1,53,0
"(0, 1, 2)",0.25140875577926636,-1.7716753482818604,0.4454146949563409,1,53,0
"(0, 1, 3)",0.28103145956993103,0.2909698486328125,0.0817716812521212,1,53,0
"(0, 1, 1)",0.0,37.883296966552734,0.0,1,54,0
"(0, 1, 2)",0.2414509356021881,0.7477142810821533,0.18053631273040338,1,54,0
"(0, 1, 3)",0.29102063179016113,-2.9327239990234375,0.8534831910619687,1,54,0
"(0, 1, 1)",0.0,37.84054946899414,0.0,1,54,1
"(0, 1, 2)",0.25143298506736755,-1.7655584812164307,0.44391963924325495,1,54,1
"(0, 1, 3)",0.2810821831226349,0.5111236572265625,0.1436677534188675,1,54,1
"(0, 1, 1)",0.0,37.7869758605957,0.0,1,55,0
"(0, 1, 2)",0.24147479236125946,0.7543933391571045,0.182166974931679,1,55,0
"(0, 1, 3)",0.29107052087783813,-2.72161865234375,0.7921829587685352,1,55,0
"(0, 1, 1)",0.0,37.90070724487305,0.0,1,56,0
"(0, 1, 2)",0.2514568269252777,-1.764268159866333,0.4436372733252867,1,56,0
"(0, 1, 3)",0.28114908933639526,0.3996734619140625,0.11236782984906313,1,56,0
"(0, 1, 1)",0.0,37.94166946411133,0.0,1,56,1
"(0, 1, 2)",0.24149870872497559,0.7531988620758057,0.18189655260442805,1,56,1
"(0, 1, 3)",0.29113858938217163,-3.02459716796875,0.8805769529317331,1,56,1
"(0, 1, 1)",0.0,38.05232620239258,0.0,1,57,0
"(0, 1, 2)",0.2514807879924774,-1.7668688297271729,0.44433356557913584,1,57,0
"(0, 1, 3)",0.28143009543418884,0.1053466796875,0.029647726118128048,1,57,0
"(0, 1, 1)",0.0,37.990604400634766,0.0,1,58,0
"(0, 1, 2)",0.2415229231119156,0.7484581470489502,0.1807697995021904,1,58,0
"(0, 1, 3)",0.2914196848869324,-3.0511322021484375,0.8891599848984697,1,58,0
"(0, 1, 1)",0.0,38.09524154663086,0.0,1,59,0
"(0, 1, 2)",0.251505047082901,-1.7717504501342773,0.44560418038017247,1,59,0
"(0, 1, 3)",0.2817523777484894,0.0919036865234375,0.025894082201830315,1,59,0
"(0, 1, 1)",0.0,38.02486801147461,0.0,1,60,0
"(0, 1, 2)",0.24154748022556305,0.7431213855743408,0.1794990981872111,1,60,0
"(0, 1, 3)",0.29174190759658813,-3.035919189453125,0.8857048556401423,1,60,0
"(0, 1, 1)",0.0,38.12051773071289,0.0,1,61,0
"(0, 1, 2)",0.25152963399887085,-1.7769482135772705,0.44695513379603824,1,61,0
"(0, 1, 3)",0.2819873094558716,0.125732421875,0.03545494735590182,1,61,0
"(0, 1, 1)",0.0,38.04446029663086,0.0,1,62,0
"(0, 1, 2)",0.24157220125198364,0.7409076690673828,0.1789826965410839,1,62,0
"(0, 1, 3)",0.2919767498970032,-3.013671875,0.8799221193185076,1,62,0
"(0, 1, 1)",0.0,38.13413619995117,0.0,1,63,0
"(0, 1, 2)",0.251554399728775,-1.7791450023651123,0.44755175310040585,1,63,0
"(0, 1, 3)",0.28216999769210815,0.1605224609375,0.045294622432265896,1,63,0
"(0, 1, 1)",0.0,38.052433013916016,0.0,1,64,0
"(0, 1, 2)",0.241596981883049,0.7406470775604248,0.17893809857909915,1,64,0
"(0, 1, 3)",0.2921593487262726,-2.98236083984375,0.8713246006354893,1,64,0
"(0, 1, 1)",0.0,38.13753890991211,0.0,1,65,0
"(0, 1, 2)",0.2515791654586792,-1.7795617580413818,0.44770066197023084,1,65,0
"(0, 1, 3)",0.2823142409324646,0.2010650634765625,0.056763530773423554,1,65,0
"(0, 1, 1)",0.0,38.05271530151367,0.0,1,66,0
"(0, 1, 2)",0.24162167310714722,0.7418553829193115,0.1792483388245074,1,66,0
"(0, 1, 3)",0.2923034429550171,-2.944732666015625,0.8607554968584736,1,66,0
"(0, 1, 1)",0.0,38.133296966552734,0.0,1,67,0
"(0, 1, 2)",0.2516038417816162,-1.778414249420166,0.4474558574332832,1,67,0
"(0, 1, 3)",0.28242987394332886,0.2470703125,0.06978003721451387,1,67,0
"(0, 1, 1)",0.0,38.04568099975586,0.0,1,68,0
"(0, 1, 2)",0.24164623022079468,0.743938684463501,0.17976997861602229,1,68,0
"(0, 1, 3)",0.2924189269542694,-2.9010162353515625,0.8483120546184182,1,68,0
"(0, 1, 1)",0.0,38.12459182739258,0.0,1,69,0
"(0, 1, 2)",0.25162839889526367,-1.7761578559875488,0.4469317574873912,1,69,0
"(0, 1, 3)",0.28252512216567993,0.2947998046875,0.08328835083375452,1,69,0
"(0, 1, 1)",0.0,38.03463363647461,0.0,1,70,0
"(0, 1, 2)",0.241670623421669,0.7469439506530762,0.1805144102153733,1,70,0
"(0, 1, 3)",0.29251399636268616,-2.853424072265625,0.8346664786959082,1,70,0
"(0, 1, 1)",0.0,38.11030197143555,0.0,1,71,0
"(0, 1, 2)",0.2516527473926544,-1.772946834564209,0.44616694189919315,1,71,0
"(0, 1, 3)",0.28260400891304016,0.348388671875,0.09845603533176472,1,71,0
"(0, 1, 1)",0.0,38.01784133911133,0.0,1,72,0
"(0, 1, 2)",0.24169477820396423,0.7504198551177979,0.18137256044254713,1,72,0
"(0, 1, 3)",0.2925926446914673,-2.7986602783203125,0.8188674124266981,1,72,0
"(0, 1, 1)",0.0,38.092281341552734,0.0,1,73,0
"(0, 1, 2)",0.25167685747146606,-1.769221305847168,0.44527205842717876,1,73,0
"(0, 1, 3)",0.2826700806617737,0.40557861328125,0.11464493933090125,1,73,0
"(0, 1, 1)",0.0,37.99691390991211,0.0,1,74,0
"(0, 1, 2)",0.24171867966651917,0.7542712688446045,0.1823214552155079,1,74,0
"(0, 1, 3)",0.2926584780216217,-2.7395172119140625,0.801742937752806,1,74,0
"(0, 1, 1)",0.0,38.06973648071289,0.0,1,75,0
"(0, 1, 2)",0.2517007291316986,-1.765101432800293,0.44427731762723965,1,75,0
"(0, 1, 3)",0.28272566199302673,0.4680633544921875,0.13233352175348045,1,75,0
"(0, 1, 1)",0.0,37.97391891479492,0.0,1,76,0
"(0, 1, 2)",0.2417422980070114,0.7587170600891113,0.18341400564306554,1,76,0
"(0, 1, 3)",0.29271379113197327,-2.6779632568359375,0.7838767774205735,1,76,0
"(0, 1, 1)",0.0,38.04434585571289,0.0,1,77,0
"(0, 1, 2)",0.2517243027687073,-1.7604193687438965,0.44314033817758514,1,77,0
"(0, 1, 3)",0.2827727794647217,0.533477783203125,0.15085299553902587,1,77,0
"(0, 1, 1)",0.0,37.94680404663086,0.0,1,78,0
"(0, 1, 2)",0.24176561832427979,0.7635552883148193,0.18460141640420602,1,78,0
"(0, 1, 3)",0.29276061058044434,-2.6105194091796875,0.7642572561635461,1,78,0
"(0, 1, 1)",0.0,38.01621627807617,0.0,1,79,0
"(0, 1, 2)",0.25174757838249207,-1.7557201385498047,0.4419982931972868,1,79,0
"(0, 1, 3)",0.2828129231929779,0.6021881103515625,0.17030657980058095,1,79,0
"(0, 1, 1)",0.0,37.91800308227539,0.0,1,80,0
"(0, 1, 2)",0.24178864061832428,0.7682068347930908,0.18574368629832705,1,80,0
"(0, 1, 3)",0.2928004264831543,-2.5417022705078125,0.7442115087978891,1,80,0
"(0, 1, 1)",0.0,37.986698150634766,0.0,1,81,0
"(0, 1, 2)",0.251770555973053,-1.7505981922149658,0.4407490801393834,1,81,0
"(0, 1, 3)",0.2828473150730133,0.67218017578125,0.1901243579650327,1,81,0
"(0, 1, 1)",0.0,37.88737106323242,0.0,1,82,0
"(0, 1, 2)",0.2418113499879837,0.7732203006744385,0.18697344474420063,1,82,0
"(0, 1, 3)",0.29283446073532104,-2.47064208984375,0.7234891440493811,1,82,0
"(0, 1, 1)",0.0,37.954837799072266,0.0,1,83,0
"(0, 1, 2)",0.2517932057380676,-1.7454743385314941,0.439498579232378,1,83,0
"(0, 1, 3)",0.28287675976753235,0.7455596923828125,0.21090150999452817,1,83,0
"(0, 1, 1)",0.0,37.85444259643555,0.0,1,84,0
"(0, 1, 2)",0.24183373153209686,0.7783269882202148,0.18822571991343295,1,84,0
"(0, 1, 3)",0.29286351799964905,-2.3959197998046875,0.7016775014158156,1,84,0
"(0, 1, 1)",0.0,37.92185592651367,0.0,1,85,0
"(0, 1, 2)",0.251815527677536,-1.7399120330810547,0.4381368667228003,1,85,0
"(0, 1, 3)",0.2829020321369171,0.8194122314453125,0.23181338543372476,1,85,0
"(0, 1, 1)",0.0,37.821353912353516,0.0,1,86,0
"(0, 1, 2)",0.24185578525066376,0.7835156917572021,0.18949780288615514,1,86,0
"(0, 1, 3)",0.2928883731365204,-2.32220458984375,0.6801467244094965,1,86,0
"(0, 1, 1)",0.0,37.887760162353516,0.0,1,87,0
"(0, 1, 2)",0.25183752179145813,-1.7344567775726318,0.4368012965182899,1,87,0
"(0, 1, 3)",0.2829236388206482,0.8948974609375,0.2531876460197964,1,87,0
"(0, 1, 1)",0.0,37.7861442565918,0.0,1,88,0
"(0, 1, 2)",0.2418775111436844,0.7888433933258057,0.19080347665978437,1,88,0
"(0, 1, 3)",0.29290950298309326,-2.2453155517578125,0.6576742623055907,1,88,0
"(0, 1, 1)",0.0,37.85288619995117,0.0,1,89,0
"(0, 1, 2)",0.251859188079834,-1.7289233207702637,0.435445223821489,1,89,0
"(0, 1, 3)",0.2829420268535614,0.970916748046875,0.2747131525984514,1,89,0
"(0, 1, 1)",0.0,37.751766204833984,0.0,1,90,0
"(0, 1, 2)",0.24189890921115875,0.7941901683807373,0.19211373543752686,1,90,0
"(0, 1, 3)",0.29292741417884827,-2.17047119140625,0.6357905136483168,1,90,0
"(0, 1, 1)",0.0,37.81705856323242,0.0,1,91,0
"(0, 1, 2)",0.2518805265426636,-1.7233574390411377,0.434080179166898,1,91,0
"(0, 1, 3)",0.2829575538635254,1.0478973388671875,0.2965104677059571,1,91,0
"(0, 1, 1)",0.0,37.71477127075195,0.0,1,92,0
"(0, 1, 2)",0.24191997945308685,0.7997405529022217,0.1934732181259058,1,92,0
"(0, 1, 3)",0.2929423749446869,-2.0908966064453125,0.6125122176558762,1,92,0
"(0, 1, 1)",0.0,37.77922439575195,0.0,1,93,0
"(0, 1, 2)",0.2519015371799469,-1.7175860404968262,0.43266256383996904,1,93,0
"(0, 1, 3)",0.2829703986644745,1.1279449462890625,0.3191750311229953,1,93,0
"(0, 1, 1)",0.0,37.6767692565918,0.0,1,94,0
"(0, 1, 2)",0.24194073677062988,0.804917573928833,0.1947423508759698,1,94,0
"(0, 1, 3)",0.29295462369918823,-2.0104522705078125,0.5889712883717948,1,94,0
"(0, 1, 1)",0.0,37.74177932739258,0.0,1,95,0
"(0, 1, 2)",0.25192221999168396,-1.712094783782959,0.4313147187667852,1,95,0
"(0, 1, 3)",0.2829808294773102,1.206695556640625,0.3414717095447486,1,95,0
"(0, 1, 1)",0.0,37.63999557495117,0.0,1,96,0
"(0, 1, 2)",0.24196115136146545,0.810330867767334,0.19606858974871955,1,96,0
"(0, 1, 3)",0.2929644286632538,-1.932708740234375,0.5662149118552406,1,96,0
"(0, 1, 1)",0.0,37.704280853271484,0.0,1,97,0
"(0, 1, 2)",0.25194257497787476,-1.7062108516693115,0.42986715542475906,1,97,0
"(0, 1, 3)",0.2829890251159668,1.2853851318359375,0.3637498853568104,1,97,0
"(0, 1, 1)",0.0,37.6008186340332,0.0,1,98,0
"(0, 1, 2)",0.24198125302791595,0.815885066986084,0.19742889083605775,1,98,0
"(0, 1, 3)",0.2929719090461731,-1.850830078125,0.542241221308359,1,98,0
"(0, 1, 1)",0.0,37.66465377807617,0.0,1,99,0
"(0, 1, 2)",0.2519626319408417,-1.700451135635376,0.4284501436214825,1,99,0
"(0, 1, 3)",0.2829950451850891,1.3671722412109375,0.3869029701772888,1,99,0
