demand_id,ozone_id,dzone_id,volume
0,1,2,1
1,1,3,1
2,1,4,1
3,1,5,1
4,1,6,1
5,1,7,1
6,1,8,1
7,1,9,1
8,1,10,1
9,1,11,1
10,1,13,1
11,1,14,1
12,1,15,1
13,1,16,1
14,1,17,1
15,1,18,1
16,1,20,1
17,1,21,1
18,1,22,1
19,1,24,1
20,1,25,1
21,1,26,1
22,1,27,1
23,1,28,1
24,1,31,1
25,1,32,1
26,1,33,1
27,1,34,1
28,1,35,1
29,2,1,1
30,2,3,1
31,2,4,1
32,2,5,1
33,2,6,1
34,2,7,1
35,2,8,1
36,2,9,1
37,2,10,1
38,2,11,1
39,2,13,1
40,2,14,1
41,2,15,1
42,2,16,1
43,2,17,1
44,2,18,1
45,2,20,1
46,2,21,1
47,2,22,1
48,2,24,1
49,2,25,1
50,2,26,1
51,2,27,1
52,2,28,1
53,2,31,1
54,2,32,1
55,2,33,1
56,2,34,1
57,2,35,1
58,3,1,1
59,3,2,1
60,3,4,1
61,3,5,1
62,3,6,1
63,3,7,1
64,3,8,1
65,3,9,1
66,3,10,1
67,3,11,1
68,3,13,1
69,3,14,1
70,3,15,1
71,3,16,1
72,3,17,1
73,3,18,1
74,3,20,1
75,3,21,1
76,3,22,1
77,3,24,1
78,3,25,1
79,3,26,1
80,3,27,1
81,3,28,1
82,3,31,1
83,3,32,1
84,3,33,1
85,3,34,1
86,3,35,1
87,4,1,1
88,4,2,1
89,4,3,1
90,4,5,1
91,4,6,1
92,4,7,1
93,4,8,1
94,4,9,1
95,4,10,1
96,4,11,1
97,4,13,1
98,4,14,1
99,4,15,1
100,4,16,1
101,4,17,1
102,4,18,1
103,4,20,1
104,4,21,1
105,4,22,1
106,4,24,1
107,4,25,1
108,4,26,1
109,4,27,1
110,4,28,1
111,4,31,1
112,4,32,1
113,4,33,1
114,4,34,1
115,4,35,1
116,5,1,1
117,5,2,1
118,5,3,1
119,5,4,1
120,5,6,1
121,5,7,1
122,5,8,1
123,5,9,1
124,5,10,1
125,5,11,1
126,5,13,1
127,5,14,1
128,5,15,1
129,5,16,1
130,5,17,1
131,5,18,1
132,5,20,1
133,5,21,1
134,5,22,1
135,5,24,1
136,5,25,1
137,5,26,1
138,5,27,1
139,5,28,1
140,5,31,1
141,5,32,1
142,5,33,1
143,5,34,1
144,5,35,1
145,6,1,1
146,6,2,1
147,6,3,1
148,6,4,1
149,6,5,1
150,6,7,1
151,6,8,1
152,6,9,1
153,6,10,1
154,6,11,1
155,6,13,1
156,6,14,1
157,6,15,1
158,6,16,1
159,6,17,1
160,6,18,1
161,6,20,1
162,6,21,1
163,6,22,1
164,6,24,1
165,6,25,1
166,6,26,1
167,6,27,1
168,6,28,1
169,6,31,1
170,6,32,1
171,6,33,1
172,6,34,1
173,6,35,1
174,7,1,1
175,7,2,1
176,7,3,1
177,7,4,1
178,7,5,1
179,7,6,1
180,7,8,1
181,7,9,1
182,7,10,1
183,7,11,1
184,7,13,1
185,7,14,1
186,7,15,1
187,7,16,1
188,7,17,1
189,7,18,1
190,7,20,1
191,7,21,1
192,7,22,1
193,7,24,1
194,7,25,1
195,7,26,1
196,7,27,1
197,7,28,1
198,7,31,1
199,7,32,1
200,7,33,1
201,7,34,1
202,7,35,1
203,8,1,1
204,8,2,1
205,8,3,1
206,8,4,1
207,8,5,1
208,8,6,1
209,8,7,1
210,8,9,1
211,8,10,1
212,8,11,1
213,8,13,1
214,8,14,1
215,8,15,1
216,8,16,1
217,8,17,1
218,8,18,1
219,8,20,1
220,8,21,1
221,8,22,1
222,8,24,1
223,8,25,1
224,8,26,1
225,8,27,1
226,8,28,1
227,8,31,1
228,8,32,1
229,8,33,1
230,8,34,1
231,8,35,1
232,9,1,1
233,9,2,1
234,9,3,1
235,9,4,1
236,9,5,1
237,9,6,1
238,9,7,1
239,9,8,1
240,9,10,1
241,9,11,1
242,9,13,1
243,9,14,1
244,9,15,1
245,9,16,1
246,9,17,1
247,9,18,1
248,9,20,1
249,9,21,1
250,9,22,1
251,9,24,1
252,9,25,1
253,9,26,1
254,9,27,1
255,9,28,1
256,9,31,1
257,9,32,1
258,9,33,1
259,9,34,1
260,9,35,1
261,10,1,1
262,10,2,1
263,10,3,1
264,10,4,1
265,10,5,1
266,10,6,1
267,10,7,1
268,10,8,1
269,10,9,1
270,10,11,1
271,10,13,1
272,10,14,1
273,10,15,1
274,10,16,1
275,10,17,1
276,10,18,1
277,10,20,1
278,10,21,1
279,10,22,1
280,10,24,1
281,10,25,1
282,10,26,1
283,10,27,1
284,10,28,1
285,10,31,1
286,10,32,1
287,10,33,1
288,10,34,1
289,10,35,1
290,11,1,1
291,11,2,1
292,11,3,1
293,11,4,1
294,11,5,1
295,11,6,1
296,11,7,1
297,11,8,1
298,11,9,1
299,11,10,1
300,11,13,1
301,11,14,1
302,11,15,1
303,11,16,1
304,11,17,1
305,11,18,1
306,11,20,1
307,11,21,1
308,11,22,1
309,11,24,1
310,11,25,1
311,11,26,1
312,11,27,1
313,11,28,1
314,11,31,1
315,11,32,1
316,11,33,1
317,11,34,1
318,11,35,1
319,13,1,1
320,13,2,1
321,13,3,1
322,13,4,1
323,13,5,1
324,13,6,1
325,13,7,1
326,13,8,1
327,13,9,1
328,13,10,1
329,13,11,1
330,13,14,1
331,13,15,1
332,13,16,1
333,13,17,1
334,13,18,1
335,13,20,1
336,13,21,1
337,13,22,1
338,13,24,1
339,13,25,1
340,13,26,1
341,13,27,1
342,13,28,1
343,13,31,1
344,13,32,1
345,13,33,1
346,13,34,1
347,13,35,1
348,14,1,1
349,14,2,1
350,14,3,1
351,14,4,1
352,14,5,1
353,14,6,1
354,14,7,1
355,14,8,1
356,14,9,1
357,14,10,1
358,14,11,1
359,14,13,1
360,14,15,1
361,14,16,1
362,14,17,1
363,14,18,1
364,14,20,1
365,14,21,1
366,14,22,1
367,14,24,1
368,14,25,1
369,14,26,1
370,14,27,1
371,14,28,1
372,14,31,1
373,14,32,1
374,14,33,1
375,14,34,1
376,14,35,1
377,15,1,1
378,15,2,1
379,15,3,1
380,15,4,1
381,15,5,1
382,15,6,1
383,15,7,1
384,15,8,1
385,15,9,1
386,15,10,1
387,15,11,1
388,15,13,1
389,15,14,1
390,15,16,1
391,15,17,1
392,15,18,1
393,15,20,1
394,15,21,1
395,15,22,1
396,15,24,1
397,15,25,1
398,15,26,1
399,15,27,1
400,15,28,1
401,15,31,1
402,15,32,1
403,15,33,1
404,15,34,1
405,15,35,1
406,16,1,1
407,16,2,1
408,16,3,1
409,16,4,1
410,16,5,1
411,16,6,1
412,16,7,1
413,16,8,1
414,16,9,1
415,16,10,1
416,16,11,1
417,16,13,1
418,16,14,1
419,16,15,1
420,16,17,1
421,16,18,1
422,16,20,1
423,16,21,1
424,16,22,1
425,16,24,1
426,16,25,1
427,16,26,1
428,16,27,1
429,16,28,1
430,16,31,1
431,16,32,1
432,16,33,1
433,16,34,1
434,16,35,1
435,17,1,1
436,17,2,1
437,17,3,1
438,17,4,1
439,17,5,1
440,17,6,1
441,17,7,1
442,17,8,1
443,17,9,1
444,17,10,1
445,17,11,1
446,17,13,1
447,17,14,1
448,17,15,1
449,17,16,1
450,17,18,1
451,17,20,1
452,17,21,1
453,17,22,1
454,17,24,1
455,17,25,1
456,17,26,1
457,17,27,1
458,17,28,1
459,17,31,1
460,17,32,1
461,17,33,1
462,17,34,1
463,17,35,1
464,18,1,1
465,18,2,1
466,18,3,1
467,18,4,1
468,18,5,1
469,18,6,1
470,18,7,1
471,18,8,1
472,18,9,1
473,18,10,1
474,18,11,1
475,18,13,1
476,18,14,1
477,18,15,1
478,18,16,1
479,18,17,1
480,18,20,1
481,18,21,1
482,18,22,1
483,18,24,1
484,18,25,1
485,18,26,1
486,18,27,1
487,18,28,1
488,18,31,1
489,18,32,1
490,18,33,1
491,18,34,1
492,18,35,1
493,20,1,1
494,20,2,1
495,20,3,1
496,20,4,1
497,20,5,1
498,20,6,1
499,20,7,1
500,20,8,1
501,20,9,1
502,20,10,1
503,20,11,1
504,20,13,1
505,20,14,1
506,20,15,1
507,20,16,1
508,20,17,1
509,20,18,1
510,20,21,1
511,20,22,1
512,20,24,1
513,20,25,1
514,20,26,1
515,20,27,1
516,20,28,1
517,20,31,1
518,20,32,1
519,20,33,1
520,20,34,1
521,20,35,1
522,21,1,1
523,21,2,1
524,21,3,1
525,21,4,1
526,21,5,1
527,21,6,1
528,21,7,1
529,21,8,1
530,21,9,1
531,21,10,1
532,21,11,1
533,21,13,1
534,21,14,1
535,21,15,1
536,21,16,1
537,21,17,1
538,21,18,1
539,21,20,1
540,21,22,1
541,21,24,1
542,21,25,1
543,21,26,1
544,21,27,1
545,21,28,1
546,21,31,1
547,21,32,1
548,21,33,1
549,21,34,1
550,21,35,1
551,22,1,1
552,22,2,1
553,22,3,1
554,22,4,1
555,22,5,1
556,22,6,1
557,22,7,1
558,22,8,1
559,22,9,1
560,22,10,1
561,22,11,1
562,22,13,1
563,22,14,1
564,22,15,1
565,22,16,1
566,22,17,1
567,22,18,1
568,22,20,1
569,22,21,1
570,22,24,1
571,22,25,1
572,22,26,1
573,22,27,1
574,22,28,1
575,22,31,1
576,22,32,1
577,22,33,1
578,22,34,1
579,22,35,1
580,24,1,1
581,24,2,1
582,24,3,1
583,24,4,1
584,24,5,1
585,24,6,1
586,24,7,1
587,24,8,1
588,24,9,1
589,24,10,1
590,24,11,1
591,24,13,1
592,24,14,1
593,24,15,1
594,24,16,1
595,24,17,1
596,24,18,1
597,24,20,1
598,24,21,1
599,24,22,1
600,24,25,1
601,24,26,1
602,24,27,1
603,24,28,1
604,24,31,1
605,24,32,1
606,24,33,1
607,24,34,1
608,24,35,1
609,25,1,1
610,25,2,1
611,25,3,1
612,25,4,1
613,25,5,1
614,25,6,1
615,25,7,1
616,25,8,1
617,25,9,1
618,25,10,1
619,25,11,1
620,25,13,1
621,25,14,1
622,25,15,1
623,25,16,1
624,25,17,1
625,25,18,1
626,25,20,1
627,25,21,1
628,25,22,1
629,25,24,1
630,25,26,1
631,25,27,1
632,25,28,1
633,25,31,1
634,25,32,1
635,25,33,1
636,25,34,1
637,25,35,1
638,26,1,1
639,26,2,1
640,26,3,1
641,26,4,1
642,26,5,1
643,26,6,1
644,26,7,1
645,26,8,1
646,26,9,1
647,26,10,1
648,26,11,1
649,26,13,1
650,26,14,1
651,26,15,1
652,26,16,1
653,26,17,1
654,26,18,1
655,26,20,1
656,26,21,1
657,26,22,1
658,26,24,1
659,26,25,1
660,26,27,1
661,26,28,1
662,26,31,1
663,26,32,1
664,26,33,1
665,26,34,1
666,26,35,1
667,27,1,1
668,27,2,1
669,27,3,1
670,27,4,1
671,27,5,1
672,27,6,1
673,27,7,1
674,27,8,1
675,27,9,1
676,27,10,1
677,27,11,1
678,27,13,1
679,27,14,1
680,27,15,1
681,27,16,1
682,27,17,1
683,27,18,1
684,27,20,1
685,27,21,1
686,27,22,1
687,27,24,1
688,27,25,1
689,27,26,1
690,27,28,1
691,27,31,1
692,27,32,1
693,27,33,1
694,27,34,1
695,27,35,1
696,28,1,1
697,28,2,1
698,28,3,1
699,28,4,1
700,28,5,1
701,28,6,1
702,28,7,1
703,28,8,1
704,28,9,1
705,28,10,1
706,28,11,1
707,28,13,1
708,28,14,1
709,28,15,1
710,28,16,1
711,28,17,1
712,28,18,1
713,28,20,1
714,28,21,1
715,28,22,1
716,28,24,1
717,28,25,1
718,28,26,1
719,28,27,1
720,28,31,1
721,28,32,1
722,28,33,1
723,28,34,1
724,28,35,1
725,31,1,1
726,31,2,1
727,31,3,1
728,31,4,1
729,31,5,1
730,31,6,1
731,31,7,1
732,31,8,1
733,31,9,1
734,31,10,1
735,31,11,1
736,31,13,1
737,31,14,1
738,31,15,1
739,31,16,1
740,31,17,1
741,31,18,1
742,31,20,1
743,31,21,1
744,31,22,1
745,31,24,1
746,31,25,1
747,31,26,1
748,31,27,1
749,31,28,1
750,31,32,1
751,31,33,1
752,31,34,1
753,31,35,1
754,32,1,1
755,32,2,1
756,32,3,1
757,32,4,1
758,32,5,1
759,32,6,1
760,32,7,1
761,32,8,1
762,32,9,1
763,32,10,1
764,32,11,1
765,32,13,1
766,32,14,1
767,32,15,1
768,32,16,1
769,32,17,1
770,32,18,1
771,32,20,1
772,32,21,1
773,32,22,1
774,32,24,1
775,32,25,1
776,32,26,1
777,32,27,1
778,32,28,1
779,32,31,1
780,32,33,1
781,32,34,1
782,32,35,1
783,33,1,1
784,33,2,1
785,33,3,1
786,33,4,1
787,33,5,1
788,33,6,1
789,33,7,1
790,33,8,1
791,33,9,1
792,33,10,1
793,33,11,1
794,33,13,1
795,33,14,1
796,33,15,1
797,33,16,1
798,33,17,1
799,33,18,1
800,33,20,1
801,33,21,1
802,33,22,1
803,33,24,1
804,33,25,1
805,33,26,1
806,33,27,1
807,33,28,1
808,33,31,1
809,33,32,1
810,33,34,1
811,33,35,1
812,34,1,1
813,34,2,1
814,34,3,1
815,34,4,1
816,34,5,1
817,34,6,1
818,34,7,1
819,34,8,1
820,34,9,1
821,34,10,1
822,34,11,1
823,34,13,1
824,34,14,1
825,34,15,1
826,34,16,1
827,34,17,1
828,34,18,1
829,34,20,1
830,34,21,1
831,34,22,1
832,34,24,1
833,34,25,1
834,34,26,1
835,34,27,1
836,34,28,1
837,34,31,1
838,34,32,1
839,34,33,1
840,34,35,1
841,35,1,1
842,35,2,1
843,35,3,1
844,35,4,1
845,35,5,1
846,35,6,1
847,35,7,1
848,35,8,1
849,35,9,1
850,35,10,1
851,35,11,1
852,35,13,1
853,35,14,1
854,35,15,1
855,35,16,1
856,35,17,1
857,35,18,1
858,35,20,1
859,35,21,1
860,35,22,1
861,35,24,1
862,35,25,1
863,35,26,1
864,35,27,1
865,35,28,1
866,35,31,1
867,35,32,1
868,35,33,1
869,35,34,1
