ozone_id,dzone_id,path,generalized_cost,cost,penalty,travel_time
28,11,28;1000052;1500094;1500092;1500093;1500091;1000007;1500054;1500055;1500056;1000043;11,55.50089850495707,3.0,30.0,48.30089850495707
15,25,15;1000046;1500063;1500064;1500065;1000048;25,29.475655897144488,1.5,30.0,25.875655897144487
20,16,20;1000029;1500037;1500034;1000007;1500001;1500007;1000057;16,52.04921455982085,3.0,30.0,44.849214559820844
1,6,1;1000025;1500031;1500032;1500033;1500029;1000007;1500039;1500040;1000030;6,62.84105000872877,3.0,30.0,55.64105000872877
4,26,4;1000007;1500083;1500085;1500086;1500087;1000033;26,39.23700541144307,1.5,30.0,35.63700541144307
32,14,32;1000050;1500071;1500072;1000051;10;1000049;1500066;1500062;1500061;1000007;14,83.20011765882748,3.0,60.0,76.00011765882746
7,1,7;1000023;1500026;1500027;1500023;1000007;1500029;1500030;1500031;1000025;1,53.66662839537473,3.0,30.0,46.466628395374734
35,7,35;1000007;1500023;1500024;1000020;7,42.23080565207915,1.5,30.0,38.63080565207915
28,27,28;1000008;27,30.096543665668015,0.0,30.0,30.096543665668015
2,14,2;1000041;14,18.23506833062641,0.0,30.0,18.23506833062641
9,35,9;1000050;1500071;1500072;1500068;1500070;1000009;1500011;1500013;1500014;1000015;35,78.87070584454048,3.0,30.0,71.67070584454046
6,1,6;1000040;1500052;1500049;1000007;1500029;1500030;1500031;1000025;1,49.38221040767235,3.0,30.0,42.18221040767236
17,22,17;1000027;1500033;1500029;1000007;1500074;1500076;1500077;1000053;22,49.03878029766602,3.0,30.0,41.83878029766602
34,16,34;1000007;1500001;1500007;1000057;16,26.143492230213617,1.5,30.0,22.543492230213616
9,8,9;1000050;1500071;1500072;1000051;10;1000049;1500066;1500062;1500061;1000007;1500023;1500024;1500025;1000022;8,95.27186159750913,4.5,60.0,84.47186159750912
9,5,9;1000050;1500071;1500072;1500068;1500070;1000009;1500017;1500020;1500021;1000019;5,90.06102675514353,3.0,30.0,82.86102675514351
1,34,1;1000025;1500031;1500032;1500033;1500029;1000007;34,35.28374385923025,1.5,30.0,31.68374385923025
27,22,27;1000010;1500005;1500006;1500001;1000007;1500074;1500076;1500077;1000053;22,65.10732892926823,3.0,30.0,57.90732892926823
35,32,35;1000013;1500012;1500008;1500011;1000009;1500070;1500067;1500071;1000050;32,65.35562582731534,3.0,30.0,58.15562582731534
22,2,22;1000056;1500080;1500075;1500074;1000007;1500023;1500024;1000020;2,45.51952997560659,3.0,30.0,38.319529975606585
31,27,31;1000007;1500016;1500018;1500019;1500017;1000009;27,46.88745081586969,1.5,30.0,43.28745081586969
32,2,32;1000050;1500071;1500072;1000051;10;1000049;1500066;1500062;1500061;1000007;1500023;1500024;1000020;2,88.06531201846407,4.5,60.0,77.26531201846406
1,2,1;1000025;1500031;1500032;1500033;1500029;1000007;1500023;1500024;1000020;2,48.27370025441355,3.0,30.0,41.073700254413545
8,4,8;1000022;1500025;1500026;1500027;1500023;1000007;4,39.40832601261751,1.5,30.0,35.808326012617506
24,14,24;1000051;10;1000049;1500066;1500062;1500061;1000007;14,64.31321466570591,1.5,60.0,60.71321466570592
34,3,34;1000007;1500049;1500050;1500047;1000003;3,27.843657081695362,1.5,30.0,24.24365708169536
9,4,9;1000050;1500071;1500072;1000051;10;1000049;1500066;1500062;1500061;1000007;4,76.59158261196154,3.0,60.0,69.39158261196152
10,4,10;1000049;1500066;1500062;1500061;1000007;4,39.755749067128335,1.5,30.0,36.155749067128326
17,11,17;1000027;1500033;1500029;1000007;1500054;1500055;1500056;1000043;11,45.13029686908891,3.0,30.0,37.930296869088906
5,10,5;1000026;1500032;1500033;1500029;1000007;1500061;1500063;1500064;1500065;1500059;1000004;10,59.14617684449917,3.0,30.0,51.94617684449917
16,31,16;1000011;1500006;1500001;1000007;31,37.11853725485036,1.5,30.0,33.51853725485036
18,31,18;1000025;1500031;1500032;1500033;1500029;1000007;31,43.19901311907269,1.5,30.0,39.599013119072694
5,20,5;1000026;1500032;1500033;1500029;1000007;1500034;1500036;1000028;20,47.20144311131624,3.0,30.0,40.00144311131624
27,10,27;1000009;1500070;1500067;1500071;1500072;1000051;10,40.996360083764856,1.5,30.0,37.39636008376486
1,11,1;1000025;1500031;1500032;1500033;1500029;1000007;1500054;1500055;1500056;1000043;11,55.41252514031624,3.0,30.0,48.21252514031624
22,26,22;1000056;1500080;1500075;1500074;1000007;1500083;1500085;1500086;1500087;1000033;26,60.29358251425721,3.0,30.0,53.09358251425721
18,1,18;1000025;1,25.41674864652756,0.0,30.0,25.41674864652756
28,17,28;1000052;1500094;1500092;1500093;1000019;17,35.748038203010935,1.5,30.0,32.148038203010934
34,15,34;1000007;1500061;1500063;1000046;15,17.15457515444085,1.5,30.0,13.554575154440851
34,21,34;1000007;1500074;1500076;1500077;1500078;1500081;1000058;21,48.716132103455124,1.5,30.0,45.11613210345512
33,27,33;1000002;1500008;1500011;1000009;27,36.88995798867671,1.5,30.0,33.28995798867671
25,15,25;1000049;1500066;1500062;1000012;15,33.67123865159408,1.5,30.0,30.071238651594083
32,31,32;1000050;1500071;1500072;1000051;10;1000049;1500066;1500062;1000012;31,78.1133548602532,3.0,60.0,70.91335486025318
7,28,7;1000023;1500026;1500027;1500023;1000007;1500095;1500096;1500097;1500098;1000052;28,55.75500176001556,3.0,30.0,48.555001760015564
28,26,28;1000052;1500094;1500092;1500093;1500091;1000007;1500083;1500085;1500086;1500087;1000033;26,63.136126157705,3.0,30.0,55.936126157705
24,7,24;1000051;10;1000049;1500066;1500062;1500061;1000007;1500023;1500024;1000020;7,78.83748628538814,3.0,60.0,71.63748628538815
35,25,35;1000007;1500061;1500063;1500064;1500065;1000048;25,49.502852739553845,1.5,30.0,45.902852739553836
14,15,14;1000007;1500061;1500063;1000046;15,25.279337189987558,1.5,30.0,21.679337189987564
14,33,14;1000007;1500016;1500018;1000016;33,35.162994874051975,1.5,30.0,31.562994874051974
10,7,10;1000049;1500066;1500062;1500061;1000007;1500023;1500024;1000020;7,55.14973217289652,3.0,30.0,47.949732172896525
11,9,11;1000043;1500056;1500057;1500058;1500054;1000007;1500016;1500018;1500019;1500017;1000009;1500070;1500067;1500071;1000050;9,90.80764315439704,4.5,30.0,80.00764315439703
1,3,1;1000025;1500031;1500032;1500033;1500029;1000007;1500049;1500050;1500047;1000003;3,58.909455012777215,3.0,30.0,51.70945501277721
34,14,34;1000007;14,12.34270796369511,0.0,30.0,12.34270796369511
9,31,9;1000050;1500071;1500072;1000051;10;1000049;1500066;1500062;1000012;31,72.3745312994732,3.0,60.0,65.17453129947319
15,14,15;1000012;1500075;1500074;1000007;14,26.53062293474412,1.5,30.0,22.930622934744118
25,10,25;1000049;10,18.166076270064252,0.0,30.0,18.166076270064252
27,16,27;1000010;1500005;1500006;1000011;16,34.722593142680104,1.5,30.0,31.122593142680103
4,8,4;1000007;1500023;1500024;1500025;1000022;8,37.40832601261751,1.5,30.0,33.808326012617506
31,25,31;1000046;1500063;1500064;1500065;1000048;25,40.29682955892501,1.5,30.0,36.69682955892502
2,27,2;1000023;1500026;1500027;1500023;1000007;1500016;1500018;1500019;1500017;1000009;27,55.5423443712979,3.0,30.0,48.342344371297905
21,20,21;1000058;1500081;1500079;1500080;1000056;20,57.30899078126408,1.5,30.0,53.70899078126408
6,11,6;1000040;1500052;1500049;1000007;1500054;1500055;1500056;1000043;11,41.44519375767649,3.0,30.0,34.24519375767649
4,6,4;1000007;1500039;1500040;1000030;6,39.03030262710767,1.5,30.0,35.43030262710767
21,2,21;1000058;1500081;1500079;1500080;1500075;1500074;1000007;1500023;1500024;1000020;2,70.70608849863844,3.0,30.0,63.50608849863842
9,10,9;1000050;1500071;1500072;1000051;10,36.83583354483319,1.5,30.0,33.235833544833184
10,15,10;1000049;1500066;1500062;1000012;15,25.088613488716586,1.5,30.0,21.488613488716584
17,28,17;1000016;1500096;1500097;1500098;1000052;28,37.81556676379134,1.5,30.0,34.215566763791344
26,16,26;1000034;1500089;1500090;1500084;1000007;1500001;1500007;1000057;16,50.38344597288382,3.0,30.0,43.18344597288382
1,32,1;1000025;5;1000016;1500018;1500019;1500017;1000009;1500070;1500067;1500071;1000050;32,91.62629884619949,3.0,60.0,84.42629884619947
16,28,16;1000052;28,17.244200507381052,0.0,30.0,17.244200507381052
14,7,14;1000041;1500027;1500023;1500024;1000020;7,29.057280667737125,1.5,30.0,25.457280667737123
7,16,7;1000023;1500026;1500027;1500023;1000007;1500001;1500007;1000057;16,47.5263767663581,3.0,30.0,40.3263767663581
6,31,6;1000040;1500052;1500049;1000007;31,30.964474880217484,1.5,30.0,27.364474880217486
35,15,35;1000007;1500061;1500063;1000046;15,32.518401223142654,1.5,30.0,28.918401223142652
16,21,16;1000011;1500006;1500001;1000007;1500074;1500076;1500077;1500078;1500081;1000058;21,71.9686610265301,3.0,30.0,64.76866102653011
11,16,11;1000043;1500056;1500057;1500058;1500054;1000007;1500001;1500007;1000057;16,56.27227351129961,3.0,30.0,49.072273511299606
8,15,8;1000022;1500025;1500026;1500027;1500023;1000007;1500061;1500063;1000046;15,45.0899046894492,3.0,30.0,37.8899046894492
13,28,13;1000057;16;1000052;28,34.28154739371837,0.0,60.0,34.28154739371837
5,1,5;1000025;1,22.335970058757482,0.0,30.0,22.335970058757482
27,1,27;1000018;1500020;1500021;1000019;5;1000025;1,67.73253935987931,1.5,60.0,64.13253935987932
4,22,4;1000007;1500074;1500076;1500077;1000053;22,35.51026118727226,1.5,30.0,31.91026118727226
15,10,15;1000046;1500063;1500064;1500065;1500059;1000004;10,35.30404169881876,1.5,30.0,31.704041698818756
28,10,28;1000017;1500019;1500017;1000009;1500070;1500067;1500071;1500072;1000051;10,66.06537082683722,3.0,30.0,58.86537082683722
6,18,6;1000040;1500052;1500049;1000007;1500029;1500030;1000024;18,44.42282533286367,3.0,30.0,37.222825332863664
7,2,7;1000020;2,14.65693597856064,0.0,30.0,14.65693597856064
3,16,3;1000003;1500047;1500051;1500052;1500049;1000007;1500001;1500007;1000057;16,56.76920338376058,3.0,30.0,49.56920338376058
32,34,32;1000050;1500071;1500072;1000051;10;1000049;1500066;1500062;1500061;1000007;34,75.07535562328077,3.0,60.0,67.87535562328075
33,11,33;1000026;1500032;1500033;1500029;1000007;1500054;1500055;1500056;1000043;11,49.58317142716679,3.0,30.0,42.38317142716679
10,13,10;1000049;1500066;1500062;1500061;1000007;1500010;1500012;1000013;13,55.83235274012293,3.0,30.0,48.63235274012293
4,17,4;1000027;17,14.833291339869403,0.0,30.0,14.833291339869403
22,25,22;1000047;25,30.9927211836168,0.0,30.0,30.9927211836168
5,11,5;1000026;1500032;1500033;1500029;1000007;1500054;1500055;1500056;1000043;11,43.525491581207255,3.0,30.0,36.32549158120726
10,32,10;1000006;1500068;1500070;1500067;1500071;1000050;32,49.131717012845726,1.5,30.0,45.531717012845725
24,21,24;1000051;10;1000049;1500066;1500062;1000012;15;1000046;1500076;1500077;1500078;1500081;1000058;21,92.82912893095579,3.0,90.0,85.62912893095577
28,8,28;1000052;1500094;1500092;1500093;1500091;1000007;1500023;1500024;1500025;1000022;8,61.307446758879436,3.0,30.0,54.10744675887943
6,15,6;1000040;1500052;1500049;1000007;1500061;1500063;1000046;15,34.25304170288295,3.0,30.0,27.053041702882958
25,31,25;1000049;1500066;1500062;1000012;31,44.121322917517496,1.5,30.0,40.5213229175175
32,13,32;1000050;1500071;1500072;1500068;1500070;1000009;1500011;1500013;1500014;1000015;13,88.09931600660813,3.0,30.0,80.89931600660812
33,34,33;1000026;1500032;1500033;1500029;1000007;34,29.4543901460808,1.5,30.0,25.854390146080803
14,26,14;1000041;1500027;1500023;1500024;1500025;1000022;26,36.548638636234095,1.5,30.0,32.948638636234094
2,8,2;1000020;1500024;1500025;1000022;8,25.54323185834005,1.5,30.0,21.94323185834005
11,17,11;1000043;1500056;1500057;1500058;1000045;4;1000027;17,48.78903858211811,1.5,60.0,45.18903858211811
35,3,35;1000007;1500049;1500050;1500047;1000003;3,43.20748315039717,1.5,30.0,39.607483150397165
11,27,11;1000043;1500056;1500057;1500058;1500054;1000007;1500016;1500018;1500019;1500017;1000009;27,67.3681696933287,3.0,30.0,60.1681696933287
7,11,7;1000042;1500055;1500056;1000043;11,31.148329953444176,1.5,30.0,27.548329953444178
32,4,32;1000050;1500071;1500072;1000051;10;1000049;1500066;1500062;1500061;1000007;4,82.33040617274153,3.0,60.0,75.13040617274152
22,16,22;1000056;1500080;1500075;1500074;1000007;1500001;1500007;1000057;16,54.45511988248851,3.0,30.0,47.25511988248851
13,1,13;1000016;5;1000025;1,49.355282744099085,0.0,60.0,49.355282744099085
14,28,14;1000007;1500095;1500096;1500097;1500098;1000052;28,42.49687925941779,1.5,30.0,38.89687925941779
24,28,24;1000051;1500072;1500068;1500070;1000009;27;1000008;28,72.04876859073181,1.5,60.0,68.4487685907318
18,17,18;1000024;17,24.234716302326724,0.0,30.0,24.234716302326724
13,2,13;1000015;1500014;1500010;1000007;1500023;1500024;1000020;2,40.48953289584879,3.0,30.0,33.28953289584879
28,35,28;1000052;1500094;1500092;1500093;1000019;35,40.472508106204074,1.5,30.0,36.87250810620408
3,33,3;1000003;1500047;1500051;1500052;1500049;1000007;1500016;1500018;1000016;33,57.66394399205223,3.0,30.0,50.46394399205223
20,7,20;1000029;1500037;1500034;1000007;1500023;1500024;1000020;7,52.77270191298457,3.0,30.0,45.57270191298457
3,6,3;1000003;1500047;1500051;1500052;1000040;6,28.34212363013747,1.5,30.0,24.742123630137467
17,16,17;1000019;13;1000057;16,43.18158662011208,0.0,60.0,43.18158662011208
8,20,8;1000022;1500025;1500026;1500027;1500023;1000007;1500034;1500036;1000028;20,55.95800827435172,3.0,30.0,48.758008274351724
9,24,9;1000050;1500071;1500072;1000051;24,32.791698386132126,1.5,30.0,29.191698386132124
11,34,11;1000043;1500056;1500057;1500058;1500054;1000007;34,34.34672720923439,1.5,30.0,30.74672720923439
14,34,14;1000007;34,12.34270796369511,0.0,30.0,12.34270796369511
1,24,1;1000025;5;1000016;1500018;1500019;1500017;1000009;1500070;1500067;1000005;24,71.78168667666034,3.0,60.0,64.58168667666034
21,11,21;1000058;1500081;1500079;1500080;1500075;1500074;1000007;1500054;1500055;1500056;1000043;11,77.84491338454112,3.0,30.0,70.6449133845411
31,1,31;1000007;1500029;1500030;1500031;1000025;1,41.93180626285723,1.5,30.0,38.331806262857235
6,9,6;1000040;1500052;1500049;1000007;1500016;1500018;1500019;1500017;1000009;1500070;1500067;1500071;1000050;9,77.77732842175315,4.5,30.0,66.97732842175316
5,28,5;1000016;1500096;1500097;1500098;1000052;28,37.24476057722204,1.5,30.0,33.644760577222044
3,18,3;1000003;1500047;1500051;1500052;1500049;1000007;1500029;1500030;1000024;18,57.95006993796852,3.0,30.0,50.75006993796852
15,21,15;1000046;1500076;1500077;1500078;1500081;1000058;21,44.052761329747575,1.5,30.0,40.452761329747574
25,9,25;1000006;1500068;1500070;1500067;1500071;1000050;9,51.893585797702784,1.5,30.0,48.29358579770278
14,22,14;1000007;1500074;1500076;1500077;1000053;22,36.37997267335821,1.5,30.0,32.779972673358216
21,15,21;1000058;1500081;1500079;1500080;1500075;1000012;15,52.30404707450413,1.5,30.0,48.70404707450413
24,25,24;1000051;1500072;1500068;1000006;25,41.34550636536123,1.5,30.0,37.74550636536122
16,1,16;1000011;1500006;1500001;1000007;1500029;1500030;1500031;1000025;1,55.536272782305225,3.0,30.0,48.33627278230523
7,33,7;1000023;1500026;1500027;1500023;1000007;1500016;1500018;1000016;33,48.42111737464975,3.0,30.0,41.22111737464975
17,21,17;1000027;1500033;1500029;1000007;1500074;1500076;1500077;1500078;1500081;1000058;21,69.49970176330964,3.0,30.0,62.29970176330964
33,32,33;1000002;1500008;1500011;1000009;1500070;1500067;1500071;1000050;32,66.06825501052504,3.0,30.0,58.86825501052504
32,3,32;1000050;1500071;1500072;1000051;10;1000049;1500066;1500062;1500061;1000007;1500049;1500050;1500047;1000003;3,98.70106677682773,4.5,60.0,87.90106677682772
7,14,7;1000023;1500026;1500027;1000041;14,23.79113154865266,1.5,30.0,20.191131548652663
3,21,3;1000003;1500047;1500051;1500052;1500049;1000007;1500074;1500076;1500077;1500078;1500081;1000058;21,79.3418432570021,3.0,30.0,72.14184325700208
22,1,22;1000056;1500080;1500075;1500074;1000007;1500029;1500030;1500031;1000025;1,60.59537151150514,3.0,30.0,53.39537151150514
35,28,35;1000016;1500096;1500097;1500098;1000052;28,42.781267765422506,1.5,30.0,39.181267765422504
22,24,22;1000047;1500064;1500065;1500059;1000004;10;1000051;24,67.83310701666704,1.5,60.0,64.23310701666705
22,35,22;1000056;1500080;1500075;1500074;1000007;35,47.893399649125094,1.5,30.0,44.29339964912509
32,17,32;1000050;1500071;1500072;1500068;1500070;1000009;1500017;1500020;1500021;1000019;17,94.79360641323089,3.0,30.0,87.59360641323087
25,33,25;1000049;1500066;1500062;1500061;1000007;1500016;1500018;1000016;33,63.90361059090194,3.0,30.0,56.70361059090194
2,33,2;1000023;1500026;1500027;1500023;1000007;1500016;1500018;1000016;33,45.341188797560456,3.0,30.0,38.14118879756046
10,22,10;1000049;1500066;1500062;1000012;15;1000046;1500076;1500077;1000053;22,48.68045335282055,3.0,60.0,41.48045335282055
20,3,20;1000029;1500037;1500034;1000007;1500049;1500050;1500047;1000003;3,53.74937941130259,3.0,30.0,46.54937941130259
4,3,4;1000007;1500049;1500050;1500047;1000003;3,35.09870763115612,1.5,30.0,31.498707631156115
27,5,27;1000018;1500020;1500021;1000019;5,45.396569301121836,1.5,30.0,41.79656930112184
22,11,22;1000056;1500080;1500075;1500074;1000007;1500054;1500055;1500056;1000043;11,52.65835486150928,3.0,30.0,45.45835486150928
4,32,4;1000007;1500016;1500018;1500019;1500017;1000009;1500070;1500067;1500071;1000050;32,73.67273598355179,3.0,30.0,66.47273598355179
32,9,32;1000050;9,26.478601379253675,0.0,30.0,26.478601379253675
8,17,8;1000022;1500025;1500026;1500027;1500023;1000007;1500029;1500030;1000024;17,52.26363298106192,3.0,30.0,45.063632981061915
5,3,5;1000026;1500032;1500033;1500029;1000007;1500049;1500050;1500047;1000003;3,47.02242145366823,3.0,30.0,39.82242145366823
20,10,20;1000046;1500063;1500064;1500065;1500059;1000004;10,48.05497898623892,1.5,30.0,44.45497898623892
3,17,3;1000003;1500047;1500051;1500052;1500049;1000007;1500029;1500030;1000024;17,54.95401459960053,3.0,30.0,47.754014599600524
3,11,3;1000003;1500047;1500051;1500052;1500049;1000007;1500054;1500055;1500056;1000043;11,54.972438362781354,3.0,30.0,47.77243836278135
11,13,11;1000043;1500056;1500057;1500058;1500054;1000007;1500010;1500012;1000013;13,57.67838143168974,3.0,30.0,50.47838143168974
15,4,15;1000012;1500075;1500074;1000007;4,25.66091144865816,1.5,30.0,22.06091144865816
32,15,32;1000050;1500071;1500072;1000051;10;1000049;1500066;1500062;1000012;15,67.66327059432979,3.0,60.0,60.463270594329764
32,5,32;1000050;1500071;1500072;1500068;1500070;1000009;1500017;1500020;1500021;1000019;5,95.79985031592352,3.0,30.0,88.5998503159235
13,26,13;1000015;1500014;1500010;1000007;1500083;1500085;1500086;1500087;1000033;26,55.26358543449941,3.0,30.0,48.06358543449941
11,32,11;1000043;1500056;1500057;1500058;1500054;1000007;1500016;1500018;1500019;1500017;1000009;1500070;1500067;1500071;1000050;32,96.54646671517702,4.5,30.0,85.74646671517701
1,17,1;1000025;17,29.26461030694444,0.0,30.0,29.26461030694444
25,16,25;1000049;1500066;1500062;1500061;1000007;1500001;1500007;1000057;16,63.00886998261029,3.0,30.0,55.80886998261029
21,13,21;1000058;1500081;1500079;1500080;1500075;1500074;1000007;1500010;1500012;1000013;13,81.0477863259105,3.0,30.0,73.84778632591048
18,3,18;1000025;1500031;1500032;1500033;1500029;1000007;1500049;1500050;1500047;1000003;3,57.17666186899267,3.0,30.0,49.97666186899267
5,26,5;1000026;1500032;1500033;1500029;1000007;1500083;1500085;1500086;1500087;1000033;26,51.160719233955184,3.0,30.0,43.96071923395518
31,6,31;1000007;1500039;1500040;1000030;6,41.4233144812739,1.5,30.0,37.8233144812739
20,5,20;1000029;1500037;1500034;1000007;1500029;1500030;1500031;1000025;5,53.375894457282854,3.0,30.0,46.17589445728285
10,33,10;1000049;1500066;1500062;1500061;1000007;1500016;1500018;1000016;33,55.32098542802444,3.0,30.0,48.12098542802445
25,14,25;1000049;1500066;1500062;1500061;1000007;14,49.20808571609179,1.5,30.0,45.60808571609178
16,6,16;1000011;1500006;1500001;1000007;1500039;1500040;1000030;6,55.027781000721895,3.0,30.0,47.8277810007219
1,22,1;1000025;1500031;1500032;1500033;1500029;1000007;1500074;1500076;1500077;1000053;22,59.32100856889336,3.0,30.0,52.12100856889336
27,26,27;1000010;1500005;1500006;1500001;1000007;1500083;1500085;1500086;1500087;1000033;26,68.83407315343905,3.0,30.0,61.63407315343904
21,26,21;1000058;1500081;1500079;1500080;1500075;1500074;1000007;1500083;1500085;1500086;1500087;1000033;26,85.48014103728906,3.0,30.0,78.28014103728904
22,31,22;1000056;1500080;1500075;1000012;31,37.567572817395714,1.5,30.0,33.96757281739571
9,3,9;1000050;1500071;1500072;1000051;10;1000049;1500066;1500062;1500061;1000007;1500049;1500050;1500047;1000003;3,92.96224321604774,4.5,60.0,82.16224321604773
26,3,26;1000034;1500089;1500090;1500084;1000007;1500049;1500050;1500047;1000003;3,52.083610824365564,3.0,30.0,44.88361082436556
25,6,25;1000049;1500066;1500062;1500061;1000007;1500039;1500040;1000030;6,68.6406298300436,3.0,30.0,61.44062983004359
4,11,4;1000007;1500054;1500055;1500056;1000043;11,31.601777758695142,1.5,30.0,28.00177775869514
27,11,27;1000010;1500005;1500006;1500001;1000007;1500054;1500055;1500056;1000043;11,61.198845500691114,3.0,30.0,53.99884550069111
15,34,15;1000012;1500075;1500074;1000007;34,18.40586089919741,1.5,30.0,14.805860899197407
28,15,28;1000052;1500094;1500092;1500093;1500091;1000007;1500061;1500063;1000046;15,48.30874645016353,3.0,30.0,41.10874645016353
20,26,20;1000029;1500037;1500034;1000007;1500083;1500085;1500086;1500087;1000033;26,57.887677191589546,3.0,30.0,50.68767719158954
18,11,18;1000042;1500055;1500056;1000043;11,32.36966319144783,1.5,30.0,28.769663191447826
35,6,35;1000007;1500039;1500040;1000030;6,47.13907814634872,1.5,30.0,43.53907814634872
27,34,27;1000010;1500005;1500006;1500001;1000007;34,41.07006421960512,1.5,30.0,37.47006421960512
6,16,6;1000040;1500052;1500049;1000007;1500001;1500007;1000057;16,43.24195877865572,3.0,30.0,36.041958778655726
26,6,26;1000035;1500044;1500045;1500046;1000037;6,38.16036011005777,1.5,30.0,34.56036011005777
32,21,32;1000050;1500071;1500072;1000051;10;1000049;1500066;1500062;1000012;15;1000046;1500076;1500077;1500078;1500081;1000058;21,111.71603192407736,4.5,90.0,100.91603192407734
31,21,31;1000046;1500076;1500077;1500078;1500081;1000058;21,54.8739349915281,1.5,30.0,51.2739349915281
1,21,1;1000025;1500031;1500032;1500033;1500029;1000007;1500074;1500076;1500077;1500078;1500081;1000058;21,79.78193003453697,3.0,30.0,72.58193003453698
27,7,27;1000010;1500005;1500006;1500001;1000007;1500023;1500024;1000020;7,63.71909787483407,3.0,30.0,56.51909787483407
16,24,16;1000057;1500007;1500003;1500004;1000009;1500070;1500067;1000005;24,41.89861956661712,3.0,30.0,34.69861956661712
8,33,8;1000022;1500025;1500026;1500027;1500023;1000007;1500016;1500018;1000016;33,54.973562373513616,3.0,30.0,47.77356237351362
1,28,1;1000025;5;1000016;1500096;1500097;1500098;1000052;28,59.58073063597953,1.5,60.0,55.980730635979526
1,10,1;1000025;1500031;1500032;1500033;1500029;1000007;1500061;1500063;1500064;1500065;1500059;1000004;10,71.03321040360815,3.0,30.0,63.833210403608156
26,10,26;1000034;1500089;1500090;1500084;1000007;1500061;1500063;1500064;1500065;1500059;1000004;10,64.2073662151965,3.0,30.0,57.007366215196505
9,22,9;1000050;1500071;1500072;1500068;1000006;25;1000047;22,77.88630698131958,1.5,60.0,74.28630698131958
9,20,9;1000050;1500071;1500072;1000051;10;1000049;1500066;1500062;1000012;20,74.54477864747264,3.0,60.0,67.34477864747262
31,33,31;1000007;1500016;1500018;1000016;33,36.686295242132246,1.5,30.0,33.086295242132245
33,17,33;1000016;17,22.881682378425523,0.0,30.0,22.881682378425523
9,17,9;1000050;1500071;1500072;1500068;1500070;1000009;1500017;1500020;1500021;1000019;17,89.0547828524509,3.0,30.0,81.85478285245088
18,22,18;1000025;1500031;1500032;1500033;1500029;1000007;1500074;1500076;1500077;1000053;22,57.588215425108814,3.0,30.0,50.38821542510881
13,11,13;1000015;1500014;1500010;1000007;1500054;1500055;1500056;1000043;11,47.62835778175148,3.0,30.0,40.42835778175148
10,25,10;1000049;25,18.166076270064252,0.0,30.0,18.166076270064252
27,13,27;1000010;1500005;1500006;1000011;13,38.74467864332503,1.5,30.0,35.14467864332504
2,20,2;1000023;1500026;1500027;1500023;1000007;1500034;1500036;1000028;20,46.32563469839856,3.0,30.0,39.125634698398564
6,22,6;1000040;1500052;1500049;1000007;1500074;1500076;1500077;1000053;22,45.353677186253606,3.0,30.0,38.15367718625361
22,34,22;1000056;1500080;1500075;1500074;1000007;34,32.52957358042329,1.5,30.0,28.92957358042329
2,5,2;1000023;1500026;1500027;1500023;1000007;1500029;1500030;1500031;1000025;5,45.77312808673082,3.0,30.0,38.57312808673082
4,9,4;1000007;1500016;1500018;1500019;1500017;1000009;1500070;1500067;1500071;1000050;9,67.9339124227718,3.0,30.0,60.733912422771795
35,26,35;1000007;1500083;1500085;1500086;1500087;1000033;26,47.34578093068412,1.5,30.0,43.74578093068412
5,32,5;1000016;1500018;1500019;1500017;1000009;1500070;1500067;1500071;1000050;32,69.290328787442,3.0,30.0,62.090328787442
15,22,15;1000046;1500076;1500077;1000053;22,23.591839864103957,1.5,30.0,19.99183986410396
7,17,7;1000023;1500026;1500027;1500023;1000007;1500029;1500030;1000024;17,45.71118798219804,3.0,30.0,38.51118798219805
22,3,22;1000056;1500080;1500075;1500074;1000007;1500049;1500050;1500047;1000003;3,56.155284733970255,3.0,30.0,48.95528473397025
31,32,31;1000007;1500016;1500018;1500019;1500017;1000009;1500070;1500067;1500071;1000050;32,76.06574783771802,3.0,30.0,68.865747837718
14,4,14;1000041;4,17.945283611828437,0.0,30.0,17.945283611828437
18,21,18;1000025;1500031;1500032;1500033;1500029;1000007;1500074;1500076;1500077;1500078;1500081;1000058;21,78.04913689075244,3.0,30.0,70.84913689075243
1,7,1;1000025;18;1000042;7,54.45923330109919,0.0,60.0,54.45923330109919
5,24,5;1000016;1500018;1500019;1500017;1000009;1500070;1500067;1000005;24,49.44571661790286,3.0,30.0,42.245716617902865
3,20,3;1000003;1500047;1500051;1500052;1500049;1000007;1500034;1500036;1000028;20,58.648389892890336,3.0,30.0,51.44838989289033
32,1,32;1000050;1500071;1500072;1000051;10;1000049;1500066;1500062;1500061;1000007;1500029;1500030;1500031;1000025;1,103.14115355436262,4.5,60.0,92.3411535543626
33,8,33;1000026;1500032;1500033;1500029;1000007;1500023;1500024;1500025;1000022;8,55.389719681089154,3.0,30.0,48.18971968108916
21,5,21;1000058;1500081;1500079;1500080;1500075;1500074;1000007;1500029;1500030;1500031;1000025;5,80.96835830298237,3.0,30.0,73.76835830298235
27,24,27;1000009;1500070;1500067;1000005;24,18.394515748646207,1.5,30.0,14.794515748646209
3,35,3;1000003;1500047;1500051;1500052;1500049;1000007;35,50.20748315039717,1.5,30.0,46.607483150397165
24,27,24;1000051;1500072;1500068;1500070;1000009;27,41.952224925063796,1.5,30.0,38.352224925063794
27,4,27;1000010;1500005;1500006;1500001;1000007;4,48.32511476906588,1.5,30.0,44.725114769065875
35,24,35;1000013;1500012;1500008;1500011;1000009;1500070;1500067;1000005;24,45.5110136577762,3.0,30.0,38.31101365777621
14,31,14;1000007;31,21.990770367322092,0.0,30.0,21.990770367322092
33,31,33;1000026;1500032;1500033;1500029;1000007;31,39.10245254970778,1.5,30.0,35.50245254970778
34,17,34;1000027;17,24.17772805518419,0.0,30.0,24.17772805518419
11,1,11;1000043;1500056;1500057;1500058;1500054;1000007;1500029;1500030;1500031;1000025;1,62.41252514031624,3.0,30.0,55.21252514031624
20,4,20;1000029;1500037;1500034;1000007;4,37.37871880721638,1.5,30.0,33.77871880721638
25,7,25;1000049;1500066;1500062;1500061;1000007;1500023;1500024;1000020;7,63.73235733577402,3.0,30.0,56.532357335774016
1,16,1;1000025;1500031;1500032;1500033;1500029;1000007;1500001;1500007;1000057;16,57.20929016129547,3.0,30.0,50.00929016129547
6,5,6;1000040;1500052;1500049;1000007;1500029;1500030;1500031;1000025;5,44.56863867611773,3.0,30.0,37.36863867611773
24,18,24;1000051;10;1000049;1500066;1500062;1500061;1000007;1500029;1500030;1000024;18,79.29486548643236,3.0,60.0,72.09486548643237
26,20,26;1000034;1500089;1500090;1500084;1000007;1500034;1500036;1000028;20,52.26263248201357,3.0,30.0,45.06263248201357
17,15,17;1000027;1500033;1500029;1000007;1500061;1500063;1000046;15,37.93814481429537,3.0,30.0,30.738144814295367
26,31,26;1000034;1500089;1500090;1500084;1000007;31,38.105962074445586,1.5,30.0,34.50596207444558
8,25,8;1000022;1500025;1500026;1500027;1500023;1000007;1500061;1500063;1500064;1500065;1000048;25,62.07435620586038,3.0,30.0,54.874356205860394
7,6,7;1000036;1500045;1500046;1000037;6,35.14333697533677,1.5,30.0,31.54333697533677
10,17,10;1000049;1500066;1500062;1500061;1000007;1500029;1500030;1000024;17,52.611056035572744,3.0,30.0,45.41105603557274
22,10,22;1000047;1500064;1500065;1500059;1000004;10,44.14535290417542,1.5,30.0,40.545352904175424
11,8,11;1000043;26;1000035;8,37.36945745645922,0.0,60.0,37.36945745645922
27,15,27;1000010;1500005;1500006;1500001;1000007;1500061;1500063;1000046;15,54.006693445897575,3.0,30.0,46.80669344589757
21,27,21;1000058;1500081;1500079;1500080;1500075;1500074;1000007;1500016;1500018;1500019;1500017;1000009;27,90.73757458754945,3.0,30.0,83.53757458754943
33,24,33;1000002;1500008;1500011;1000009;1500070;1500067;1000005;24,46.2236428409859,3.0,30.0,39.02364284098591
18,15,18;1000025;1500031;1500032;1500033;1500029;1000007;1500061;1500063;1000046;15,46.487579941738154,3.0,30.0,39.28757994173816
28,31,28;1000052;1500094;1500092;1500093;1500091;1000007;31,45.02017962749807,1.5,30.0,41.420179627498065
2,18,2;1000042;18,30.84028343947844,0.0,30.0,30.84028343947844
31,4,31;1000007;4,21.121058881236134,0.0,30.0,21.121058881236134
11,5,11;1000043;1500056;1500057;1500058;1500054;1000007;1500029;1500030;1500031;1000025;5,57.598953408761616,3.0,30.0,50.398953408761614
4,2,4;1000007;1500023;1500024;1000020;2,24.46295287279245,1.5,30.0,20.862952872792448
20,6,20;1000029;1500037;1500034;1000007;1500039;1500040;1000030;6,57.68097440725415,3.0,30.0,50.480974407254145
26,27,26;1000034;1500089;1500090;1500084;1000007;1500016;1500018;1500019;1500017;1000009;27,61.47934215491291,3.0,30.0,54.27934215491291
5,34,5;1000026;1500032;1500033;1500029;1000007;34,23.396710300121267,1.5,30.0,19.79671030012127
33,16,33;1000016;13;1000057;16,42.40430312868483,0.0,60.0,42.40430312868483
27,18,27;1000010;1500005;1500006;1500001;1000007;1500029;1500030;1000024;18,64.17647707587828,3.0,30.0,56.97647707587828
13,9,13;1000057;1500007;1500003;1500004;1000009;1500070;1500067;1500071;1000050;9,60.17271652943475,3.0,30.0,52.97271652943475
6,13,6;1000040;1500052;1500049;1000007;1500010;1500012;1000013;13,44.648066699045856,3.0,30.0,37.44806669904586
25,26,25;1000049;1500066;1500062;1500061;1000007;1500083;1500085;1500086;1500087;1000033;26,68.847332614379,3.0,30.0,61.64733261437899
8,28,8;1000022;1500025;1500026;1500027;1500023;1000007;1500095;1500096;1500097;1500098;1000052;28,62.30744675887943,3.0,30.0,55.10744675887943
14,27,14;1000007;1500016;1500018;1500019;1500017;1000009;27,45.36415044778942,1.5,30.0,41.76415044778942
4,7,4;1000007;1500023;1500024;1000020;7,34.1220301328381,1.5,30.0,30.522030132838097
10,31,10;1000049;1500066;1500062;1000012;31,35.538697754640005,1.5,30.0,31.938697754640003
6,4,6;1000040;1500052;1500049;1000007;4,28.571463026051255,1.5,30.0,24.971463026051257
14,11,14;1000007;1500054;1500055;1500056;1000043;11,32.4714892447811,1.5,30.0,28.8714892447811
26,21,26;1000034;1500089;1500090;1500084;1000007;1500074;1500076;1500077;1500078;1500081;1000058;21,72.95608584612532,3.0,30.0,65.75608584612533
13,24,13;1000057;1500007;1500003;1500004;1000009;1500070;1500067;1000005;24,46.06692792067561,3.0,30.0,38.86692792067561
14,9,14;1000007;1500016;1500018;1500019;1500017;1000009;1500070;1500067;1500071;1000050;9,68.80362390885776,3.0,30.0,61.60362390885775
17,20,17;1000027;1500033;1500029;1000007;1500034;1500036;1000028;20,48.80624839919789,3.0,30.0,41.60624839919789
7,10,7;1000023;1500026;1500027;1500023;1000007;1500061;1500063;1500064;1500065;1500059;1000004;10,61.350297008670786,3.0,30.0,54.15029700867079
14,32,14;1000007;1500016;1500018;1500019;1500017;1000009;1500070;1500067;1500071;1000050;32,74.54244746963775,3.0,30.0,67.34244746963773
31,7,31;1000007;1500023;1500024;1000020;7,36.515041987004324,1.5,30.0,32.91504198700433
13,10,13;1000015;1500014;1500010;1000007;1500061;1500063;1500064;1500065;1500059;1000004;10,63.2490430450434,3.0,30.0,56.0490430450434
34,8,34;1000007;1500023;1500024;1500025;1000022;8,30.153275463156753,1.5,30.0,26.55327546315675
34,35,34;1000007;35,19.581771996850204,0.0,30.0,19.581771996850204
13,34,13;1000015;1500014;1500010;1000007;34,27.499576500665494,1.5,30.0,23.899576500665493
22,33,22;1000056;1500080;1500075;1500074;1000007;1500016;1500018;1000016;33,55.34986049078016,3.0,30.0,48.149860490780156
3,28,3;1000003;1500047;1500051;1500052;1500049;1000007;1500095;1500096;1500097;1500098;1000052;28,64.99782837741805,3.0,30.0,57.79782837741804
15,3,15;1000012;1500075;1500074;1000007;1500049;1500050;1500047;1000003;3,42.03157205274437,3.0,30.0,34.83157205274437
22,8,22;1000056;1500080;1500075;1500074;1000007;1500023;1500024;1500025;1000022;8,58.464903115431646,3.0,30.0,51.26490311543164
24,1,24;1000051;10;1000049;1500066;1500062;1500061;1000007;1500029;1500030;1500031;1000025;1,84.25425056124105,3.0,60.0,77.05425056124106
28,16,28;1000052;16,17.244200507381052,0.0,30.0,17.244200507381052
26,8,26;1000035;8,20.267865858227793,0.0,30.0,20.267865858227793
13,25,13;1000015;1500014;1500010;1000007;1500061;1500063;1500064;1500065;1000048;25,57.420657243369135,3.0,30.0,50.22065724336913
33,22,33;1000026;1500032;1500033;1500029;1000007;1500074;1500076;1500077;1000053;22,53.4916548557439,3.0,30.0,46.291654855743914
7,35,7;1000023;1500026;1500027;1500023;1000007;35,40.96465653299468,1.5,30.0,37.36465653299469
18,7,18;1000042;7,29.04248465457163,0.0,30.0,29.04248465457163
2,15,2;1000023;1500026;1500027;1500023;1000007;1500061;1500063;1000046;15,35.45753111349604,3.0,30.0,28.257531113496043
26,34,26;1000034;1500089;1500090;1500084;1000007;34,28.457899670818602,1.5,30.0,24.8578996708186
28,7,28;1000052;1500094;1500092;1500093;1500091;1000007;1500023;1500024;1000020;7,58.02115087910003,3.0,30.0,50.821150879100024
32,35,32;1000050;1500071;1500072;1500068;1500070;1000009;1500011;1500013;1500014;1000015;35,84.60952940532047,3.0,30.0,77.40952940532046
18,26,18;1000042;1500055;1500056;1000043;26,40.19574629935888,1.5,30.0,36.59574629935888
34,4,34;1000007;4,11.472996477609152,0.0,30.0,11.472996477609152
16,10,16;1000011;1500006;1500001;1000007;1500061;1500063;1500064;1500065;1500059;1000004;10,63.21994139560128,3.0,30.0,56.019941395601286
28,2,28;1000052;1500094;1500092;1500093;1500091;1000007;1500023;1500024;1000020;2,48.36207361905438,3.0,30.0,41.162073619054375
9,1,9;1000050;1500071;1500072;1000051;10;1000049;1500066;1500062;1500061;1000007;1500029;1500030;1500031;1000025;1,97.40232999358263,4.5,60.0,86.60232999358261
18,24,18;1000025;5;1000016;1500018;1500019;1500017;1000009;1500070;1500067;1000005;24,70.0488935328758,3.0,60.0,62.8488935328758
21,10,21;1000058;1500081;1500079;1500080;1500075;1000012;15;1000046;1500063;1500064;1500065;1500059;1000004;10,87.60808877332288,3.0,60.0,80.40808877332289
8,26,8;1000035;26,20.267865858227793,0.0,30.0,20.267865858227793
15,11,15;1000012;1500075;1500074;1000007;1500054;1500055;1500056;1000043;11,38.5346421802834,3.0,30.0,31.334642180283396
31,18,31;1000007;1500029;1500030;1000024;18,36.97242118804854,1.5,30.0,33.37242118804854
20,11,20;1000029;1500037;1500034;1000007;1500054;1500055;1500056;1000043;11,50.25244953884162,3.0,30.0,43.052449538841614
24,17,24;1000051;10;1000049;1500066;1500062;1500061;1000007;1500029;1500030;1000024;17,76.29881014806436,3.0,60.0,69.09881014806437
18,2,18;1000042;2,30.84028343947844,0.0,30.0,30.84028343947844
18,4,18;1000024;4,22.98966386931321,0.0,30.0,22.98966386931321
35,17,35;1000027;17,22.307586804516554,0.0,30.0,22.307586804516554
25,28,25;1000006;1500068;1500070;1000009;27;1000008;28,66.15065600230247,1.5,60.0,62.55065600230246
25,27,25;1000006;1500068;1500070;1000009;27,36.054112336634454,1.5,30.0,32.45411233663445
28,3,28;1000052;1500094;1500092;1500093;1500091;1000007;1500049;1500050;1500047;1000003;3,58.997828377418045,3.0,30.0,51.79782837741804
32,27,32;1000050;1500071;1500072;1500068;1500070;1000009;27,53.239127918185346,1.5,30.0,49.639127918185345
14,17,14;1000024;17,24.536440616399524,0.0,30.0,24.536440616399524
33,14,33;1000026;1500032;1500033;1500029;1000007;14,37.57915218162751,1.5,30.0,33.97915218162751
34,2,34;1000007;1500023;1500024;1000020;2,17.207902323331695,1.5,30.0,13.607902323331697
24,26,24;1000051;10;1000049;1500066;1500062;1500061;1000007;1500083;1500085;1500086;1500087;1000033;26,83.95246156399313,3.0,60.0,76.75246156399314
28,25,28;1000052;1500094;1500092;1500093;1500091;1000007;1500061;1500063;1500064;1500065;1000048;25,65.29319796657472,3.0,30.0,58.09319796657472
1,20,1;1000025;1500031;1500032;1500033;1500029;1000007;1500034;1500036;1000028;20,59.08847667042522,3.0,30.0,51.88847667042522
22,15,22;1000056;1500080;1500075;1000012;15,27.1174885514723,1.5,30.0,23.517488551472297
27,2,27;1000010;1500005;1500006;1500001;1000007;1500023;1500024;1000020;2,54.06002061478842,3.0,30.0,46.86002061478842
21,32,21;1000058;1500081;1500079;1500080;1500075;1500074;1000007;1500016;1500018;1500019;1500017;1000009;1500070;1500067;1500071;1000050;32,119.91587160939775,4.5,30.0,109.11587160939774
31,14,31;1000007;14,21.990770367322092,0.0,30.0,21.990770367322092
5,33,5;1000026;33,17.43315451805367,0.0,30.0,17.43315451805367
34,6,34;1000030;6,28.06600083008068,0.0,30.0,28.06600083008068
24,6,24;1000051;10;1000049;1500066;1500062;1500061;1000007;1500039;1500040;1000030;6,83.74575877965772,3.0,60.0,76.54575877965772
3,10,3;1000003;1500047;1500051;1500052;1500049;1000007;1500061;1500063;1500064;1500065;1500059;1000004;10,70.59312362607326,3.0,30.0,63.39312362607327
24,2,24;1000051;10;1000049;1500066;1500062;1500061;1000007;1500023;1500024;1000020;2,69.1784090253425,3.0,60.0,61.9784090253425
18,28,18;1000025;5;1000016;1500096;1500097;1500098;1000052;28,57.84793749219498,1.5,60.0,54.24793749219498
21,3,21;1000058;1500081;1500079;1500080;1500075;1500074;1000007;1500049;1500050;1500047;1000003;3,81.3418432570021,3.0,30.0,74.14184325700208
17,33,17;1000016;33,22.881682378425523,0.0,30.0,22.881682378425523
11,7,11;1000043;1500056;1500057;1000044;7,26.245643561513607,1.5,30.0,22.645643561513605
17,31,17;1000027;1500033;1500029;1000007;31,34.6495779916299,1.5,30.0,31.0495779916299
5,31,5;1000026;1500032;1500033;1500029;1000007;31,33.04477270374825,1.5,30.0,29.44477270374825
11,4,11;1000043;1500056;1500057;1500058;1000045;4,33.955747242248705,1.5,30.0,30.355747242248704
25,20,25;1000049;1500066;1500062;1000012;20,46.29157026551694,1.5,30.0,42.69157026551694
28,20,28;1000052;1500094;1500092;1500093;1500091;1000007;1500034;1500036;1000028;20,59.17685003506605,3.0,30.0,51.97685003506605
26,13,26;1000034;1500089;1500090;1500084;1000007;1500010;1500012;1000013;13,51.789553893273954,3.0,30.0,44.58955389327395
22,4,22;1000056;1500080;1500075;1500074;1000007;4,39.784624129884044,1.5,30.0,36.18462412988404
24,3,24;1000051;10;1000049;1500066;1500062;1500061;1000007;1500049;1500050;1500047;1000003;3,79.81416378370616,3.0,60.0,72.61416378370618
25,2,25;1000049;1500066;1500062;1500061;1000007;1500023;1500024;1000020;2,54.07328007572837,3.0,30.0,46.87328007572837
10,11,10;1000049;1500066;1500062;1500061;1000007;1500054;1500055;1500056;1000043;11,52.629479798753565,3.0,30.0,45.42947979875357
16,32,16;1000057;1500007;1500003;1500004;1000009;1500070;1500067;1500071;1000050;32,61.743231736156254,3.0,30.0,54.54323173615625
6,25,6;1000040;1500052;1500049;1000007;1500061;1500063;1500064;1500065;1000048;25,51.23749321929414,3.0,30.0,44.03749321929415
11,2,11;1000043;1500056;1500057;1000044;2,33.60455378660666,1.5,30.0,30.00455378660666
4,15,4;1000007;1500061;1500063;1000046;15,24.409625703901604,1.5,30.0,20.809625703901602
33,1,33;1000026;1,29.61777898900071,0.0,30.0,29.61777898900071
20,14,20;1000029;1500037;1500034;1000007;14,38.248430293302334,1.5,30.0,34.64843029330234
16,22,16;1000011;1500006;1500001;1000007;1500074;1500076;1500077;1000053;22,51.50773956088648,3.0,30.0,44.30773956088649
1,4,1;1000025;1500031;1500032;1500033;1000027;4,32.71551961109674,1.5,30.0,29.115519611096737
11,14,11;1000043;1500056;1500057;1500058;1000045;14,26.76355484356842,1.5,30.0,23.16355484356842
8,1,8;1000022;1500025;1500026;1500027;1500023;1000007;1500029;1500030;1500031;1000025;1,60.2190733942386,3.0,30.0,53.0190733942386
10,34,10;1000049;1500066;1500062;1500061;1000007;34,32.50069851766758,1.5,30.0,28.90069851766758
5,16,5;1000016;13;1000057;16,44.05665957167893,0.0,60.0,44.05665957167893
16,5,16;1000057;13;1000016;5,44.05665957167893,0.0,60.0,44.05665957167893
8,5,8;1000022;1500025;1500026;1500027;1500023;1000007;1500029;1500030;1500031;1000025;5,55.405501662683974,3.0,30.0,48.205501662683986
5,25,5;1000026;1500032;1500033;1500029;1000007;1500061;1500063;1500064;1500065;1000048;25,53.31779104282491,3.0,30.0,46.117791042824905
11,25,11;1000043;1500056;1500057;1500058;1500054;1000007;1500061;1500063;1500064;1500065;1000048;25,64.26780795193802,3.0,30.0,57.06780795193802
33,18,33;1000026;5;1000025;18,38.036331433026604,0.0,60.0,38.036331433026604
18,16,18;1000025;1500031;1500032;1500033;1500029;1000007;1500001;1500007;1000057;16,55.47649701751092,3.0,30.0,48.27649701751093
13,3,13;1000015;1500014;1500010;1000007;1500049;1500050;1500047;1000003;3,51.12528765421246,3.0,30.0,43.925287654212454
7,3,7;1000023;1500026;1500027;1500023;1000007;1500049;1500050;1500047;1000003;3,49.22654161783984,3.0,30.0,42.02654161783985
5,14,5;1000026;1500032;1500033;1500029;1000007;14,31.521472335667976,1.5,30.0,27.92147233566798
1,33,1;1000026;33,29.61777898900071,0.0,30.0,29.61777898900071
10,1,10;1000049;1500066;1500062;1500061;1000007;1500029;1500030;1500031;1000025;1,60.566496448749426,3.0,30.0,53.36649644874943
17,26,17;1000027;1500033;1500029;1000007;1500083;1500085;1500086;1500087;1000033;26,52.76552452183684,3.0,30.0,45.565524521836835
4,28,4;1000007;1500095;1500096;1500097;1500098;1000052;28,41.627167773331834,1.5,30.0,38.02716777333183
15,33,15;1000012;1500075;1500074;1000007;1500016;1500018;1000016;33,41.22614780955428,3.0,30.0,34.026147809554274
32,25,32;1000050;1500071;1500072;1500068;1000006;25,52.632409358482775,1.5,30.0,49.03240935848278
18,6,18;1000024;14;1000037;6,49.516177195711975,0.0,60.0,49.516177195711975
5,17,5;1000026;17,20.276813019556652,0.0,30.0,20.276813019556652
5,6,5;1000026;1500032;1500033;1500029;1000007;1500039;1500040;1000030;6,50.954016449619786,3.0,30.0,43.75401644961978
13,17,13;1000019;17,26.14423973377475,0.0,30.0,26.14423973377475
2,11,2;1000042;1500055;1500056;1000043;11,32.946128738350986,1.5,30.0,29.346128738350988
31,17,31;1000007;1500029;1500030;1000024;17,33.97636584968055,1.5,30.0,30.376365849680546
17,34,17;1000027;34,24.17772805518419,0.0,30.0,24.17772805518419
8,7,8;1000021;7,19.815195470524397,0.0,30.0,19.815195470524397
33,3,33;1000026;1500032;1500033;1500029;1000007;1500049;1500050;1500047;1000003;3,53.08010129962776,3.0,30.0,45.88010129962777
2,28,2;1000023;1500026;1500027;1500023;1000007;1500095;1500096;1500097;1500098;1000052;28,52.67507318292627,3.0,30.0,45.47507318292627
28,6,28;1000052;1500094;1500092;1500093;1500091;1000007;1500039;1500040;1000030;6,62.9294233733696,3.0,30.0,55.7294233733696
7,15,7;1000023;1500026;1500027;1500023;1000007;1500061;1500063;1000046;15,38.53745969058533,3.0,30.0,31.337459690585334
31,5,31;1000007;1500029;1500030;1500031;1000025;5,37.118234531302605,1.5,30.0,33.51823453130261
2,1,2;1000023;1500026;1500027;1500023;1000007;1500029;1500030;1500031;1000025;1,50.58669981828544,3.0,30.0,43.38669981828544
17,2,17;1000027;1500033;1500029;1000007;1500023;1500024;1000020;2,37.991471983186216,3.0,30.0,30.791471983186213
17,32,17;1000016;1500018;1500019;1500017;1000009;1500070;1500067;1500071;1000050;32,69.86113497401129,3.0,30.0,62.6611349740113
21,17,21;1000058;1500081;1500079;1500080;1500075;1500074;1000007;1500029;1500030;1000024;17,77.8264896213603,3.0,30.0,70.62648962136029
35,13,35;1000015;13,14.09142047189492,0.0,30.0,14.09142047189492
16,26,16;1000011;1500006;1500001;1000007;1500083;1500085;1500086;1500087;1000033;26,55.23448378505729,3.0,30.0,48.0344837850573
5,2,5;1000026;1500032;1500033;1500029;1000007;1500023;1500024;1000020;2,36.38666669530456,3.0,30.0,29.186666695304563
6,32,6;1000040;1500052;1500049;1000007;1500016;1500018;1500019;1500017;1000009;1500070;1500067;1500071;1000050;32,83.51615198253313,4.5,30.0,72.71615198253315
21,6,21;1000058;1500081;1500079;1500080;1500075;1500074;1000007;1500039;1500040;1000030;6,85.27343825295365,3.0,30.0,78.07343825295365
32,6,32;1000050;1500071;1500072;1000051;10;1000049;1500066;1500062;1500061;1000007;1500039;1500040;1000030;6,102.63266177277929,4.5,60.0,91.83266177277928
9,26,9;1000050;1500071;1500072;1000051;10;1000049;1500066;1500062;1500061;1000007;1500083;1500085;1500086;1500087;1000033;26,97.1005409963347,4.5,60.0,86.30054099633469
32,8,32;1000050;1500071;1500072;1000051;10;1000049;1500066;1500062;1500061;1000007;1500023;1500024;1500025;1000022;8,101.01068515828912,4.5,60.0,90.21068515828911
28,9,28;1000017;1500019;1500017;1000009;1500070;1500067;1500071;1000050;9,57.569315100477716,3.0,30.0,50.36931510047771
4,14,4;1000041;14,17.945283611828437,0.0,30.0,17.945283611828437
27,17,27;1000018;1500020;1500021;1000019;17,44.39032539842921,1.5,30.0,40.79032539842922
25,24,25;1000006;1500068;1500070;1500067;1000005;24,37.78779718894364,1.5,30.0,34.18779718894364
33,13,33;1000016;13,25.366956242347506,0.0,30.0,25.366956242347506
25,34,25;1000049;1500066;1500062;1500061;1000007;34,41.08332368054507,1.5,30.0,37.48332368054507
9,25,9;1000050;1500071;1500072;1500068;1000006;25,46.893585797702784,1.5,30.0,43.29358579770279
21,1,21;1000058;1500081;1500079;1500080;1500075;1500074;1000007;1500029;1500030;1500031;1000025;1,85.78193003453698,3.0,30.0,78.58193003453697
8,14,8;1000022;1500025;1500026;1500027;1000041;14,30.34357654751653,1.5,30.0,26.743576547516533
20,1,20;1000029;1500037;1500034;1000007;1500029;1500030;1500031;1000025;1,58.18946618883748,3.0,30.0,50.989466188837476
31,35,31;1000007;35,29.229834400477184,0.0,30.0,29.229834400477184
33,6,33;1000026;1500032;1500033;1500029;1000007;1500039;1500040;1000030;6,57.01169629557932,3.0,30.0,49.811696295579324
34,1,34;1000007;1500029;1500030;1500031;1000025;1,32.28374385923025,1.5,30.0,28.68374385923025
33,20,33;1000026;1500032;1500033;1500029;1000007;1500034;1500036;1000028;20,53.25912295727577,3.0,30.0,46.059122957275775
7,9,7;1000023;1500026;1500027;1500023;1000007;1500016;1500018;1500019;1500017;1000009;1500070;1500067;1500071;1000050;9,82.06174640945552,4.5,30.0,71.26174640945553
22,17,22;1000056;1500080;1500075;1500074;1000007;1500029;1500030;1000024;17,52.63993109832846,3.0,30.0,45.43993109832846
15,27,15;1000012;1500075;1500074;1000007;1500016;1500018;1500019;1500017;1000009;27,51.42730338329172,3.0,30.0,44.22730338329172
15,13,15;1000012;1500075;1500074;1000007;1500010;1500012;1000013;13,41.73751512165276,3.0,30.0,34.53751512165276
5,4,5;1000026;1500032;1500033;1000027;4,20.828486051987753,1.5,30.0,17.228486051987755
24,31,24;1000051;10;1000049;1500066;1500062;1000012;31,59.22645186713163,1.5,60.0,55.62645186713163
26,9,26;1000034;1500089;1500090;1500084;1000007;1500016;1500018;1500019;1500017;1000009;1500070;1500067;1500071;1000050;9,84.91881561598125,4.5,30.0,74.11881561598125
24,13,24;1000051;1500072;1500068;1500070;1000009;1500011;1500013;1500014;1000015;13,76.81241301348658,3.0,30.0,69.61241301348657
21,35,21;1000058;1500081;1500079;1500080;1500075;1500074;1000007;35,73.07995817215692,1.5,30.0,69.47995817215693
22,9,22;1000047;25;1000006;1500068;1500070;1500067;1500071;1000050;9,82.8863069813196,1.5,60.0,79.2863069813196
15,2,15;1000012;1500075;1500074;1000007;1500023;1500024;1000020;2,31.395817294380706,3.0,30.0,24.195817294380703
31,13,31;1000007;1500010;1500012;1000013;13,37.19766255423073,1.5,30.0,33.59766255423074
26,17,26;1000034;1500089;1500090;1500084;1000007;1500029;1500030;1000024;17,48.56825718872376,3.0,30.0,41.36825718872376
11,31,11;1000043;1500056;1500057;1500058;1500054;1000007;31,43.99478961286137,1.5,30.0,40.39478961286137
20,28,20;1000029;1500037;1500034;1000007;1500095;1500096;1500097;1500098;1000052;28,60.27783955347831,3.0,30.0,53.077839553478306
16,25,16;1000011;1500006;1500001;1000007;1500061;1500063;1500064;1500065;1000048;25,57.39155559392701,3.0,30.0,50.19155559392702
7,27,7;1000023;1500026;1500027;1500023;1000007;1500016;1500018;1500019;1500017;1000009;27,58.62227294838719,3.0,30.0,51.422272948387196
3,8,3;1000003;1500047;1500051;1500052;1500049;1000007;1500023;1500024;1500025;1000022;8,60.77898661670372,3.0,30.0,53.578986616703716
4,31,4;1000007;31,21.121058881236134,0.0,30.0,21.121058881236134
21,34,21;1000058;1500081;1500079;1500080;1500075;1500074;1000007;34,57.716132103455124,1.5,30.0,54.11613210345512
26,18,26;1000034;1500089;1500090;1500084;1000007;1500029;1500030;1000024;18,51.56431252709176,3.0,30.0,44.364312527091755
11,10,11;1000043;1500056;1500057;1500058;1500054;1000007;1500061;1500063;1500064;1500065;1500059;1000004;10,70.0961937536123,3.0,30.0,62.896193753612295
6,3,6;1000040;1500052;1500049;1500050;1500047;1000003;3,37.342123630137465,1.5,30.0,33.74212363013747
4,5,4;1000024;1500030;1500031;1000025;5,30.73547721256728,1.5,30.0,27.135477212567277
22,28,22;1000056;1500080;1500075;1500074;1000007;1500095;1500096;1500097;1500098;1000052;28,62.68374487614597,3.0,30.0,55.48374487614597
16,4,16;1000011;1500006;1500001;1000007;4,34.725525400684134,1.5,30.0,31.125525400684133
27,21,27;1000010;1500005;1500006;1500001;1000007;1500074;1500076;1500077;1500078;1500081;1000058;21,85.56825039491184,3.0,30.0,78.36825039491185
33,15,33;1000026;1500032;1500033;1500029;1000007;1500061;1500063;1000046;15,42.39101937237325,3.0,30.0,35.191019372373255
3,25,3;1000003;1500047;1500051;1500052;1500049;1000007;1500061;1500063;1500064;1500065;1000048;25,64.764737824399,3.0,30.0,57.564737824399
28,13,28;1000052;16;1000057;13,34.28154739371838,0.0,60.0,34.28154739371838
5,22,5;1000026;1500032;1500033;1500029;1000007;1500074;1500076;1500077;1000053;22,47.433975009784376,3.0,30.0,40.23397500978437
22,21,22;1000053;1500077;1500078;1500081;1000058;21,45.15339681311823,1.5,30.0,41.553396813118226
28,24,28;1000017;1500019;1500017;1000009;1500070;1500067;1000005;24,43.463526491718575,3.0,30.0,36.26352649171857
6,26,6;1000031;1500041;1500042;1500043;1000033;26,45.9992341477288,1.5,30.0,42.3992341477288
5,7,5;1000026;1500032;1500033;1500029;1000007;1500023;1500024;1000020;7,46.04574395535021,3.0,30.0,38.845743955350216
34,10,34;1000007;1500061;1500063;1500064;1500065;1500059;1000004;10,39.967412472526306,1.5,30.0,36.367412472526304
21,14,21;1000058;1500081;1500079;1500080;1500075;1500074;1000007;14,65.84089413900183,1.5,30.0,62.24089413900184
17,25,17;1000027;1500033;1500029;1000007;1500061;1500063;1500064;1500065;1000048;25,54.922596330706554,3.0,30.0,47.72259633070655
10,3,10;1000049;1500066;1500062;1500061;1000007;1500049;1500050;1500047;1000003;3,56.12640967121454,3.0,30.0,48.92640967121454
14,13,14;1000007;1500010;1500012;1000013;13,35.67436218615046,1.5,30.0,32.074362186150466
4,25,4;1000007;1500061;1500063;1500064;1500065;1000048;25,41.394077220312795,1.5,30.0,37.794077220312786
5,27,5;1000016;1500018;1500019;1500017;1000009;27,40.11203176559367,1.5,30.0,36.512031765593676
2,16,2;1000023;1500026;1500027;1500023;1000007;1500001;1500007;1000057;16,44.44644818926881,3.0,30.0,37.24644818926881
17,4,17;1000027;4,14.833291339869403,0.0,30.0,14.833291339869403
11,21,11;1000043;1500056;1500057;1500058;1500054;1000007;1500074;1500076;1500077;1500078;1500081;1000058;21,78.84491338454112,3.0,30.0,71.64491338454111
24,20,24;1000051;10;1000049;1500066;1500062;1000012;20,61.39669921513107,1.5,60.0,57.79669921513107
9,11,9;1000050;1500071;1500072;1000051;10;1000049;1500066;1500062;1500061;1000007;1500054;1500055;1500056;1000043;11,89.46531334358676,4.5,60.0,78.66531334358675
16,27,16;1000057;1500007;1500003;1500004;1000009;27,32.56493471430793,1.5,30.0,28.96493471430793
8,6,8;1000035;1500044;1500045;1500046;1000037;6,34.44187731828521,1.5,30.0,30.841877318285214
6,10,6;1000040;1500052;1500049;1000007;1500061;1500063;1500064;1500065;1500059;1000004;10,57.06587902096841,3.0,30.0,49.865879020968414
16,15,16;1000011;1500006;1500001;1000007;1500061;1500063;1000046;15,40.407104077515825,3.0,30.0,33.20710407751583
14,16,14;1000007;1500001;1500007;1000057;16,34.268254265760326,1.5,30.0,30.66825426576033
10,20,10;1000049;1500066;1500062;1000012;20,37.70894510263944,1.5,30.0,34.10894510263944
24,11,24;1000051;10;1000049;1500066;1500062;1500061;1000007;1500054;1500055;1500056;1000043;11,76.31723391124518,3.0,60.0,69.1172339112452
10,6,10;1000049;1500066;1500062;1500061;1000007;1500039;1500040;1000030;6,60.058004667166095,3.0,30.0,52.8580046671661
9,27,9;1000050;1500071;1500072;1500068;1500070;1000009;27,47.500304357405355,1.5,30.0,43.90030435740535
27,25,27;1000009;1500070;1500067;1500071;1500072;1500068;1000006;25,51.05411233663445,1.5,30.0,47.45411233663445
7,20,7;1000023;1500026;1500027;1500023;1000007;1500034;1500036;1000028;20,49.40556327548785,3.0,30.0,42.205563275487854
27,32,27;1000009;1500070;1500067;1500071;1000050;32,38.239127918185346,1.5,30.0,34.639127918185345
4,18,4;1000024;18,22.98966386931321,0.0,30.0,22.98966386931321
16,3,16;1000011;1500006;1500001;1000007;1500049;1500050;1500047;1000003;3,51.09618600477034,3.0,30.0,43.89618600477034
32,28,32;1000050;1500071;1500072;1500068;1500070;1000009;27;1000008;28,83.33567158385335,1.5,60.0,79.73567158385336
13,32,13;1000057;1500007;1500003;1500004;1000009;1500070;1500067;1500071;1000050;32,65.91154009021474,3.0,30.0,58.71154009021474
20,22,20;1000056;22,24.522432258232243,0.0,30.0,24.522432258232243
9,18,9;1000050;1500071;1500072;1000051;10;1000049;1500066;1500062;1500061;1000007;1500029;1500030;1000024;18,92.44294491877393,4.5,60.0,81.64294491877392
21,31,21;1000058;1500081;1500079;1500080;1500075;1000012;31,62.75413134042755,1.5,30.0,59.15413134042755
11,3,11;1000043;1500056;1500057;1500058;1500054;1000007;1500049;1500050;1500047;1000003;3,57.972438362781354,3.0,30.0,50.77243836278135
31,20,31;1000046;20,28.46331532993399,0.0,30.0,28.46331532993399
22,7,22;1000056;1500080;1500075;1500074;1000007;1500023;1500024;1000020;7,55.17860723565224,3.0,30.0,47.978607235652234
8,32,8;1000022;1500025;1500026;1500027;1500023;1000007;1500016;1500018;1500019;1500017;1000009;1500070;1500067;1500071;1000050;32,94.35301496909938,4.5,30.0,83.5530149690994
27,35,27;1000009;1500011;1500013;1500014;1000015;35,40.431232383472135,1.5,30.0,36.83123238347214
11,18,11;1000043;1500056;1500057;1500058;1500054;1500055;1000042;18,52.36966319144783,1.5,30.0,48.769663191447826
31,2,31;1000007;1500023;1500024;1000020;2,26.855964726958675,1.5,30.0,23.255964726958677
33,21,33;1000026;1500032;1500033;1500029;1000007;1500074;1500076;1500077;1500078;1500081;1000058;21,73.95257632138753,3.0,30.0,66.75257632138752
24,35,24;1000051;10;1000049;1500066;1500062;1500061;1000007;35,71.55227869886102,1.5,60.0,67.95227869886101
7,24,7;1000023;1500026;1500027;1500023;1000007;1500016;1500018;1500019;1500017;1000009;1500070;1500067;1000005;24,67.95595780069637,4.5,30.0,57.155957800696385
18,14,18;1000024;14,27.53249595476752,0.0,30.0,27.53249595476752
13,21,13;1000015;1500014;1500010;1000007;1500074;1500076;1500077;1500078;1500081;1000058;21,71.99776267597221,3.0,30.0,64.79776267597222
11,20,11;1000043;1500056;1500057;1500058;1500054;1000007;1500034;1500036;1000028;20,58.15146002042936,3.0,30.0,50.95146002042936
35,11,35;1000007;1500054;1500055;1500056;1000043;11,39.71055327793619,1.5,30.0,36.11055327793619
11,6,11;1000043;1500056;1500057;1500058;1000045;14;1000037;6,48.74723608451288,1.5,60.0,45.147236084512876
26,35,26;1000034;1500089;1500090;1500084;1000007;35,43.8217257395204,1.5,30.0,40.2217257395204
21,8,21;1000058;1500081;1500079;1500080;1500075;1500074;1000007;1500023;1500024;1500025;1000022;8,83.65146163846349,3.0,30.0,76.45146163846347
34,22,34;1000007;1500074;1500076;1500077;1000053;22,28.255210637811505,1.5,30.0,24.655210637811503
3,1,3;1000003;1500047;1500051;1500052;1500049;1000007;1500029;1500030;1500031;1000025;1,62.909455012777215,3.0,30.0,55.70945501277721
6,17,6;1000040;1500052;1500049;1000007;1500029;1500030;1000024;17,41.42676999449567,3.0,30.0,34.22676999449567
2,26,2;1000020;1500085;1500086;1500087;1000033;26,27.371911257165614,1.5,30.0,23.771911257165613
21,33,21;1000058;1500081;1500079;1500080;1500075;1500074;1000007;1500016;1500018;1000016;33,80.536419013812,3.0,30.0,73.33641901381199
13,5,13;1000016;5,27.019312685341603,0.0,30.0,27.019312685341603
8,11,8;1000035;26;1000043;11,37.36945745645922,0.0,60.0,37.36945745645922
34,20,34;1000007;1500034;1500036;1000028;20,28.02267873934337,1.5,30.0,24.42267873934337
35,33,35;1000019;33,27.822283260992023,0.0,30.0,27.822283260992023
35,1,35;1000027;1500033;1500029;1500030;1500031;1000025;1,43.18981507574389,1.5,30.0,39.589815075743886
1,15,1;1000025;1500031;1500032;1500033;1500029;1000007;1500061;1500063;1000046;15,48.2203730855227,3.0,30.0,41.0203730855227
8,10,8;1000022;1500025;1500026;1500027;1500023;1000007;1500061;1500063;1500064;1500065;1500059;1000004;10,67.90274200753466,3.0,30.0,60.70274200753466
16,18,16;1000011;1500006;1500001;1000007;1500029;1500030;1000024;18,50.57688770749654,3.0,30.0,43.376887707496536
15,8,15;1000012;1500075;1500074;1000007;1500023;1500024;1500025;1000022;8,44.341190434205764,3.0,30.0,37.14119043420576
8,16,8;1000022;1500025;1500026;1500027;1500023;1000007;1500001;1500007;1000057;16,54.07882176522197,3.0,30.0,46.87882176522197
21,18,21;1000058;1500081;1500079;1500080;1500075;1500074;1000007;1500029;1500030;1000024;18,80.82254495972829,3.0,30.0,73.62254495972829
15,28,15;1000012;1500075;1500074;1000007;1500095;1500096;1500097;1500098;1000052;28,48.56003219492009,3.0,30.0,41.36003219492009
17,13,17;1000019;13,26.14423973377475,0.0,30.0,26.14423973377475
21,22,21;1000058;1500081;1500079;1500080;1000056;22,52.427759755730015,1.5,30.0,48.827759755730014
5,35,5;1000026;1500032;1500033;1000027;35,28.3027815166349,1.5,30.0,24.7027815166349
18,5,18;1000025;5,20.603176914972934,0.0,30.0,20.603176914972934
26,15,26;1000034;1500089;1500090;1500084;1000007;1500061;1500063;1000046;15,41.39452889711105,3.0,30.0,34.19452889711105
22,13,22;1000056;1500080;1500075;1500074;1000007;1500010;1500012;1000013;13,55.861227802878645,3.0,30.0,48.66122780287864
20,2,20;1000029;1500037;1500034;1000007;1500023;1500024;1000020;2,43.113624652938924,3.0,30.0,35.91362465293892
20,15,20;1000046;15,17.642141668153464,0.0,30.0,17.642141668153464
10,9,10;1000006;1500068;1500070;1500067;1500071;1000050;9,43.392893452065735,1.5,30.0,39.792893452065734
25,22,25;1000047;22,30.9927211836168,0.0,30.0,30.9927211836168
31,22,31;1000046;1500076;1500077;1000053;22,34.41301352588448,1.5,30.0,30.813013525884482
22,27,22;1000056;1500080;1500075;1500074;1000007;1500016;1500018;1500019;1500017;1000009;27,65.5510160645176,3.0,30.0,58.3510160645176
4,10,4;1000007;1500061;1500063;1500064;1500065;1500059;1000004;10,47.22246302198706,1.5,30.0,43.62246302198706
1,35,1;1000025;1500031;1500032;1500033;1000027;35,40.18981507574389,1.5,30.0,36.589815075743886
10,21,10;1000049;1500066;1500062;1000012;15;1000046;1500076;1500077;1500078;1500081;1000058;21,69.14137481846416,3.0,60.0,61.94137481846416
20,35,20;1000029;1500037;1500034;1000007;35,45.48749432645743,1.5,30.0,41.88749432645743
31,9,31;1000007;1500016;1500018;1500019;1500017;1000009;1500070;1500067;1500071;1000050;9,70.32692427693803,3.0,30.0,63.12692427693802
8,27,8;1000022;1500025;1500026;1500027;1500023;1000007;1500016;1500018;1500019;1500017;1000009;27,65.17471794725105,3.0,30.0,57.974717947251065
25,3,25;1000049;1500066;1500062;1500061;1000007;1500049;1500050;1500047;1000003;3,64.70903483409204,3.0,30.0,57.509034834092034
15,17,15;1000012;1500075;1500074;1000007;1500029;1500030;1000024;17,38.51621841710258,3.0,30.0,31.316218417102572
32,26,32;1000050;1500071;1500072;1000051;10;1000049;1500066;1500062;1500061;1000007;1500083;1500085;1500086;1500087;1000033;26,102.83936455711469,4.5,60.0,92.03936455711468
9,13,9;1000050;1500071;1500072;1500068;1500070;1000009;1500011;1500013;1500014;1000015;13,82.36049244582814,3.0,30.0,75.16049244582813
15,35,15;1000012;1500075;1500074;1000007;35,33.76968696789921,1.5,30.0,30.16968696789921
20,33,20;1000029;1500037;1500034;1000007;1500016;1500018;1000016;33,52.943955168112495,3.0,30.0,45.74395516811249
11,35,11;1000043;1500056;1500057;1500058;1000045;4;1000027;35,46.51154013877723,1.5,60.0,42.91154013877723
34,25,34;1000007;1500061;1500063;1500064;1500065;1000048;25,34.13902667085203,1.5,30.0,30.539026670852035
34,32,34;1000007;1500016;1500018;1500019;1500017;1000009;1500070;1500067;1500071;1000050;32,66.41768543409103,3.0,30.0,59.21768543409103
14,1,14;1000024;1500030;1500031;1000025;1,40.09188102957621,1.5,30.0,36.491881029576206
20,17,20;1000029;1500037;1500034;1000007;1500029;1500030;1000024;17,50.2340257756608,3.0,30.0,43.034025775660794
20,9,20;1000029;1500037;1500034;1000007;1500016;1500018;1500019;1500017;1000009;1500070;1500067;1500071;1000050;9,86.58458420291828,4.5,30.0,75.78458420291828
17,6,17;1000024;14;1000037;6,46.52012185734398,0.0,60.0,46.52012185734398
8,34,8;1000022;1500025;1500026;1500027;1500023;1000007;34,32.15327546315675,1.5,30.0,28.553275463156755
8,2,8;1000035;1500044;1500045;1000036;2,27.567350924376456,1.5,30.0,23.967350924376458
27,20,27;1000010;1500005;1500006;1500001;1000007;1500034;1500036;1000028;20,64.8747970308001,3.0,30.0,57.67479703080009
4,16,4;1000007;1500001;1500007;1000057;16,33.39854277967437,1.5,30.0,29.79854277967437
25,32,25;1000006;1500068;1500070;1500067;1500071;1000050;32,57.632409358482775,1.5,30.0,54.032409358482774
24,4,24;1000051;10;1000049;1500066;1500062;1500061;1000007;4,63.44350317961996,1.5,60.0,59.84350317961996
32,11,32;1000050;1500071;1500072;1000051;10;1000049;1500066;1500062;1500061;1000007;1500054;1500055;1500056;1000043;11,95.20413690436675,4.5,60.0,84.40413690436674
9,7,9;1000050;1500071;1500072;1000051;10;1000049;1500066;1500062;1500061;1000007;1500023;1500024;1000020;7,91.98556571772971,4.5,60.0,81.1855657177297
16,2,16;1000011;1500006;1500001;1000007;1500023;1500024;1000020;2,40.46043124640667,3.0,30.0,33.260431246406675
18,20,18;1000025;1500031;1500032;1500033;1500029;1000007;1500034;1500036;1000028;20,57.355683526640675,3.0,30.0,50.15568352664068
7,4,7;1000023;1500026;1500027;1500023;1000007;4,32.85588101375363,1.5,30.0,29.255881013753637
10,24,10;1000051;24,23.68775411249163,0.0,30.0,23.68775411249163
17,10,17;1000027;1500033;1500029;1000007;1500061;1500063;1500064;1500065;1500059;1000004;10,60.75098213238083,3.0,30.0,53.550982132380824
31,10,31;1000046;1500063;1500064;1500065;1500059;1000004;10,46.125215360599285,1.5,30.0,42.52521536059928
20,8,20;1000029;1500037;1500034;1000007;1500023;1500024;1500025;1000022;8,56.05899779276398,3.0,30.0,48.85899779276398
26,2,26;1000035;1500044;1500045;1000036;2,31.285833716149018,1.5,30.0,27.685833716149016
13,22,13;1000015;1500014;1500010;1000007;1500074;1500076;1500077;1000053;22,51.5368412103286,3.0,30.0,44.3368412103286
35,22,35;1000007;1500074;1500076;1500077;1000053;22,43.61903670651331,1.5,30.0,40.019036706513305
35,16,35;1000015;13;1000057;16,31.128767358232245,0.0,60.0,31.128767358232245
1,5,1;1000025;5,22.335970058757482,0.0,30.0,22.335970058757482
34,5,34;1000007;1500029;1500030;1500031;1000025;5,27.470172127675628,1.5,30.0,23.87017212767563
6,27,6;1000040;1500052;1500049;1000007;1500016;1500018;1500019;1500017;1000009;27,54.337854960684815,3.0,30.0,47.13785496068482
10,16,10;1000049;1500066;1500062;1500061;1000007;1500001;1500007;1000057;16,54.426244819732794,3.0,30.0,47.2262448197328
5,21,5;1000026;1500032;1500033;1500029;1000007;1500074;1500076;1500077;1500078;1500081;1000058;21,67.894896475428,3.0,30.0,60.69489647542799
34,13,34;1000007;1500010;1500012;1000013;13,27.54960015060375,1.5,30.0,23.949600150603754
21,16,21;1000058;1500081;1500079;1500080;1500075;1500074;1000007;1500001;1500007;1000057;16,79.64167840552035,3.0,30.0,72.44167840552034
13,33,13;1000016;33,25.366956242347506,0.0,30.0,25.366956242347506
31,28,31;1000007;1500095;1500096;1500097;1500098;1000052;28,44.02017962749806,1.5,30.0,40.42017962749806
16,20,16;1000011;1500006;1500001;1000007;1500034;1500036;1000028;20,51.275207662418346,3.0,30.0,44.07520766241835
21,4,21;1000058;1500081;1500079;1500080;1500075;1500074;1000007;4,64.97118265291587,1.5,30.0,61.37118265291588
34,31,34;1000007;31,13.866008331775381,0.0,30.0,13.866008331775381
27,28,27;1000008;28,30.096543665668015,0.0,30.0,30.096543665668015
16,8,16;1000011;1500006;1500001;1000007;1500023;1500024;1500025;1000022;8,53.40580438623173,3.0,30.0,46.20580438623173
28,34,28;1000052;1500094;1500092;1500093;1500091;1000007;34,35.37211722387108,1.5,30.0,31.772117223871085
28,14,28;1000052;1500094;1500092;1500093;1500091;1000007;14,43.496879259417796,1.5,30.0,39.896879259417794
7,31,7;1000023;1500026;1500027;1500023;1000007;31,35.248892867919864,1.5,30.0,31.648892867919866
20,24,20;1000046;1500063;1500064;1500065;1500059;1000004;10;1000051;24,71.74273309873055,1.5,60.0,68.14273309873055
25,35,25;1000049;1500066;1500062;1500061;1000007;35,56.447149749246876,1.5,30.0,52.847149749246874
15,1,15;1000012;1500075;1500074;1000007;1500029;1500030;1500031;1000025;1,46.47165883027926,3.0,30.0,39.27165883027926
31,15,31;1000046;15,15.712378042513828,0.0,30.0,15.712378042513828
16,9,16;1000057;1500007;1500003;1500004;1000009;1500070;1500067;1500071;1000050;9,56.00440817537626,3.0,30.0,48.80440817537626
33,28,33;1000016;1500096;1500097;1500098;1000052;28,35.59240413422795,1.5,30.0,31.99240413422795
21,28,21;1000058;1500081;1500079;1500080;1500075;1500074;1000007;1500095;1500096;1500097;1500098;1000052;28,87.87030339917781,3.0,30.0,80.6703033991778
6,28,6;1000040;1500052;1500049;1000007;1500095;1500096;1500097;1500098;1000052;28,51.470583772313184,3.0,30.0,44.27058377231319
3,15,3;1000003;1500047;1500051;1500052;1500049;1000007;1500061;1500063;1000046;15,47.780286307987815,3.0,30.0,40.58028630798781
14,25,14;1000007;1500061;1500063;1500064;1500065;1000048;25,42.26378870639874,1.5,30.0,38.66378870639875
1,25,1;1000025;1500031;1500032;1500033;1500029;1000007;1500061;1500063;1500064;1500065;1000048;25,65.2048246019339,3.0,30.0,58.00482460193389
7,13,7;1000023;1500026;1500027;1500023;1000007;1500010;1500012;1000013;13,48.93248468674823,3.0,30.0,41.732484686748236
22,5,22;1000056;1500080;1500075;1500074;1000007;1500029;1500030;1500031;1000025;5,55.78179977995052,3.0,30.0,48.581799779950515
20,31,20;1000046;31,28.46331532993399,0.0,30.0,28.46331532993399
13,20,13;1000015;1500014;1500010;1000007;1500034;1500036;1000028;20,51.304309311860465,3.0,30.0,44.10430931186046
11,33,11;1000043;1500056;1500057;1500058;1500054;1000007;1500016;1500018;1000016;33,57.16701411959126,3.0,30.0,49.967014119591255
16,7,16;1000011;1500006;1500001;1000007;1500023;1500024;1000020;7,50.11950850645232,3.0,30.0,42.919508506452324
22,6,22;1000056;1500080;1500075;1500074;1000007;1500039;1500040;1000030;6,60.08687972992181,3.0,30.0,52.88687972992181
10,27,10;1000006;1500068;1500070;1000009;27,27.553419990997405,1.5,30.0,23.953419990997403
32,10,32;1000050;1500071;1500072;1000051;10,42.574657105613184,1.5,30.0,38.974657105613176
22,14,22;1000056;1500080;1500075;1500074;1000007;14,40.65433561597,1.5,30.0,37.054335615970004
2,3,2;1000023;1500026;1500027;1500023;1000007;1500049;1500050;1500047;1000003;3,46.14661304075055,3.0,30.0,38.946613040750556
9,6,9;1000050;1500071;1500072;1000051;10;1000049;1500066;1500062;1500061;1000007;1500039;1500040;1000030;6,96.8938382119993,4.5,60.0,86.09383821199928
32,22,32;1000050;1500071;1500072;1500068;1000006;25;1000047;22,83.62513054209958,1.5,60.0,80.02513054209957
35,21,35;1000007;1500074;1500076;1500077;1500078;1500081;1000058;21,64.07995817215692,1.5,30.0,60.47995817215693
27,14,27;1000010;1500005;1500006;1500001;1000007;14,49.19482625515184,1.5,30.0,45.59482625515183
14,8,14;1000041;1500027;1500023;1500024;1500025;1000022;8,32.343576547516534,1.5,30.0,28.743576547516533
2,10,2;1000023;1500026;1500027;1500023;1000007;1500061;1500063;1500064;1500065;1500059;1000004;10,58.270368431581495,3.0,30.0,51.0703684315815
16,34,16;1000011;1500006;1500001;1000007;34,27.47047485122338,1.5,30.0,23.87047485122338
6,8,6;1000031;1500041;1500042;1000032;8,34.876757185872535,1.5,30.0,31.27675718587253
34,9,34;1000007;1500016;1500018;1500019;1500017;1000009;1500070;1500067;1500071;1000050;9,60.67886187331104,3.0,30.0,53.47886187331104
14,35,14;1000027;35,26.0161003823003,0.0,30.0,26.0161003823003
8,35,8;1000022;1500025;1500026;1500027;1500023;1000007;35,47.51710153185856,1.5,30.0,43.917101531858556
8,18,8;1000021;7;1000042;18,48.857680125096024,0.0,60.0,48.857680125096024
15,16,15;1000012;1500075;1500074;1000007;1500001;1500007;1000057;16,40.33140720126263,3.0,30.0,33.131407201262626
2,34,2;1000023;1500026;1500027;1500023;1000007;34,22.520901887203593,1.5,30.0,18.920901887203595
3,7,3;1000003;1500047;1500051;1500052;1500049;1000007;1500023;1500024;1000020;7,57.49269073692431,3.0,30.0,50.29269073692431
8,3,8;1000022;1500025;1500026;1500027;1500023;1000007;1500049;1500050;1500047;1000003;3,55.77898661670371,3.0,30.0,48.578986616703716
33,4,33;1000026;1500032;1500033;1000027;4,26.886165897947286,1.5,30.0,23.28616589794729
2,13,2;1000023;1500026;1500027;1500023;1000007;1500010;1500012;1000013;13,45.85255610965894,3.0,30.0,38.652556109658946
27,33,27;1000009;1500011;1500013;1000014;33,41.635417387947065,1.5,30.0,38.035417387947064
25,18,25;1000049;1500066;1500062;1500061;1000007;1500029;1500030;1000024;18,64.18973653681823,3.0,30.0,56.98973653681823
13,8,13;1000015;1500014;1500010;1000007;1500023;1500024;1500025;1000022;8,53.43490603567385,3.0,30.0,46.234906035673845
11,15,11;1000043;1500056;1500057;1500058;1500054;1000007;1500061;1500063;1000046;15,47.28335643552684,3.0,30.0,40.08335643552684
15,26,15;1000012;1500075;1500074;1000007;1500083;1500085;1500086;1500087;1000033;26,46.16986983303133,3.0,30.0,38.969869833031325
13,6,13;1000015;1500014;1500010;1000007;1500039;1500040;1000030;6,55.05688265016401,3.0,30.0,47.85688265016401
14,21,14;1000007;1500074;1500076;1500077;1500078;1500081;1000058;21,56.84089413900183,1.5,30.0,53.24089413900183
6,35,6;1000040;1500052;1500049;1000007;35,36.680238545292305,1.5,30.0,33.0802385452923
4,1,4;1000024;1500030;1500031;1000025;1,35.5490489441219,1.5,30.0,31.9490489441219
3,26,3;1000003;1500047;1500051;1500052;1500049;1000007;1500083;1500085;1500086;1500087;1000033;26,62.60766601552928,3.0,30.0,55.40766601552928
28,4,28;1000052;1500094;1500092;1500093;1500091;1000007;4,42.627167773331834,1.5,30.0,39.02716777333184
3,5,3;1000003;1500047;1500051;1500052;1500049;1000007;1500029;1500030;1500031;1000025;5,58.0958832812226,3.0,30.0,50.895883281222595
14,24,14;1000007;1500016;1500018;1500019;1500017;1000009;1500070;1500067;1000005;24,54.69783530009861,3.0,30.0,47.49783530009861
32,7,32;1000050;1500071;1500072;1000051;10;1000049;1500066;1500062;1500061;1000007;1500023;1500024;1000020;7,97.7243892785097,4.5,60.0,86.9243892785097
8,21,8;1000022;1500025;1500026;1500027;1500023;1000007;1500074;1500076;1500077;1500078;1500081;1000058;21,76.65146163846347,3.0,30.0,69.45146163846348
10,2,10;1000049;1500066;1500062;1500061;1000007;1500023;1500024;1000020;2,45.49065491285087,3.0,30.0,38.290654912850876
17,24,17;1000016;1500018;1500019;1500017;1000009;1500070;1500067;1000005;24,50.01652280447216,3.0,30.0,42.816522804472164
1,31,1;1000025;1500031;1500032;1500033;1500029;1000007;31,44.931806262857236,1.5,30.0,41.33180626285723
9,33,9;1000050;1500071;1500072;1500068;1500070;1000009;1500011;1500013;1000014;33,80.0748908490154,3.0,30.0,72.8748908490154
7,34,7;1000023;1500026;1500027;1500023;1000007;34,25.600830464292883,1.5,30.0,22.000830464292886
13,31,13;1000015;1500014;1500010;1000007;31,37.14763890429248,1.5,30.0,33.54763890429247
28,32,28;1000017;1500019;1500017;1000009;1500070;1500067;1500071;1000050;32,63.30813866125771,3.0,30.0,56.108138661257705
14,20,14;1000007;1500034;1500036;1000028;20,36.14744077489008,1.5,30.0,32.547440774890084
3,9,3;1000003;1500047;1500051;1500052;1500049;1000007;1500016;1500018;1500019;1500017;1000009;1500070;1500067;1500071;1000050;9,91.30457302685801,4.5,30.0,80.50457302685801
4,27,4;1000007;1500016;1500018;1500019;1500017;1000009;27,44.494438961703466,1.5,30.0,40.894438961703464
14,3,14;1000007;1500049;1500050;1500047;1000003;3,35.96841911724207,1.5,30.0,32.36841911724207
35,9,35;1000013;1500012;1500008;1500011;1000009;1500070;1500067;1500071;1000050;9,59.616802266535345,3.0,30.0,52.41680226653535
5,13,5;1000016;13,27.019312685341603,0.0,30.0,27.019312685341603
31,34,31;1000007;34,13.866008331775381,0.0,30.0,13.866008331775381
24,33,24;1000051;1500072;1500068;1500070;1000009;1500011;1500013;1000014;33,74.52681141667384,3.0,30.0,67.32681141667383
3,4,3;1000003;1500047;1500051;1500052;1500049;1000007;4,42.09870763115612,1.5,30.0,38.498707631156115
5,18,5;1000025;18,20.603176914972934,0.0,30.0,20.603176914972934
25,17,25;1000049;1500066;1500062;1500061;1000007;1500029;1500030;1000024;17,61.193681198450236,3.0,30.0,53.99368119845023
35,18,35;1000027;4;1000024;18,35.54545676584173,0.0,60.0,35.54545676584173
2,21,2;1000023;1500026;1500027;1500023;1000007;1500074;1500076;1500077;1500078;1500081;1000058;21,67.01908806251032,3.0,30.0,59.81908806251032
2,17,2;1000023;1500026;1500027;1500023;1000007;1500029;1500030;1000024;17,42.63125940510875,3.0,30.0,35.43125940510876
28,22,28;1000052;1500094;1500092;1500093;1500091;1000007;1500074;1500076;1500077;1000053;22,59.40938193353419,3.0,30.0,52.20938193353419
18,25,18;1000025;1500031;1500032;1500033;1500029;1000007;1500061;1500063;1500064;1500065;1000048;25,63.472031458149345,3.0,30.0,56.27203145814934
4,24,4;1000007;1500016;1500018;1500019;1500017;1000009;1500070;1500067;1000005;24,53.828123814012656,3.0,30.0,46.62812381401265
18,35,18;1000024;4;1000027;35,35.54545676584173,0.0,60.0,35.54545676584173
10,28,10;1000006;1500068;1500070;1000009;27;1000008;28,57.64996365666542,1.5,60.0,54.04996365666541
4,34,4;1000007;34,11.472996477609152,0.0,30.0,11.472996477609152
35,14,35;1000027;14,26.0161003823003,0.0,30.0,26.0161003823003
21,24,21;1000058;1500081;1500079;1500080;1500075;1500074;1000007;1500016;1500018;1500019;1500017;1000009;1500070;1500067;1000005;24,100.07125943985862,4.5,30.0,89.27125943985861
24,10,24;1000051;10,23.68775411249163,0.0,30.0,23.68775411249163
33,9,33;1000002;1500008;1500011;1000009;1500070;1500067;1500071;1000050;9,60.329431449745044,3.0,30.0,53.12943144974505
35,8,35;1000007;1500023;1500024;1500025;1000022;8,45.51710153185856,1.5,30.0,41.917101531858556
24,16,24;1000051;1500072;1500068;1500070;1000009;1500004;1500005;1500006;1000011;16,75.78331136404447,3.0,30.0,68.58331136404446
6,7,6;1000037;2;1000020;7,38.94338406961238,0.0,60.0,38.94338406961238
10,26,10;1000049;1500066;1500062;1500061;1000007;1500083;1500085;1500086;1500087;1000033;26,60.26470745150149,3.0,30.0,53.0647074515015
28,21,28;1000052;1500094;1500092;1500093;1500091;1000007;1500074;1500076;1500077;1500078;1500081;1000058;21,79.8703033991778,3.0,30.0,72.67030339917781
26,7,26;1000022;7,24.989457318593665,0.0,30.0,24.989457318593665
32,24,32;1000050;1500071;1500072;1000051;24,38.53052194691212,1.5,30.0,34.930521946912116
14,10,14;1000007;1500061;1500063;1500064;1500065;1500059;1000004;10,48.092174508073015,1.5,30.0,44.49217450807301
9,28,9;1000050;1500071;1500072;1500068;1500070;1000009;27;1000008;28,77.59684802307336,1.5,60.0,73.99684802307337
8,31,8;1000022;1500025;1500026;1500027;1500023;1000007;31,41.80133786678373,1.5,30.0,38.20133786678373
35,5,35;1000019;5,28.700501692313864,0.0,30.0,28.700501692313864
25,8,25;1000049;1500066;1500062;1500061;1000007;1500023;1500024;1500025;1000022;8,67.01865321555343,3.0,30.0,59.818653215553425
33,10,33;1000026;1500032;1500033;1500029;1000007;1500061;1500063;1500064;1500065;1500059;1000004;10,65.20385669045871,3.0,30.0,58.00385669045871
35,31,35;1000007;31,29.229834400477184,0.0,30.0,29.229834400477184
24,34,24;1000051;10;1000049;1500066;1500062;1500061;1000007;34,56.188452630159205,1.5,60.0,52.5884526301592
18,8,18;1000042;7;1000021;8,48.85768012509603,0.0,60.0,48.85768012509603
4,21,4;1000007;1500074;1500076;1500077;1500078;1500081;1000058;21,55.97118265291588,1.5,30.0,52.37118265291588
25,1,25;1000049;1500066;1500062;1500061;1000007;1500029;1500030;1500031;1000025;1,69.14912161162692,3.0,30.0,61.94912161162692
33,26,33;1000026;1500032;1500033;1500029;1000007;1500083;1500085;1500086;1500087;1000033;26,57.21839907991472,3.0,30.0,50.01839907991472
28,18,28;1000052;1500094;1500092;1500093;1000019;5;1000025;18,57.357459020676494,1.5,60.0,53.7574590206765
6,2,6;1000037;2,24.286448091051735,0.0,30.0,24.286448091051735
6,24,6;1000040;1500052;1500049;1000007;1500016;1500018;1500019;1500017;1000009;1500070;1500067;1000005;24,63.671539812994006,4.5,30.0,52.87153981299401
10,8,10;1000049;1500066;1500062;1500061;1000007;1500023;1500024;1500025;1000022;8,58.43602805267593,3.0,30.0,51.236028052675934
25,4,25;1000049;1500066;1500062;1500061;1000007;4,48.338374230005826,1.5,30.0,44.738374230005824
32,18,32;1000050;1500071;1500072;1000051;10;1000049;1500066;1500062;1500061;1000007;1500029;1500030;1000024;18,98.18176847955392,4.5,60.0,87.38176847955391
28,5,28;1000052;1500094;1500092;1500093;1000019;5,36.75428210570355,1.5,30.0,33.15428210570356
8,13,8;1000022;1500025;1500026;1500027;1500023;1000007;1500010;1500012;1000013;13,55.4849296856121,3.0,30.0,48.284929685612106
6,34,6;1000040;1500052;1500049;1000007;34,21.316412476590504,1.5,30.0,17.716412476590506
2,31,2;1000023;1500026;1500027;1500023;1000007;31,32.16896429083057,1.5,30.0,28.568964290830575
18,13,18;1000025;5;1000016;13,47.62248960031454,0.0,60.0,47.62248960031454
20,21,20;1000046;1500076;1500077;1500078;1500081;1000058;21,56.80369861716774,1.5,30.0,53.20369861716774
17,27,17;1000016;1500018;1500019;1500017;1000009;27,40.68283795216297,1.5,30.0,37.082837952162976
9,16,9;1000050;1500071;1500072;1500068;1500070;1000009;1500004;1500005;1500006;1000011;16,81.33139079638603,3.0,30.0,74.13139079638601
15,6,15;1000012;1500075;1500074;1000007;1500039;1500040;1000030;6,45.96316704869593,3.0,30.0,38.76316704869593
28,33,28;1000052;1500094;1500092;1500093;1000019;33,35.87606367438171,1.5,30.0,32.27606367438171
33,25,33;1000026;1500032;1500033;1500029;1000007;1500061;1500063;1500064;1500065;1000048;25,59.375470888784434,3.0,30.0,52.175470888784446
33,7,33;1000026;1500032;1500033;1500029;1000007;1500023;1500024;1000020;7,52.103423801309745,3.0,30.0,44.90342380130975
2,25,2;1000023;1500026;1500027;1500023;1000007;1500061;1500063;1500064;1500065;1000048;25,52.44198262990723,3.0,30.0,45.24198262990723
26,33,26;1000034;1500089;1500090;1500084;1000007;1500016;1500018;1000016;33,51.27818658117547,3.0,30.0,44.078186581175466
4,33,4;1000007;1500016;1500018;1000016;33,34.29328338796602,1.5,30.0,30.69328338796602
17,8,17;1000027;1500033;1500029;1000007;1500023;1500024;1500025;1000022;8,50.936845123011274,3.0,30.0,43.73684512301127
2,4,2;1000045;4,29.74407621499679,0.0,30.0,29.74407621499679
25,5,25;1000049;1500066;1500062;1500061;1000007;1500029;1500030;1500031;1000025;5,64.3355498800723,3.0,30.0,57.135549880072304
24,32,24;1000005;1500067;1500071;1000050;32,29.97281277049453,1.5,30.0,26.37281277049453
2,35,2;1000023;1500026;1500027;1500023;1000007;35,37.88472795590539,1.5,30.0,34.284727955905396
15,24,15;1000046;1500063;1500064;1500065;1500059;1000004;10;1000051;24,58.99179581131038,1.5,60.0,55.39179581131039
25,11,25;1000049;1500066;1500062;1500061;1000007;1500054;1500055;1500056;1000043;11,61.21210496163106,3.0,30.0,54.01210496163106
26,28,26;1000034;1500089;1500090;1500084;1000007;1500095;1500096;1500097;1500098;1000052;28,58.61207096654128,3.0,30.0,51.41207096654128
8,22,8;1000022;1500025;1500026;1500027;1500023;1000007;1500074;1500076;1500077;1000053;22,56.19054017281985,3.0,30.0,48.99054017281986
35,34,35;1000007;34,19.581771996850204,0.0,30.0,19.581771996850204
2,7,2;1000020;7,14.65693597856064,0.0,30.0,14.65693597856064
27,6,27;1000010;1500005;1500006;1500001;1000007;1500039;1500040;1000030;6,68.62737036910364,3.0,30.0,61.42737036910364
17,3,17;1000027;1500033;1500029;1000007;1500049;1500050;1500047;1000003;3,48.62722674154988,3.0,30.0,41.42722674154988
27,8,27;1000010;1500005;1500006;1500001;1000007;1500023;1500024;1500025;1000022;8,67.00539375461348,3.0,30.0,59.805393754613476
21,9,21;1000058;1500081;1500079;1500080;1500075;1500074;1000007;1500016;1500018;1500019;1500017;1000009;1500070;1500067;1500071;1000050;9,114.17704804861778,4.5,30.0,103.37704804861777
24,22,24;1000051;1500072;1500068;1000006;25;1000047;22,72.33822754897803,1.5,60.0,68.73822754897802
33,2,33;1000026;1500032;1500033;1500029;1000007;1500023;1500024;1000020;2,42.444346541264096,3.0,30.0,35.2443465412641
13,15,13;1000015;1500014;1500010;1000007;1500061;1500063;1000046;15,40.436205726957944,3.0,30.0,33.23620572695794
26,22,26;1000034;1500089;1500090;1500084;1000007;1500074;1500076;1500077;1000053;22,52.49516438048171,3.0,30.0,45.29516438048171
6,21,6;1000040;1500052;1500049;1000007;1500074;1500076;1500077;1500078;1500081;1000058;21,65.81459865189723,3.0,30.0,58.61459865189723
10,35,10;1000049;1500066;1500062;1500061;1000007;35,47.864524586369384,1.5,30.0,44.264524586369376
27,3,27;1000010;1500005;1500006;1500001;1000007;1500049;1500050;1500047;1000003;3,64.69577537315209,3.0,30.0,57.495775373152085
3,2,3;1000003;1500047;1500051;1500052;1500049;1000007;1500023;1500024;1000020;2,47.83361347687866,3.0,30.0,40.63361347687866
17,1,17;1000025;1,29.26461030694444,0.0,30.0,29.26461030694444
9,34,9;1000050;1500071;1500072;1000051;10;1000049;1500066;1500062;1500061;1000007;34,69.33653206250078,3.0,60.0,62.13653206250076
7,26,7;1000022;26,24.989457318593665,0.0,30.0,24.989457318593665
3,32,3;1000003;1500047;1500051;1500052;1500049;1000007;1500016;1500018;1500019;1500017;1000009;1500070;1500067;1500071;1000050;32,97.043396587638,4.5,30.0,86.24339658763799
16,17,16;1000057;13;1000019;17,43.18158662011207,0.0,60.0,43.18158662011207
3,22,3;1000003;1500047;1500051;1500052;1500049;1000007;1500074;1500076;1500077;1000053;22,58.880921791358475,3.0,30.0,51.68092179135847
17,18,17;1000024;18,24.234716302326724,0.0,30.0,24.234716302326724
17,35,17;1000027;35,22.307586804516554,0.0,30.0,22.307586804516554
9,15,9;1000050;1500071;1500072;1000051;10;1000049;1500066;1500062;1000012;15,61.92444703354978,3.0,60.0,54.72444703354977
5,8,5;1000026;1500032;1500033;1500029;1000007;1500023;1500024;1500025;1000022;8,49.33203983512962,3.0,30.0,42.13203983512962
3,31,3;1000003;1500047;1500051;1500052;1500049;1000007;31,44.49171948532235,1.5,30.0,40.89171948532234
8,24,8;1000022;1500025;1500026;1500027;1500023;1000007;1500016;1500018;1500019;1500017;1000009;1500070;1500067;1000005;24,74.50840279956024,4.5,30.0,63.708402799560254
14,18,14;1000024;18,27.53249595476752,0.0,30.0,27.53249595476752
10,5,10;1000049;1500066;1500062;1500061;1000007;1500029;1500030;1500031;1000025;5,55.7529247171948,3.0,30.0,48.55292471719481
35,2,35;1000007;1500023;1500024;1000020;2,32.5717283920335,1.5,30.0,28.971728392033498
8,9,8;1000022;1500025;1500026;1500027;1500023;1000007;1500016;1500018;1500019;1500017;1000009;1500070;1500067;1500071;1000050;9,88.6141914083194,4.5,30.0,77.8141914083194
16,14,16;1000011;1500006;1500001;1000007;14,35.59523688677009,1.5,30.0,31.99523688677009
20,27,20;1000029;1500037;1500034;1000007;1500016;1500018;1500019;1500017;1000009;27,63.14511074184994,3.0,30.0,55.94511074184994
26,4,26;1000034;1500089;1500090;1500084;1000007;4,35.71295022027935,1.5,30.0,32.11295022027935
16,35,16;1000057;13;1000015;35,31.128767358232245,0.0,60.0,31.128767358232245
26,14,26;1000034;1500089;1500090;1000041;14,26.64820075517838,1.5,30.0,23.048200755178378
11,24,11;1000043;1500056;1500057;1500058;1500054;1000007;1500016;1500018;1500019;1500017;1000009;1500070;1500067;1000005;24,76.70185454563789,4.5,30.0,65.90185454563787
1,18,1;1000025;18,25.41674864652756,0.0,30.0,25.41674864652756
26,1,26;1000034;1500089;1500090;1500084;1000007;1500029;1500030;1500031;1000025;1,56.52369760190045,3.0,30.0,49.32369760190045
20,32,20;1000029;1500037;1500034;1000007;1500016;1500018;1500019;1500017;1000009;1500070;1500067;1500071;1000050;32,92.32340776369827,4.5,30.0,81.52340776369826
13,14,13;1000015;1500014;1500010;1000007;14,35.62433853621221,1.5,30.0,32.0243385362122
15,7,15;1000012;1500075;1500074;1000007;1500023;1500024;1000020;7,41.054894554426355,3.0,30.0,33.85489455442635
13,35,13;1000015;35,14.09142047189492,0.0,30.0,14.09142047189492
15,20,15;1000046;20,17.642141668153464,0.0,30.0,17.642141668153464
22,18,22;1000056;1500080;1500075;1500074;1000007;1500029;1500030;1000024;18,55.635986436696456,3.0,30.0,48.43598643669645
20,25,20;1000046;1500063;1500064;1500065;1000048;25,42.22659318456465,1.5,30.0,38.626593184564655
15,31,15;1000046;31,15.712378042513828,0.0,30.0,15.712378042513828
18,33,18;1000025;1500031;1500032;1000026;33,35.18739493337811,1.5,30.0,31.58739493337811
7,18,7;1000042;18,29.04248465457163,0.0,30.0,29.04248465457163
10,14,10;1000049;1500066;1500062;1500061;1000007;14,40.62546055321429,1.5,30.0,37.02546055321429
26,24,26;1000034;1500089;1500090;1500084;1000007;1500016;1500018;1500019;1500017;1000009;1500070;1500067;1000005;24,70.81302700722209,4.5,30.0,60.0130270072221
26,25,26;1000034;1500089;1500090;1500084;1000007;1500061;1500063;1500064;1500065;1000048;25,58.37898041352224,3.0,30.0,51.17898041352224
31,26,31;1000007;1500083;1500085;1500086;1500087;1000033;26,41.6300172656093,1.5,30.0,38.0300172656093
24,8,24;1000051;10;1000049;1500066;1500062;1500061;1000007;1500023;1500024;1500025;1000022;8,82.12378216516755,3.0,60.0,74.92378216516757
32,16,32;1000050;1500071;1500072;1500068;1500070;1000009;1500004;1500005;1500006;1000011;16,87.07021435716602,3.0,30.0,79.870214357166
17,14,17;1000024;14,24.536440616399524,0.0,30.0,24.536440616399524
2,32,2;1000023;1500026;1500027;1500023;1000007;1500016;1500018;1500019;1500017;1000009;1500070;1500067;1500071;1000050;32,84.72064139314622,4.5,30.0,73.92064139314623
33,35,33;1000019;35,27.822283260992023,0.0,30.0,27.822283260992023
24,15,24;1000051;10;1000049;1500066;1500062;1000012;15,48.776367601208214,1.5,60.0,45.17636760120821
18,34,18;1000025;1500031;1500032;1500033;1500029;1000007;34,33.55095071544571,1.5,30.0,29.95095071544571
22,20,22;1000056;20,24.522432258232243,0.0,30.0,24.522432258232243
11,26,11;1000043;26,17.10159159823143,0.0,30.0,17.10159159823143
17,5,17;1000026;5,20.276813019556652,0.0,30.0,20.276813019556652
34,7,34;1000007;1500023;1500024;1000020;7,26.866979583377343,1.5,30.0,23.266979583377342
15,32,15;1000012;1500075;1500074;1000007;1500016;1500018;1500019;1500017;1000009;1500070;1500067;1500071;1000050;32,80.60560040514005,4.5,30.0,69.80560040514004
17,7,17;1000027;1500033;1500029;1000007;1500023;1500024;1000020;7,47.650549243231865,3.0,30.0,40.45054924323186
1,14,1;1000025;1500031;1500032;1500033;1500029;1000007;14,43.408505894776965,1.5,30.0,39.80850589477696
35,27,35;1000013;1500012;1500008;1500011;1000009;27,36.17732880546701,1.5,30.0,32.57732880546702
4,35,4;1000027;35,12.55579289652852,0.0,30.0,12.55579289652852
21,7,21;1000058;1500081;1500079;1500080;1500075;1500074;1000007;1500023;1500024;1000020;7,80.36516575868407,3.0,30.0,73.16516575868407
5,9,5;1000016;1500018;1500019;1500017;1000009;1500070;1500067;1500071;1000050;9,63.551505226662,3.0,30.0,56.351505226662006
15,5,15;1000012;1500075;1500074;1000007;1500029;1500030;1500031;1000025;5,41.658087098724636,3.0,30.0,34.45808709872463
20,34,20;1000029;1500037;1500034;1000007;34,30.12366825775563,1.5,30.0,26.523668257755627
16,33,16;1000057;13;1000016;33,42.40430312868483,0.0,60.0,42.40430312868483
6,20,6;1000040;1500052;1500049;1000007;1500034;1500036;1000028;20,45.121145287785474,3.0,30.0,37.92114528778548
35,4,35;1000027;4,12.55579289652852,0.0,30.0,12.55579289652852
26,5,26;1000034;1500089;1500090;1500084;1000007;1500029;1500030;1500031;1000025;5,51.710125870345834,3.0,30.0,44.51012587034583
2,22,2;1000023;1500026;1500027;1500023;1000007;1500074;1500076;1500077;1000053;22,46.5581665968667,3.0,30.0,39.358166596866695
17,9,17;1000016;1500018;1500019;1500017;1000009;1500070;1500067;1500071;1000050;9,64.1223114132313,3.0,30.0,56.922311413231306
21,25,21;1000058;1500081;1500079;1500080;1500075;1000012;15;1000046;1500063;1500064;1500065;1000048;25,81.77970297164862,3.0,60.0,74.57970297164863
34,27,34;1000007;1500016;1500018;1500019;1500017;1000009;27,37.23938841224271,1.5,30.0,33.63938841224271
13,7,13;1000015;1500014;1500010;1000007;1500023;1500024;1000020;7,50.14861015589444,3.0,30.0,42.948610155894436
1,13,1;1000025;5;1000016;13,49.355282744099085,0.0,60.0,49.355282744099085
34,18,34;1000007;1500029;1500030;1000024;18,27.32435878442156,1.5,30.0,23.72435878442156
32,33,32;1000050;1500071;1500072;1500068;1500070;1000009;1500011;1500013;1000014;33,85.8137144097954,3.0,30.0,78.61371440979538
7,5,7;1000023;1500026;1500027;1500023;1000007;1500029;1500030;1500031;1000025;5,48.85305666382011,3.0,30.0,41.65305666382011
3,14,3;1000003;1500047;1500051;1500052;1500049;1000007;14,42.96841911724208,1.5,30.0,39.36841911724207
11,28,11;1000043;1500056;1500057;1500058;1500054;1000007;1500095;1500096;1500097;1500098;1000052;28,64.50089850495708,3.0,30.0,57.30089850495707
5,15,5;1000026;1500032;1500033;1500029;1000007;1500061;1500063;1000046;15,36.33333952641372,3.0,30.0,29.13333952641372
13,16,13;1000057;16,17.037346886337325,0.0,30.0,17.037346886337325
6,33,6;1000040;1500052;1500049;1000007;1500016;1500018;1000016;33,44.13669938694737,3.0,30.0,36.93669938694737
31,8,31;1000007;1500023;1500024;1500025;1000022;8,39.80133786678373,1.5,30.0,36.20133786678373
34,26,34;1000007;1500083;1500085;1500086;1500087;1000033;26,31.981954861982317,1.5,30.0,28.381954861982315
31,11,31;1000007;1500054;1500055;1500056;1000043;11,33.99478961286137,1.5,30.0,30.39478961286137
1,9,1;1000025;5;1000016;1500018;1500019;1500017;1000009;1500070;1500067;1500071;1000050;9,85.8874752854195,3.0,60.0,78.6874752854195
34,33,34;1000007;1500016;1500018;1000016;33,27.038232838505266,1.5,30.0,23.438232838505265
27,31,27;1000010;1500005;1500006;1500001;1000007;31,50.71812662323211,1.5,30.0,47.1181266232321
22,32,22;1000047;25;1000006;1500068;1500070;1500067;1500071;1000050;32,88.62513054209958,1.5,60.0,85.02513054209959
28,1,28;1000052;1500094;1500092;1500093;1000019;5;1000025;1,59.090252164461035,1.5,60.0,55.49025216446104
34,11,34;1000007;1500054;1500055;1500056;1000043;11,24.346727209234388,1.5,30.0,20.746727209234386
4,20,4;1000007;1500034;1500036;1000028;20,35.277729288804125,1.5,30.0,31.677729288804123
3,34,3;1000003;1500047;1500051;1500052;1500049;1000007;34,34.84365708169536,1.5,30.0,31.243657081695364
2,9,2;1000023;1500026;1500027;1500023;1000007;1500016;1500018;1500019;1500017;1000009;1500070;1500067;1500071;1000050;9,78.98181783236625,4.5,30.0,68.18181783236624
3,24,3;1000003;1500047;1500051;1500052;1500049;1000007;1500016;1500018;1500019;1500017;1000009;1500070;1500067;1000005;24,77.19878441809885,4.5,30.0,66.39878441809886
15,9,15;1000012;1500075;1500074;1000007;1500016;1500018;1500019;1500017;1000009;1500070;1500067;1500071;1000050;9,74.86677684436006,4.5,30.0,64.06677684436005
7,32,7;1000023;1500026;1500027;1500023;1000007;1500016;1500018;1500019;1500017;1000009;1500070;1500067;1500071;1000050;32,87.8005699702355,4.5,30.0,77.00056997023552
1,26,1;1000025;1500031;1500032;1500033;1500029;1000007;1500083;1500085;1500086;1500087;1000033;26,63.04775279306417,3.0,30.0,55.84775279306417
1,8,1;1000025;1500031;1500032;1500033;1500029;1000007;1500023;1500024;1500025;1000022;8,61.219073394238606,3.0,30.0,54.0190733942386
24,9,24;1000005;1500067;1500071;1000050;9,24.233989209714544,1.5,30.0,20.633989209714542
2,6,2;1000037;6,24.286448091051735,0.0,30.0,24.286448091051735
20,18,20;1000029;1500037;1500034;1000007;1500029;1500030;1000024;18,53.23008111402879,3.0,30.0,46.03008111402879
31,3,31;1000007;1500049;1500050;1500047;1000003;3,37.49171948532234,1.5,30.0,33.89171948532234
18,9,18;1000025;5;1000016;1500018;1500019;1500017;1000009;1500070;1500067;1500071;1000050;9,84.15468214163495,3.0,60.0,76.95468214163495
16,13,16;1000057;13,17.037346886337325,0.0,30.0,17.037346886337325
15,18,15;1000012;1500075;1500074;1000007;1500029;1500030;1000024;18,41.512273755470574,3.0,30.0,34.31227375547057
3,27,3;1000003;1500047;1500051;1500052;1500049;1000007;1500016;1500018;1500019;1500017;1000009;27,67.86509956578968,3.0,30.0,60.665099565789674
14,2,14;1000041;2,18.23506833062641,0.0,30.0,18.23506833062641
18,27,18;1000025;5;1000016;1500018;1500019;1500017;1000009;27,60.71520868056661,1.5,60.0,57.11520868056661
31,16,31;1000007;1500001;1500007;1000057;16,35.7915546338406,1.5,30.0,32.191554633840596
7,25,7;1000023;1500026;1500027;1500023;1000007;1500061;1500063;1500064;1500065;1000048;25,55.52191120699652,3.0,30.0,48.32191120699652
10,18,10;1000049;1500066;1500062;1500061;1000007;1500029;1500030;1000024;18,55.60711137394074,3.0,30.0,48.40711137394074
9,2,9;1000050;1500071;1500072;1000051;10;1000049;1500066;1500062;1500061;1000007;1500023;1500024;1000020;2,82.32648845768408,4.5,60.0,71.52648845768407
33,5,33;1000026;5,17.43315451805367,0.0,30.0,17.43315451805367
34,24,34;1000007;1500016;1500018;1500019;1500017;1000009;1500070;1500067;1000005;24,46.5730732645519,3.0,30.0,39.3730732645519
3,13,3;1000003;1500047;1500051;1500052;1500049;1000007;1500010;1500012;1000013;13,58.17531130415072,3.0,30.0,50.975311304150715
35,10,35;1000007;1500061;1500063;1500064;1500065;1500059;1000004;10,55.33123854122811,1.5,30.0,51.73123854122811
13,27,13;1000057;1500007;1500003;1500004;1000009;27,36.73324306836642,1.5,30.0,33.13324306836642
1,27,1;1000025;5;1000016;1500018;1500019;1500017;1000009;27,62.44800182435116,1.5,60.0,58.84800182435116
9,14,9;1000050;1500071;1500072;1000051;10;1000049;1500066;1500062;1500061;1000007;14,77.46129409804749,3.0,60.0,70.26129409804747
31,24,31;1000007;1500016;1500018;1500019;1500017;1000009;1500070;1500067;1000005;24,56.22113566817888,3.0,30.0,49.02113566817888
7,22,7;1000023;1500026;1500027;1500023;1000007;1500074;1500076;1500077;1000053;22,49.63809517395599,3.0,30.0,42.438095173955986
13,4,13;1000015;35;1000027;4,26.647213368423444,0.0,60.0,26.647213368423444
18,32,18;1000025;5;1000016;1500018;1500019;1500017;1000009;1500070;1500067;1500071;1000050;32,89.89350570241493,3.0,60.0,82.69350570241494
18,10,18;1000025;1500031;1500032;1500033;1500029;1000007;1500061;1500063;1500064;1500065;1500059;1000004;10,69.3004172598236,3.0,30.0,62.100417259823615
7,21,7;1000023;1500026;1500027;1500023;1000007;1500074;1500076;1500077;1500078;1500081;1000058;21,70.0990166395996,3.0,30.0,62.89901663959961
34,28,34;1000007;1500095;1500096;1500097;1500098;1000052;28,34.37211722387108,1.5,30.0,30.77211722387108
14,6,14;1000037;6,21.983681240944456,0.0,30.0,21.983681240944456
20,13,20;1000029;1500037;1500034;1000007;1500010;1500012;1000013;13,53.45532248021098,3.0,30.0,46.25532248021098
16,11,16;1000011;1500006;1500001;1000007;1500054;1500055;1500056;1000043;11,47.599256132309364,3.0,30.0,40.39925613230937
32,20,32;1000050;1500071;1500072;1000051;10;1000049;1500066;1500062;1000012;20,80.28360220825263,3.0,60.0,73.08360220825261
25,21,25;1000047;22;1000053;1500077;1500078;1500081;1000058;21,76.14611799673503,1.5,60.0,72.54611799673503
9,21,9;1000050;1500071;1500072;1000051;10;1000049;1500066;1500062;1000012;15;1000046;1500076;1500077;1500078;1500081;1000058;21,105.97720836329736,4.5,90.0,95.17720836329735
4,13,4;1000027;35;1000015;13,26.647213368423444,0.0,60.0,26.647213368423444
11,22,11;1000043;1500056;1500057;1500058;1500054;1000007;1500074;1500076;1500077;1000053;22,58.38399191889749,3.0,30.0,51.18399191889749
25,13,25;1000049;1500066;1500062;1500061;1000007;1500010;1500012;1000013;13,64.41497790300043,3.0,30.0,57.214977903000424
9,32,9;1000050;32,26.478601379253675,0.0,30.0,26.478601379253675
6,14,6;1000037;14,21.983681240944456,0.0,30.0,21.983681240944456
26,11,26;1000043;11,17.10159159823143,0.0,30.0,17.10159159823143
24,5,24;1000051;10;1000049;1500066;1500062;1500061;1000007;1500029;1500030;1500031;1000025;5,79.44067882968643,3.0,60.0,72.24067882968643
13,18,13;1000016;5;1000025;18,47.622489600314545,0.0,60.0,47.622489600314545
7,8,7;1000021;8,19.815195470524397,0.0,30.0,19.815195470524397
26,32,26;1000034;1500089;1500090;1500084;1000007;1500016;1500018;1500019;1500017;1000009;1500070;1500067;1500071;1000050;32,90.65763917676122,4.5,30.0,79.85763917676124
27,9,27;1000009;1500070;1500067;1500071;1000050;9,32.500304357405355,1.5,30.0,28.900304357405354
35,20,35;1000007;1500034;1500036;1000028;20,43.386504808045174,1.5,30.0,39.78650480804517
14,5,14;1000024;1500030;1500031;1000025;5,35.27830929802158,1.5,30.0,31.678309298021585
2,24,2;1000023;1500026;1500027;1500023;1000007;1500016;1500018;1500019;1500017;1000009;1500070;1500067;1000005;24,64.87602922360709,4.5,30.0,54.076029223607094
