WKT,STATEFP,COUNTYFP,TRACTCE,GEOID,NAME,NAMELSAD,MTFCC,FUNCSTAT,ALAND,AWATER,INTPTLAT,INTPTLON
"MULTIPOLYGON (((-96.749193 43.503438,-96.746023 43.504661,-96.745721 43.504775,-96.74269 43.505919,-96.741029 43.506547,-96.734293 43.509091,-96.731209 43.51022,-96.727477 43.511641,-96.726887 43.511839,-96.726224 43.512047,-96.724192 43.512552,-96.721193 43.513196,-96.720205 43.513409,-96.714856 43.514608,-96.711552 43.515301,-96.711243 43.51536,-96.710998 43.515417,-96.710365 43.51554,-96.710154 43.515592,-96.709959 43.51566,-96.709703 43.515765,-96.709435 43.515854,-96.708853 43.51611,-96.708567 43.516261,-96.708322 43.516412,-96.707947 43.516676,-96.707635 43.516914,-96.707396 43.517135,-96.707183 43.517322,-96.706899 43.517608,-96.706681 43.517867,-96.706547 43.518057,-96.706363 43.518485,-96.706181 43.518778,-96.70594 43.519277,-96.705646 43.519911,-96.705629 43.519952,-96.705161 43.521052,-96.70486 43.521707,-96.704732 43.521985,-96.704696 43.522063,-96.702612 43.52667,-96.702183 43.527557,-96.702045 43.527752,-96.700958 43.529288,-96.700675 43.529586,-96.700301 43.52989,-96.699917 43.530257,-96.698691 43.531234,-96.698635 43.531279,-96.698577 43.531324,-96.697734 43.531996,-96.696905 43.532635,-96.696244 43.533144,-96.696212 43.53302,-96.696174 43.532869,-96.696141 43.532739,-96.695768 43.531703,-96.695676 43.531442,-96.694923 43.529293,-96.69483 43.528503,-96.694863 43.527831,-96.694996 43.527257,-96.695528 43.525784,-96.696487 43.52306,-96.69658 43.522678,-96.69656 43.52201,-96.69644 43.521524,-96.696227 43.521092,-96.695828 43.520592,-96.695335 43.520174,-96.69433 43.519507,-96.693006 43.518638,-96.692114 43.517902,-96.691595 43.51748,-96.691076 43.516999,-96.69041 43.51616,-96.690177 43.515718,-96.689918 43.515036,-96.689813 43.514622,-96.689685 43.514113,-96.689565 43.513661,-96.689489 43.513237,-96.689432 43.512915,-96.689452 43.512165,-96.689532 43.511463,-96.689597 43.510187,-96.689678 43.509519,-96.689911 43.508675,-96.690164 43.508032,-96.690397 43.50754,-96.69065 43.507119,-96.691076 43.506525,-96.691661 43.505892,-96.693598 43.504066,-96.694204 43.503502,-96.694816 43.502874,-96.695156 43.502437,-96.695375 43.502098,-96.695588 43.501755,-96.695795 43.501328,-96.695981 43.500861,-96.696161 43.500365,-96.69648 43.500367,-96.696852 43.500369,-96.696883 43.500369,-96.698117 43.500362,-96.698671 43.500359,-96.698714 43.500359,-96.699111 43.500357,-96.699228 43.500356,-96.699485 43.500354,-96.699564 43.500353,-96.699898 43.50035,-96.699998 43.50035,-96.700081 43.500349,-96.700379 43.500347,-96.700649 43.500346,-96.701293 43.500342,-96.70237 43.500339,-96.702392 43.500339,-96.70266 43.50034,-96.702861 43.500341,-96.703435 43.500343,-96.703565 43.500343,-96.70371 43.500343,-96.70432 43.500344,-96.704617 43.500344,-96.705636 43.50035,-96.705953 43.500352,-96.70646 43.500357,-96.706568 43.500358,-96.706734 43.50036,-96.707659 43.50037,-96.708395 43.500365,-96.709779 43.500357,-96.710257 43.500357,-96.710275 43.500357,-96.711064 43.500354,-96.711116 43.500354,-96.711995 43.500358,-96.712111 43.500359,-96.712344 43.50036,-96.712362 43.50036,-96.712402 43.500359,-96.712969 43.500353,-96.713001 43.500353,-96.713062 43.500352,-96.713404 43.500348,-96.713771 43.500344,-96.714898 43.500342,-96.716523 43.500339,-96.716872 43.500338,-96.717358 43.500338,-96.717479 43.500339,-96.717549 43.500339,-96.717956 43.50034,-96.717982 43.50034,-96.718613 43.500342,-96.718626 43.500342,-96.71929 43.500344,-96.720244 43.500346,-96.720653 43.500347,-96.721169 43.500345,-96.722343 43.50034,-96.722976 43.500342,-96.724024 43.500344,-96.724102 43.500344,-96.724139 43.500344,-96.724184 43.500344,-96.724377 43.500344,-96.724593 43.500345,-96.724867 43.500345,-96.724888 43.500345,-96.725455 43.50035,-96.72549 43.50035,-96.725746 43.50035,-96.726127 43.50035,-96.726401 43.50035,-96.727379 43.500349,-96.72744 43.500349,-96.727899 43.500349,-96.728573 43.500344,-96.728928 43.500342,-96.729536 43.500344,-96.730029 43.500346,-96.730694 43.500316,-96.731107 43.500298,-96.731637 43.500292,-96.7322 43.500285,-96.732417 43.500292,-96.733758 43.500332,-96.73381 43.500334,-96.734374 43.500351,-96.734763 43.50035,-96.735331 43.500349,-96.735392 43.500349,-96.736842 43.500348,-96.736856 43.500348,-96.738226 43.50033,-96.739303 43.500343,-96.740956 43.500352,-96.74196 43.500357,-96.744177 43.500369,-96.745297 43.500352,-96.746077 43.500341,-96.746925 43.500357,-96.748026 43.500378,-96.748435 43.501515,-96.748461 43.501589,-96.74849 43.501667,-96.74866 43.502141,-96.748739 43.502361,-96.749096 43.503215,-96.749193 43.503438)))","46","099","001902","46099001902","19.02",Census Tract 19.02,G5020,S,"7237653","129556","+43.5086245","-096.7123740"
"MULTIPOLYGON (((-96.702666 43.543949,-96.702655 43.544865,-96.702653 43.545767,-96.702651 43.546663,-96.701412 43.546666,-96.700147 43.546662,-96.698913 43.546669,-96.69893 43.547702,-96.698942 43.548477,-96.700163 43.548471,-96.701423 43.548483,-96.70143 43.54938,-96.701415 43.550306,-96.701417 43.551219,-96.70141 43.552231,-96.70143 43.553982,-96.701414 43.554705,-96.701424 43.555773,-96.701137 43.555813,-96.70104 43.555875,-96.700738 43.556068,-96.700397 43.556299,-96.700833 43.5567,-96.700835 43.557066,-96.700842 43.558462,-96.700845 43.559266,-96.700839 43.559632,-96.70085 43.559749,-96.700888 43.559869,-96.701052 43.560091,-96.701089 43.560214,-96.70045 43.560426,-96.696432 43.561745,-96.695715 43.561985,-96.693587 43.562698,-96.693414 43.562756,-96.693235 43.562817,-96.693277 43.561478,-96.693276 43.558079,-96.693317 43.556443,-96.693327 43.55561,-96.693344 43.555159,-96.693364 43.554639,-96.693518 43.553085,-96.693524 43.553032,-96.69364 43.552059,-96.693741 43.551214,-96.693819 43.551211,-96.693908 43.551208,-96.69398 43.550592,-96.693979 43.55055,-96.694058 43.55006,-96.694103 43.549861,-96.69408 43.549561,-96.694151 43.548454,-96.694151 43.5467,-96.694146 43.54441,-96.694118 43.54394,-96.694115 43.542973,-96.694112 43.542154,-96.694106 43.540314,-96.694007 43.538342,-96.694004 43.538279,-96.693997 43.537444,-96.693991 43.536665,-96.693973 43.536299,-96.693977 43.536183,-96.693992 43.535994,-96.694034 43.535841,-96.694115 43.535622,-96.694259 43.535276,-96.694492 43.534869,-96.694615 43.534666,-96.694761 43.534463,-96.694973 43.534235,-96.695063 43.534148,-96.695161 43.534044,-96.695746 43.533549,-96.695881 43.533426,-96.69601 43.533324,-96.696244 43.533144,-96.696547 43.533789,-96.697053 43.534506,-96.697392 43.534849,-96.697661 43.535102,-96.697945 43.53535,-96.698816 43.535993,-96.699349 43.536405,-96.699608 43.536618,-96.699246 43.536619,-96.699763 43.53699,-96.700989 43.537941,-96.701883 43.538561,-96.702312 43.538846,-96.702393 43.538906,-96.702623 43.539076,-96.702641 43.540302,-96.702636 43.541236,-96.702666 43.542145,-96.702666 43.543949)))","46","099","000401","46099000401","4.01",Census Tract 4.01,G5020,S,"1799515","0","+43.5483445","-096.6975434"
"MULTIPOLYGON (((-96.76575 43.569648,-96.765493 43.570301,-96.76525 43.570678,-96.764239 43.572572,-96.763968 43.572928,-96.763881 43.573055,-96.763303 43.574067,-96.762685 43.574893,-96.762465 43.575123,-96.762137 43.575494,-96.761543 43.576088,-96.759499 43.577889,-96.758754 43.578534,-96.758346 43.578948,-96.757984 43.579345,-96.757243 43.580068,-96.756548 43.580677,-96.755005 43.581997,-96.753664 43.583312,-96.752354 43.584499,-96.751456 43.585371,-96.749713 43.587041,-96.749412 43.58719,-96.749298 43.587151,-96.748997 43.587234,-96.748393 43.587783,-96.748335 43.588163,-96.748144 43.58822,-96.748051 43.588345,-96.747931 43.588541,-96.747615 43.588899,-96.747415 43.589057,-96.747374 43.589076,-96.7472 43.589367,-96.746945 43.589473,-96.746508 43.589748,-96.746191 43.590121,-96.746164 43.590223,-96.746114 43.590284,-96.74603 43.590371,-96.745871 43.590506,-96.74578 43.59059,-96.745367 43.591074,-96.745328 43.591095,-96.745227 43.59117,-96.745163 43.591223,-96.744913 43.59141,-96.74489 43.591427,-96.744819 43.591476,-96.744788 43.591504,-96.744704 43.591542,-96.744479 43.591682,-96.744447 43.591709,-96.744335 43.591825,-96.744271 43.591877,-96.744159 43.591992,-96.744106 43.592038,-96.744004 43.592043,-96.743476 43.592564,-96.743363 43.592811,-96.743062 43.594007,-96.743236 43.594473,-96.743478 43.594693,-96.743712 43.59534,-96.744107 43.597441,-96.744107 43.597809,-96.743964 43.598347,-96.743828 43.598512,-96.743323 43.598896,-96.743221 43.59893,-96.743172 43.598938,-96.74305 43.598991,-96.743016 43.599016,-96.742896 43.599074,-96.742727 43.599143,-96.742632 43.599157,-96.742345 43.599213,-96.742311 43.599225,-96.742257 43.599243,-96.742216 43.599263,-96.742027 43.599334,-96.74198 43.599356,-96.741838 43.599426,-96.741753 43.599462,-96.741662 43.59949,-96.741487 43.599555,-96.740965 43.599827,-96.740754 43.599978,-96.740605 43.600121,-96.740559 43.600184,-96.740447 43.600383,-96.740403 43.600448,-96.740172 43.600845,-96.740314 43.601263,-96.740365 43.601619,-96.740281 43.602011,-96.740314 43.602575,-96.740337 43.60298,-96.74029 43.603394,-96.740135 43.603885,-96.740059 43.604252,-96.740118 43.604677,-96.740187 43.604824,-96.740316 43.605065,-96.740471 43.60528,-96.740738 43.605547,-96.741013 43.605659,-96.741306 43.605667,-96.741797 43.605762,-96.741995 43.605745,-96.742496 43.605495,-96.742805 43.605349,-96.743175 43.605228,-96.743597 43.605151,-96.744251 43.605151,-96.744853 43.605298,-96.745345 43.605392,-96.745595 43.605469,-96.745862 43.605487,-96.746094 43.605547,-96.746284 43.605616,-96.746473 43.605754,-96.746611 43.605969,-96.746637 43.606124,-96.746594 43.606391,-96.746387 43.606764,-96.746172 43.606951,-96.745965 43.607149,-96.745638 43.607381,-96.745371 43.607588,-96.745067 43.608023,-96.744863 43.608354,-96.744725 43.608845,-96.744656 43.609379,-96.744639 43.60962,-96.74463 43.610113,-96.744664 43.610389,-96.744472 43.610354,-96.744363 43.610334,-96.744288 43.61032,-96.741904 43.609829,-96.739075 43.609296,-96.736329 43.608774,-96.733762 43.608295,-96.732481 43.608051,-96.732435 43.608043,-96.730622 43.607698,-96.72974 43.607534,-96.728273 43.607281,-96.728087 43.607251,-96.726935 43.607068,-96.725607 43.606871,-96.724441 43.606707,-96.724055 43.606656,-96.723847 43.606633,-96.722493 43.606463,-96.721295 43.606327,-96.721193 43.60632,-96.719731 43.606167,-96.718369 43.606052,-96.718075 43.606024,-96.71716 43.605958,-96.716271 43.605925,-96.715798 43.605874,-96.714891 43.605834,-96.714278 43.605812,-96.713054 43.605794,-96.711331 43.605792,-96.708003 43.605784,-96.70696 43.605803,-96.706687 43.6058,-96.704638 43.60578,-96.703498 43.605799,-96.703247 43.605808,-96.703197 43.60581,-96.70304 43.605812,-96.702138 43.605848,-96.702023 43.605855,-96.701411 43.605891,-96.700616 43.605938,-96.700025 43.605985,-96.697743 43.606181,-96.697453 43.606214,-96.697001 43.606249,-96.696689 43.606276,-96.692485 43.606643,-96.691901 43.606704,-96.690915 43.606809,-96.690909 43.606555,-96.690894 43.605995,-96.690893 43.604748,-96.690893 43.604477,-96.6909 43.603122,-96.690896 43.603021,-96.690934 43.602639,-96.690928 43.602029,-96.690928 43.601918,-96.690904 43.600614,-96.690901 43.598478,-96.690908 43.598381,-96.6909 43.598037,-96.690902 43.597291,-96.690906 43.597176,-96.690902 43.596868,-96.690904 43.59575,-96.690919 43.594894,-96.690933 43.594577,-96.690934 43.594555,-96.69094 43.594419,-96.690979 43.593873,-96.691024 43.593455,-96.691059 43.593075,-96.691175 43.592239,-96.691283 43.59159,-96.691413 43.590927,-96.691506 43.590519,-96.691834 43.589189,-96.692318 43.587222,-96.692402 43.586854,-96.692462 43.586626,-96.692474 43.586566,-96.692496 43.586458,-96.692676 43.58576,-96.693297 43.583032,-96.69331 43.583012,-96.693473 43.581644,-96.693575 43.580176,-96.693584 43.580052,-96.693581 43.577738,-96.693578 43.575455,-96.693595 43.574072,-96.693611 43.5735,-96.693611 43.573014,-96.693611 43.570178,-96.693613 43.56983,-96.693614 43.56965,-96.693617 43.569605,-96.693716 43.569611,-96.69401 43.569649,-96.694058 43.569658,-96.694463 43.569796,-96.694967 43.570026,-96.695246 43.570176,-96.695552 43.570359,-96.69578 43.570547,-96.695853 43.570596,-96.695893 43.570618,-96.695923 43.570645,-96.695944 43.570677,-96.696359 43.571207,-96.696418 43.571265,-96.696524 43.57134,-96.696963 43.571627,-96.697209 43.571748,-96.697334 43.571805,-96.697465 43.571854,-96.6976 43.571897,-96.698156 43.572043,-96.699206 43.572265,-96.69935 43.572292,-96.699786 43.572352,-96.700573 43.572394,-96.701513 43.572375,-96.702454 43.572401,-96.702947 43.57239,-96.703094 43.572377,-96.703286 43.572349,-96.70348 43.572329,-96.703673 43.5723,-96.703864 43.572265,-96.703913 43.572259,-96.704053 43.572223,-96.704198 43.572201,-96.704339 43.572167,-96.704419 43.572158,-96.704594 43.571984,-96.70477 43.571859,-96.705038 43.571649,-96.706083 43.570742,-96.706851 43.569995,-96.707398 43.569535,-96.707634 43.569314,-96.707795 43.569166,-96.708506 43.568437,-96.708783 43.568211,-96.709032 43.568009,-96.709226 43.567803,-96.70957 43.567497,-96.709605 43.567471,-96.7098 43.567362,-96.709883 43.567323,-96.709969 43.567288,-96.71005 43.567263,-96.710519 43.567123,-96.710566 43.567113,-96.711151 43.567029,-96.711435 43.567007,-96.711938 43.566967,-96.712035 43.566953,-96.712499 43.566831,-96.71269 43.566791,-96.712836 43.566774,-96.713575 43.566719,-96.713674 43.566718,-96.71407 43.56673,-96.714511 43.566779,-96.715089 43.56688,-96.715383 43.566919,-96.717327 43.567212,-96.717868 43.567262,-96.718053 43.567314,-96.718246 43.567346,-96.718295 43.567351,-96.71859 43.56734,-96.718731 43.567375,-96.71878 43.567382,-96.71887 43.567351,-96.718918 43.567343,-96.718968 43.56734,-96.71937 43.567363,-96.719513 43.567357,-96.719661 43.567229,-96.719911 43.567055,-96.720041 43.566947,-96.720079 43.566923,-96.720278 43.566817,-96.720355 43.566772,-96.720824 43.566453,-96.721649 43.566123,-96.721925 43.56597,-96.722 43.565923,-96.722105 43.565847,-96.72237 43.565587,-96.722568 43.56534,-96.722715 43.565196,-96.723335 43.564685,-96.723365 43.564656,-96.723439 43.564563,-96.723674 43.563943,-96.723812 43.563379,-96.723824 43.563308,-96.723859 43.562987,-96.723862 43.562844,-96.723837 43.562738,-96.72375 43.56257,-96.723697 43.56251,-96.723661 43.562485,-96.72356 43.56243,-96.722948 43.562099,-96.721872 43.561654,-96.72169 43.561597,-96.721613 43.561552,-96.721524 43.561466,-96.721483 43.5614,-96.721371 43.561088,-96.72124 43.560856,-96.721211 43.560788,-96.721082 43.560555,-96.721009 43.560461,-96.721002 43.560426,-96.720989 43.560068,-96.720993 43.560033,-96.721109 43.559685,-96.721128 43.559542,-96.721142 43.559482,-96.721169 43.559187,-96.721184 43.559154,-96.72126 43.559061,-96.721323 43.558965,-96.721357 43.558899,-96.721382 43.558868,-96.721415 43.558802,-96.721423 43.558658,-96.721348 43.558521,-96.721315 43.5585,-96.72133 43.558429,-96.721282 43.558292,-96.721241 43.558226,-96.72123 43.558157,-96.72127 43.558054,-96.721274 43.557983,-96.721271 43.557735,-96.721335 43.557566,-96.721443 43.557405,-96.721508 43.557352,-96.721622 43.557284,-96.721708 43.557251,-96.721889 43.557205,-96.721951 43.55716,-96.722056 43.557133,-96.72223 43.55693,-96.722358 43.556776,-96.72272 43.55671,-96.72266 43.556502,-96.722984 43.556079,-96.723248 43.555942,-96.723474 43.555871,-96.723677 43.55547,-96.723828 43.555388,-96.723866 43.555267,-96.723757 43.555073,-96.723526 43.554664,-96.723471 43.554608,-96.723364 43.554178,-96.723327 43.553947,-96.723411 43.553093,-96.723453 43.552664,-96.724024 43.551269,-96.724053 43.55122,-96.724277 43.551219,-96.724832 43.551218,-96.725809 43.551216,-96.726831 43.551213,-96.728325 43.551214,-96.729814 43.551221,-96.731354 43.551205,-96.73135 43.552345,-96.73135 43.552522,-96.731348 43.552997,-96.731347 43.553815,-96.731361 43.555121,-96.731373 43.556418,-96.73139 43.557743,-96.731359 43.559036,-96.731367 43.560298,-96.731344 43.561549,-96.731338 43.562847,-96.731343 43.563857,-96.731345 43.564166,-96.732321 43.564181,-96.733792 43.564181,-96.734142 43.564167,-96.734505 43.564135,-96.734919 43.564062,-96.735965 43.563806,-96.736313 43.563709,-96.736554 43.563656,-96.736841 43.563608,-96.737149 43.563588,-96.737663 43.563578,-96.738725 43.563556,-96.740417 43.563554,-96.747058 43.563518,-96.748809 43.563583,-96.754013 43.563924,-96.755975 43.564076,-96.756621 43.564113,-96.761184 43.564371,-96.7615 43.564406,-96.761832 43.564433,-96.762206 43.564477,-96.762488 43.564523,-96.762925 43.564614,-96.763254 43.564719,-96.76389 43.564963,-96.764274 43.565141,-96.764768 43.565403,-96.765606 43.565926,-96.765674 43.566495,-96.765692 43.566646,-96.765684 43.567694,-96.765781 43.568781,-96.76575 43.569648)))","46","099","000100","46099000100","1",Census Tract 1,G5020,S,"22470026","421592","+43.5837376","-096.7258222"
"MULTIPOLYGON (((-96.732721 43.537703,-96.732707 43.538958,-96.73271 43.540126,-96.732714 43.541444,-96.731262 43.541441,-96.729763 43.541428,-96.728238 43.541443,-96.726804 43.541448,-96.725276 43.541448,-96.723793 43.541431,-96.722307 43.541442,-96.720886 43.541444,-96.719956 43.541438,-96.720238 43.541025,-96.720646 43.540581,-96.720869 43.540345,-96.71952 43.540796,-96.719442 43.540798,-96.717911 43.540476,-96.716315 43.540466,-96.716293 43.537573,-96.716292 43.536737,-96.716292 43.536648,-96.716307 43.535636,-96.716307 43.53484,-96.716309 43.534585,-96.717917 43.534582,-96.719417 43.534577,-96.720854 43.534575,-96.722308 43.534574,-96.723802 43.53458,-96.725264 43.534583,-96.726295 43.534584,-96.7263 43.534859,-96.727538 43.534861,-96.728781 43.534858,-96.730035 43.534875,-96.731278 43.534883,-96.731702 43.534883,-96.732556 43.53487,-96.732536 43.535785,-96.732539 43.536689,-96.732566 43.536695,-96.73271 43.536695,-96.732721 43.537703)))","46","099","000600","46099000600","6",Census Tract 6,G5020,S,"960432","0","+43.5379766","-096.7246004"
"MULTIPOLYGON (((-96.731249 43.511789,-96.726231 43.513001,-96.726223 43.513078,-96.726199 43.513961,-96.726226 43.514865,-96.726221 43.515766,-96.72622 43.516053,-96.726229 43.516679,-96.726236 43.517578,-96.726247 43.518488,-96.727525 43.518498,-96.728737 43.5185,-96.728785 43.519817,-96.728778 43.520736,-96.72998 43.520762,-96.730004 43.522132,-96.728751 43.522126,-96.727494 43.522126,-96.726245 43.522112,-96.725237 43.522116,-96.723796 43.522118,-96.723196 43.52212,-96.722396 43.522115,-96.721063 43.522118,-96.720046 43.522104,-96.719911 43.522109,-96.718694 43.522115,-96.717544 43.522101,-96.715196 43.522113,-96.713112 43.522104,-96.712439 43.522099,-96.711238 43.522114,-96.711255 43.520399,-96.711239 43.519733,-96.711229 43.519354,-96.711226 43.518469,-96.711226 43.517449,-96.711234 43.516638,-96.711236 43.516458,-96.711401 43.515891,-96.711552 43.515301,-96.714856 43.514608,-96.720205 43.513409,-96.721193 43.513196,-96.724192 43.512552,-96.726224 43.512047,-96.726887 43.511839,-96.727477 43.511641,-96.731209 43.51022,-96.731233 43.511055,-96.731251 43.511505,-96.731249 43.511789)))","46","099","001901","46099001901","19.01",Census Tract 19.01,G5020,S,"1279389","0","+43.5178054","-096.7203160"
"MULTIPOLYGON (((-96.724024 43.551269,-96.723453 43.552664,-96.723411 43.553093,-96.723327 43.553947,-96.723364 43.554178,-96.723471 43.554608,-96.723526 43.554664,-96.723757 43.555073,-96.723866 43.555267,-96.723828 43.555388,-96.723677 43.55547,-96.723474 43.555871,-96.723248 43.555942,-96.722984 43.556079,-96.72266 43.556502,-96.72272 43.55671,-96.722358 43.556776,-96.72223 43.55693,-96.722056 43.557133,-96.721951 43.55716,-96.721889 43.557205,-96.721708 43.557251,-96.721622 43.557284,-96.721508 43.557352,-96.721443 43.557405,-96.721335 43.557566,-96.721271 43.557735,-96.721274 43.557983,-96.72127 43.558054,-96.72123 43.558157,-96.721241 43.558226,-96.721282 43.558292,-96.72133 43.558429,-96.721315 43.5585,-96.721348 43.558521,-96.721423 43.558658,-96.721415 43.558802,-96.721382 43.558868,-96.721357 43.558899,-96.721323 43.558965,-96.72126 43.559061,-96.721184 43.559154,-96.721169 43.559187,-96.721142 43.559482,-96.721128 43.559542,-96.721109 43.559685,-96.720993 43.560033,-96.720989 43.560068,-96.721002 43.560426,-96.721009 43.560461,-96.721082 43.560555,-96.721211 43.560788,-96.72124 43.560856,-96.721371 43.561088,-96.721483 43.5614,-96.721524 43.561466,-96.721613 43.561552,-96.72169 43.561597,-96.721872 43.561654,-96.722948 43.562099,-96.72356 43.56243,-96.723661 43.562485,-96.723697 43.56251,-96.72375 43.56257,-96.723837 43.562738,-96.723862 43.562844,-96.723859 43.562987,-96.723824 43.563308,-96.723812 43.563379,-96.723674 43.563943,-96.723439 43.564563,-96.723365 43.564656,-96.723335 43.564685,-96.722715 43.565196,-96.722568 43.56534,-96.72237 43.565587,-96.722105 43.565847,-96.722 43.565923,-96.721925 43.56597,-96.721649 43.566123,-96.720824 43.566453,-96.720355 43.566772,-96.720278 43.566817,-96.720079 43.566923,-96.720041 43.566947,-96.719911 43.567055,-96.719661 43.567229,-96.719513 43.567357,-96.71937 43.567363,-96.718968 43.56734,-96.718918 43.567343,-96.71887 43.567351,-96.71878 43.567382,-96.718731 43.567375,-96.71859 43.56734,-96.718295 43.567351,-96.718246 43.567346,-96.718053 43.567314,-96.717868 43.567262,-96.717327 43.567212,-96.715383 43.566919,-96.715089 43.56688,-96.714511 43.566779,-96.71407 43.56673,-96.713674 43.566718,-96.713575 43.566719,-96.712836 43.566774,-96.71269 43.566791,-96.712499 43.566831,-96.712035 43.566953,-96.711938 43.566967,-96.711435 43.567007,-96.711151 43.567029,-96.710566 43.567113,-96.710519 43.567123,-96.71005 43.567263,-96.709969 43.567288,-96.709883 43.567323,-96.7098 43.567362,-96.709605 43.567471,-96.70957 43.567497,-96.709226 43.567803,-96.709032 43.568009,-96.708783 43.568211,-96.708506 43.568437,-96.707795 43.569166,-96.707634 43.569314,-96.707398 43.569535,-96.706851 43.569995,-96.706083 43.570742,-96.705038 43.571649,-96.70477 43.571859,-96.704594 43.571984,-96.704419 43.572158,-96.704339 43.572167,-96.704198 43.572201,-96.704053 43.572223,-96.703913 43.572259,-96.703864 43.572265,-96.703673 43.5723,-96.70348 43.572329,-96.703286 43.572349,-96.703094 43.572377,-96.702947 43.57239,-96.702454 43.572401,-96.701513 43.572375,-96.700573 43.572394,-96.699786 43.572352,-96.69935 43.572292,-96.699206 43.572265,-96.698156 43.572043,-96.6976 43.571897,-96.697465 43.571854,-96.697334 43.571805,-96.697209 43.571748,-96.696963 43.571627,-96.696524 43.57134,-96.696418 43.571265,-96.696359 43.571207,-96.695944 43.570677,-96.695923 43.570645,-96.695893 43.570618,-96.695853 43.570596,-96.69578 43.570547,-96.695552 43.570359,-96.695246 43.570176,-96.694967 43.570026,-96.694463 43.569796,-96.694058 43.569658,-96.69401 43.569649,-96.693716 43.569611,-96.693617 43.569605,-96.693614 43.56956,-96.693615 43.56938,-96.693623 43.567826,-96.693626 43.56735,-96.693598 43.567065,-96.693587 43.566482,-96.693592 43.564146,-96.693583 43.563945,-96.693569 43.563626,-96.693574 43.563372,-96.693582 43.562971,-96.693587 43.562698,-96.695715 43.561985,-96.696432 43.561745,-96.70045 43.560426,-96.701089 43.560214,-96.701052 43.560091,-96.700888 43.559869,-96.70085 43.559749,-96.700839 43.559632,-96.700845 43.559266,-96.700842 43.558462,-96.700835 43.557066,-96.700833 43.5567,-96.700397 43.556299,-96.700738 43.556068,-96.70104 43.555875,-96.701137 43.555813,-96.701424 43.555773,-96.701414 43.554705,-96.70143 43.553982,-96.70141 43.552231,-96.701417 43.551219,-96.702656 43.551214,-96.703887 43.551214,-96.704356 43.551209,-96.70519 43.551215,-96.706421 43.551207,-96.707682 43.551216,-96.708059 43.551215,-96.708936 43.551211,-96.710186 43.551208,-96.71139 43.551218,-96.711853 43.551209,-96.712637 43.551213,-96.712761 43.551213,-96.713877 43.551219,-96.714235 43.551218,-96.715668 43.551222,-96.717065 43.551217,-96.718501 43.551229,-96.719923 43.55123,-96.721562 43.551226,-96.721634 43.551226,-96.722236 43.551224,-96.722342 43.551224,-96.722401 43.551224,-96.723546 43.55122,-96.723865 43.55122,-96.724053 43.55122,-96.724024 43.551269)))","46","099","000300","46099000300","3",Census Tract 3,G5020,S,"3904158","99245","+43.5608629","-096.7079476"
"MULTIPOLYGON (((-96.694151 43.5467,-96.694077 43.546699,-96.693998 43.546699,-96.693373 43.546693,-96.692695 43.546684,-96.69184 43.546673,-96.691442 43.546685,-96.690825 43.546691,-96.690287 43.546696,-96.688847 43.546699,-96.685596 43.546705,-96.684959 43.546718,-96.684437 43.546724,-96.683913 43.546721,-96.682864 43.546703,-96.682406 43.546685,-96.681867 43.546641,-96.681395 43.546574,-96.680929 43.546485,-96.680475 43.546377,-96.680026 43.54625,-96.673876 43.544256,-96.673188 43.544046,-96.673249 43.543893,-96.673424 43.543913,-96.67404 43.543925,-96.675176 43.54393,-96.675823 43.543933,-96.677117 43.543932,-96.678344 43.54393,-96.678359 43.541245,-96.67758 43.540779,-96.677846 43.540545,-96.677905 43.540472,-96.67796 43.540378,-96.677999 43.540254,-96.678015 43.540135,-96.678014 43.538981,-96.67802 43.538833,-96.678085 43.538598,-96.678209 43.538408,-96.678314 43.538111,-96.678359 43.537847,-96.678344 43.537623,-96.678354 43.53678,-96.67832 43.536661,-96.679261 43.536649,-96.680272 43.536651,-96.681463 43.536655,-96.681834 43.536726,-96.682712 43.537166,-96.682878 43.537242,-96.683061 43.537289,-96.683252 43.537331,-96.683436 43.537345,-96.683622 43.537333,-96.683862 43.537296,-96.684965 43.53695,-96.685935 43.536681,-96.688957 43.53667,-96.6904 43.536652,-96.691393 43.536669,-96.692642 43.53666,-96.693442 43.536658,-96.693789 43.536659,-96.693875 43.536662,-96.693991 43.536665,-96.693997 43.537444,-96.694004 43.538279,-96.694007 43.538342,-96.694106 43.540314,-96.694112 43.542154,-96.694115 43.542973,-96.694118 43.54394,-96.694146 43.54441,-96.694151 43.5467)))","46","099","000406","46099000406","4.06",Census Tract 4.06,G5020,S,"1442302","0","+43.5417650","-096.6859654"
"MULTIPOLYGON (((-96.694151 43.548454,-96.69408 43.549561,-96.694103 43.549861,-96.694058 43.55006,-96.693979 43.55055,-96.69398 43.550592,-96.693908 43.551208,-96.693819 43.551211,-96.693741 43.551214,-96.692482 43.551226,-96.692377 43.551225,-96.691444 43.551217,-96.690372 43.551225,-96.689121 43.55121,-96.687742 43.551228,-96.684682 43.55121,-96.684362 43.551208,-96.683763 43.551212,-96.682706 43.551213,-96.681776 43.551214,-96.681491 43.551214,-96.680242 43.551203,-96.67528 43.551209,-96.673533 43.55121,-96.671962 43.55121,-96.671528 43.55122,-96.671532 43.552681,-96.671532 43.552768,-96.671539 43.553319,-96.67156 43.554932,-96.671561 43.557256,-96.671562 43.55748,-96.671567 43.558485,-96.669322 43.55848,-96.667876 43.558476,-96.664589 43.558465,-96.662239 43.558467,-96.662054 43.558468,-96.661685 43.558468,-96.657155 43.558445,-96.65662 43.558442,-96.654298 43.55843,-96.651548 43.558416,-96.651539 43.556437,-96.651519 43.551893,-96.651516 43.551155,-96.651507 43.547534,-96.651506 43.547081,-96.651485 43.545929,-96.651478 43.545055,-96.651473 43.544439,-96.651472 43.54436,-96.65147 43.544083,-96.651469 43.543921,-96.651649 43.543921,-96.651867 43.543923,-96.652219 43.543925,-96.652317 43.543926,-96.652686 43.543928,-96.652938 43.543929,-96.653236 43.543927,-96.65423 43.543923,-96.654598 43.543921,-96.655748 43.543907,-96.657069 43.543917,-96.659181 43.543918,-96.659902 43.543918,-96.660744 43.543918,-96.661405 43.543918,-96.661623 43.543919,-96.661841 43.543919,-96.662548 43.543912,-96.663637 43.543862,-96.66395 43.543835,-96.664824 43.543758,-96.666391 43.543603,-96.667481 43.54349,-96.667992 43.543437,-96.668778 43.543367,-96.669063 43.543356,-96.669366 43.54335,-96.669666 43.543355,-96.669941 43.543366,-96.670121 43.543374,-96.670323 43.543391,-96.670646 43.543425,-96.671131 43.5435,-96.671483 43.543569,-96.672091 43.543716,-96.672649 43.543882,-96.673188 43.544046,-96.673876 43.544256,-96.680026 43.54625,-96.680475 43.546377,-96.680929 43.546485,-96.681395 43.546574,-96.681867 43.546641,-96.682406 43.546685,-96.682864 43.546703,-96.683913 43.546721,-96.684437 43.546724,-96.684959 43.546718,-96.685596 43.546705,-96.688847 43.546699,-96.690287 43.546696,-96.690825 43.546691,-96.691442 43.546685,-96.69184 43.546673,-96.692695 43.546684,-96.693373 43.546693,-96.693998 43.546699,-96.694077 43.546699,-96.694151 43.5467,-96.694151 43.548454)))","46","099","000405","46099000405","4.05",Census Tract 4.05,G5020,S,"3694667","2864","+43.5503127","-096.6693704"
"MULTIPOLYGON (((-96.830794 43.514786,-96.829088 43.514797,-96.828331 43.514802,-96.828032 43.514804,-96.826447 43.514816,-96.825795 43.514821,-96.824331 43.514814,-96.823969 43.514814,-96.820805 43.514819,-96.818465 43.514823,-96.817964 43.514823,-96.813569 43.514806,-96.810852 43.514806,-96.809568 43.514813,-96.806121 43.514814,-96.804999 43.514814,-96.803068 43.514815,-96.802429 43.514812,-96.800899 43.514805,-96.800894 43.514594,-96.800891 43.514574,-96.800882 43.514511,-96.800868 43.514471,-96.800842 43.514424,-96.800792 43.514355,-96.800656 43.514222,-96.80043 43.514047,-96.800333 43.513946,-96.800274 43.513848,-96.800242 43.513747,-96.800227 43.513633,-96.800223 43.512574,-96.80019 43.509418,-96.800179 43.507979,-96.800171 43.507094,-96.800163 43.506522,-96.800142 43.506409,-96.800076 43.506188,-96.799504 43.505285,-96.799437 43.505142,-96.799359 43.504925,-96.799342 43.504823,-96.799332 43.504717,-96.799333 43.5046,-96.799353 43.50438,-96.799345 43.503945,-96.799357 43.503509,-96.79937 43.503441,-96.799396 43.50337,-96.799461 43.503269,-96.799545 43.503179,-96.799566 43.503163,-96.799649 43.503102,-96.799865 43.502966,-96.799982 43.502897,-96.800093 43.502825,-96.800139 43.502785,-96.800179 43.502742,-96.800213 43.502694,-96.800246 43.502627,-96.800271 43.502512,-96.800269 43.501751,-96.800268 43.500869,-96.80027 43.500568,-96.800259 43.500294,-96.800444 43.500294,-96.800984 43.500295,-96.802624 43.500297,-96.804476 43.500303,-96.804578 43.500303,-96.805137 43.500305,-96.805545 43.500307,-96.80579 43.500308,-96.806258 43.500309,-96.806827 43.50031,-96.806844 43.50031,-96.806859 43.50031,-96.807116 43.50031,-96.807261 43.500311,-96.808039 43.500312,-96.8085 43.500312,-96.808522 43.500312,-96.80928 43.500315,-96.809323 43.500315,-96.809413 43.500315,-96.80944 43.500316,-96.809461 43.500316,-96.809489 43.500316,-96.809517 43.500316,-96.809673 43.500317,-96.809797 43.500317,-96.81079 43.50032,-96.810855 43.500319,-96.811007 43.500316,-96.811324 43.500311,-96.811403 43.50031,-96.812823 43.50031,-96.814212 43.50031,-96.81431 43.50031,-96.814794 43.500315,-96.815498 43.50031,-96.815915 43.500307,-96.816004 43.500306,-96.817088 43.500299,-96.820336 43.500288,-96.822209 43.500282,-96.82347 43.500278,-96.823848 43.500277,-96.824058 43.500276,-96.825268 43.500272,-96.825311 43.500272,-96.82593 43.50027,-96.825959 43.50027,-96.826513 43.500268,-96.826542 43.500268,-96.826674 43.500269,-96.826715 43.500269,-96.827298 43.500273,-96.827349 43.500273,-96.828283 43.500279,-96.829148 43.500285,-96.830665 43.500294,-96.830671 43.501655,-96.83069 43.503921,-96.830721 43.50758,-96.83073 43.508603,-96.830731 43.508662,-96.830732 43.508752,-96.830733 43.508851,-96.830748 43.509321,-96.830749 43.50944,-96.830761 43.510535,-96.830767 43.513352,-96.830773 43.513705,-96.830794 43.514786)))","46","099","001105","46099001105","11.05",Census Tract 11.05,G5020,S,"3995773","0","+43.5075375","-096.8154082"
"MULTIPOLYGON (((-96.800904 43.515837,-96.800898 43.517754,-96.800896 43.518028,-96.800898 43.518684,-96.800899 43.518896,-96.800897 43.519878,-96.800895 43.520849,-96.800896 43.521302,-96.800897 43.521739,-96.800888 43.522502,-96.800891 43.525292,-96.800893 43.526114,-96.800896 43.526507,-96.80089 43.526923,-96.800898 43.527386,-96.800892 43.528017,-96.800894 43.529343,-96.799342 43.529347,-96.798866 43.529348,-96.798092 43.529358,-96.79771 43.529356,-96.796473 43.529358,-96.795104 43.52937,-96.793836 43.529345,-96.790886 43.529348,-96.790891 43.530183,-96.790893 43.530502,-96.790895 43.531223,-96.790897 43.53193,-96.790895 43.533094,-96.790897 43.533572,-96.790898 43.533716,-96.790899 43.533789,-96.790899 43.533857,-96.790509 43.533844,-96.790294 43.533821,-96.790045 43.533786,-96.789737 43.533712,-96.789488 43.53363,-96.7893 43.533521,-96.789109 43.533423,-96.788905 43.533261,-96.788687 43.533044,-96.788443 43.532816,-96.788064 43.532519,-96.787818 43.532328,-96.787651 43.532251,-96.78747 43.5321,-96.78733 43.532023,-96.787205 43.531944,-96.787028 43.531795,-96.786866 43.531692,-96.78672 43.531623,-96.786646 43.531556,-96.78663 43.531506,-96.786605 43.531365,-96.786546 43.53132,-96.786495 43.531259,-96.786386 43.531148,-96.786096 43.530954,-96.785848 43.530836,-96.785762 43.530801,-96.785716 43.530788,-96.785141 43.530681,-96.785043 43.530671,-96.784854 43.530642,-96.784795 43.530639,-96.784708 43.530647,-96.784652 43.530671,-96.784276 43.530774,-96.783921 43.53091,-96.783425 43.530997,-96.782958 43.531077,-96.782582 43.531093,-96.782158 43.531087,-96.781744 43.531029,-96.781415 43.531002,-96.781156 43.530933,-96.780938 43.530827,-96.780835 43.53074,-96.780658 43.530758,-96.780658 43.530681,-96.780658 43.529864,-96.780657 43.529596,-96.780655 43.527641,-96.780655 43.527235,-96.780656 43.525636,-96.780657 43.523581,-96.78064 43.522406,-96.780613 43.520522,-96.78063 43.517906,-96.78059 43.514834,-96.781424 43.514827,-96.783049 43.514827,-96.784412 43.514823,-96.78634 43.514821,-96.789578 43.514815,-96.790952 43.51481,-96.793367 43.514809,-96.795098 43.514808,-96.79649 43.514813,-96.797056 43.514813,-96.798682 43.514806,-96.800193 43.514818,-96.800899 43.514805,-96.800904 43.515837)))","46","099","001107","46099001107","11.07",Census Tract 11.07,G5020,S,"2860641","7448","+43.5244033","-096.7900651"
"MULTIPOLYGON (((-96.681463 43.536655,-96.680272 43.536651,-96.679261 43.536649,-96.67832 43.536661,-96.676633 43.536654,-96.671444 43.536655,-96.67144 43.535738,-96.671408 43.534831,-96.671404 43.534213,-96.671423 43.532995,-96.671411 43.532166,-96.671412 43.531891,-96.671415 43.531212,-96.67141 43.529359,-96.669068 43.529364,-96.667457 43.529366,-96.667456 43.52868,-96.667455 43.528307,-96.667453 43.527019,-96.667443 43.526195,-96.667464 43.525339,-96.667458 43.524553,-96.667442 43.523776,-96.667437 43.523268,-96.667402 43.523163,-96.665683 43.52193,-96.665606 43.521854,-96.665544 43.521771,-96.665491 43.52166,-96.665476 43.521532,-96.665488 43.521017,-96.665474 43.520907,-96.665458 43.520697,-96.665401 43.52056,-96.665293 43.520448,-96.664947 43.520129,-96.664844 43.519997,-96.664786 43.519871,-96.664775 43.519758,-96.664771 43.519641,-96.664781 43.518909,-96.664779 43.518763,-96.664776 43.518529,-96.664768 43.517909,-96.664782 43.51624,-96.66478 43.515431,-96.663577 43.515452,-96.663571 43.514826,-96.66466 43.514817,-96.666997 43.514819,-96.66715 43.514819,-96.67115 43.514807,-96.671361 43.514806,-96.671364 43.516219,-96.671364 43.516317,-96.671365 43.517114,-96.671367 43.517568,-96.671376 43.518425,-96.671364 43.519629,-96.671351 43.522093,-96.672857 43.522087,-96.674058 43.522076,-96.675268 43.522076,-96.676086 43.522069,-96.678909 43.522047,-96.680129 43.522043,-96.681353 43.522026,-96.681368 43.522474,-96.681387 43.523848,-96.681373 43.524759,-96.68136 43.525706,-96.681356 43.527509,-96.681384 43.52932,-96.681388 43.529527,-96.68141 43.530556,-96.681416 43.531335,-96.681422 43.532108,-96.681422 43.533376,-96.681411 43.534602,-96.681463 43.536655)))","46","099","001804","46099001804","18.04",Census Tract 18.04,G5020,S,"1999250","0","+43.5265206","-096.6737002"
"MULTIPOLYGON (((-96.83081 43.558288,-96.828082 43.558296,-96.825369 43.558303,-96.822572 43.558311,-96.820894 43.558316,-96.81909 43.558323,-96.818043 43.558328,-96.811521 43.558354,-96.810924 43.558356,-96.806578 43.55837,-96.805951 43.558372,-96.805376 43.558373,-96.801512 43.558381,-96.800978 43.558381,-96.800939 43.558381,-96.799736 43.558384,-96.799293 43.558385,-96.795993 43.558368,-96.795924 43.558368,-96.795028 43.558363,-96.79381 43.558371,-96.792456 43.558387,-96.791023 43.558383,-96.790791 43.558385,-96.788645 43.558375,-96.788348 43.558369,-96.786354 43.558372,-96.786154 43.558378,-96.78594 43.558409,-96.785619 43.558416,-96.785346 43.558449,-96.78297 43.558788,-96.782438 43.558857,-96.782143 43.558887,-96.781908 43.558902,-96.781566 43.558909,-96.781415 43.558905,-96.780825 43.558876,-96.780072 43.558822,-96.779557 43.558785,-96.779708 43.558317,-96.780149 43.556448,-96.780443 43.554589,-96.780674 43.551639,-96.780681 43.551465,-96.780685 43.55071,-96.780676 43.549946,-96.780665 43.549495,-96.780638 43.548792,-96.780566 43.547654,-96.780413 43.547654,-96.780251 43.547654,-96.774764 43.547768,-96.774372 43.547762,-96.772407 43.547749,-96.770825 43.547727,-96.769132 43.547664,-96.769128 43.547375,-96.769059 43.547131,-96.769122 43.54694,-96.769218 43.54677,-96.769356 43.54659,-96.769589 43.546336,-96.769941 43.5459,-96.770246 43.545572,-96.770501 43.545265,-96.770745 43.544893,-96.77084 43.544469,-96.770872 43.543933,-96.770969 43.543934,-96.774357 43.543958,-96.77593 43.543974,-96.776894 43.543944,-96.777511 43.54393,-96.779242 43.543882,-96.779724 43.543882,-96.780055 43.543882,-96.780214 43.543882,-96.780378 43.543882,-96.78055 43.543884,-96.780795 43.543851,-96.781366 43.543893,-96.781542 43.543893,-96.78173 43.543893,-96.782459 43.543893,-96.78266 43.543893,-96.783039 43.543893,-96.784147 43.543893,-96.784362 43.543894,-96.78593 43.543894,-96.786916 43.543896,-96.789296 43.5439,-96.790914 43.543903,-96.793401 43.5439,-96.795818 43.543898,-96.798249 43.543896,-96.799502 43.543904,-96.80038 43.543887,-96.800846 43.543891,-96.806343 43.543881,-96.807626 43.543877,-96.807929 43.543877,-96.808025 43.543877,-96.808168 43.543877,-96.808293 43.543877,-96.810393 43.543876,-96.811698 43.543875,-96.812176 43.543871,-96.81494 43.543868,-96.815496 43.543863,-96.820898 43.54386,-96.822121 43.543859,-96.823917 43.543864,-96.824042 43.543864,-96.826389 43.543869,-96.826692 43.54387,-96.827165 43.543872,-96.828561 43.5439,-96.83055 43.543882,-96.830746 43.543881,-96.83076 43.545981,-96.830765 43.546707,-96.830774 43.547908,-96.830795 43.550998,-96.830797 43.552086,-96.830805 43.556029,-96.83081 43.558288)))","46","099","001001","46099001001","10.01",Census Tract 10.01,G5020,S,"6799546","116953","+43.5502930","-096.8050218"
"MULTIPOLYGON (((-96.751235 43.529637,-96.751231 43.530871,-96.75124 43.533061,-96.751242 43.533987,-96.751237 43.534886,-96.751236 43.535802,-96.751224 43.536683,-96.751232 43.53855,-96.751236 43.539139,-96.751232 43.540316,-96.750875 43.540256,-96.750705 43.540224,-96.750579 43.540222,-96.749972 43.540228,-96.748718 43.540211,-96.747498 43.540218,-96.74624 43.540223,-96.744972 43.540217,-96.74373 43.540223,-96.742496 43.540226,-96.74126 43.540229,-96.74126 43.538966,-96.741268 43.537691,-96.741261 43.536667,-96.741223 43.535757,-96.741273 43.53507,-96.741289 43.534856,-96.74128 43.533936,-96.74129 43.533012,-96.741259 43.532139,-96.741241 43.531244,-96.741266 43.530331,-96.741288 43.529439,-96.741253 43.528531,-96.741248 43.527265,-96.741243 43.525972,-96.740883 43.525971,-96.740043 43.52597,-96.740006 43.526385,-96.739995 43.527263,-96.739184 43.527264,-96.738725 43.527265,-96.737506 43.527266,-96.736254 43.527256,-96.736249 43.52597,-96.736241 43.525076,-96.736234 43.524108,-96.736233 43.522082,-96.738165 43.522093,-96.73816 43.521226,-96.738123 43.519249,-96.738117 43.518533,-96.738717 43.518525,-96.738717 43.517065,-96.739822 43.517071,-96.740271 43.517077,-96.740885 43.517095,-96.741162 43.517141,-96.741152 43.51623,-96.74118 43.514861,-96.742294 43.514858,-96.743622 43.51486,-96.744871 43.514857,-96.746117 43.51486,-96.747354 43.514859,-96.748595 43.514859,-96.749856 43.514852,-96.751094 43.514861,-96.751098 43.515136,-96.751081 43.516711,-96.751124 43.518495,-96.751133 43.522121,-96.751178 43.524012,-96.7512 43.525809,-96.751222 43.527629,-96.751248 43.529435,-96.751235 43.529637)))","46","099","010600","46099010600","106",Census Tract 106,G5020,S,"2615277","0","+43.5269123","-096.7452580"
"MULTIPOLYGON (((-96.725457 43.548626,-96.72532 43.549,-96.724985 43.549221,-96.724761 43.549569,-96.724736 43.549569,-96.724696 43.549678,-96.72467 43.549751,-96.724107 43.551128,-96.724053 43.55122,-96.723865 43.55122,-96.723546 43.55122,-96.722401 43.551224,-96.722342 43.551224,-96.722236 43.551224,-96.721634 43.551226,-96.721562 43.551226,-96.719923 43.55123,-96.718501 43.551229,-96.717065 43.551217,-96.715668 43.551222,-96.714235 43.551218,-96.713877 43.551219,-96.712761 43.551213,-96.712637 43.551213,-96.711853 43.551209,-96.71139 43.551218,-96.710186 43.551208,-96.708936 43.551211,-96.708059 43.551215,-96.707682 43.551216,-96.706421 43.551207,-96.70519 43.551215,-96.704356 43.551209,-96.703887 43.551214,-96.702656 43.551214,-96.701417 43.551219,-96.701415 43.550306,-96.70143 43.54938,-96.701423 43.548483,-96.700163 43.548471,-96.698942 43.548477,-96.69893 43.547702,-96.698913 43.546669,-96.700147 43.546662,-96.701412 43.546666,-96.702651 43.546663,-96.702653 43.545767,-96.702655 43.544865,-96.702666 43.543949,-96.702666 43.542145,-96.702636 43.541236,-96.702641 43.540302,-96.702623 43.539076,-96.702393 43.538906,-96.702312 43.538846,-96.701883 43.538561,-96.700989 43.537941,-96.699763 43.53699,-96.699246 43.536619,-96.699608 43.536618,-96.701258 43.536615,-96.701686 43.536614,-96.702163 43.536613,-96.703514 43.536611,-96.703788 43.536636,-96.704015 43.536709,-96.705861 43.537765,-96.70596 43.537664,-96.706056 43.537606,-96.706163 43.537548,-96.706319 43.537498,-96.706345 43.536617,-96.706336 43.534955,-96.706324 43.533973,-96.70631 43.533446,-96.706347 43.532774,-96.70753 43.53351,-96.708783 43.534003,-96.708779 43.533882,-96.710063 43.533889,-96.711295 43.533891,-96.712653 43.534007,-96.713728 43.533976,-96.713755 43.533131,-96.714965 43.53309,-96.716294 43.533075,-96.716298 43.533528,-96.716303 43.533977,-96.716309 43.534585,-96.716307 43.53484,-96.716307 43.535636,-96.716292 43.536648,-96.716292 43.536737,-96.716293 43.537573,-96.716315 43.540466,-96.717911 43.540476,-96.719442 43.540798,-96.71952 43.540796,-96.720869 43.540345,-96.720646 43.540581,-96.720238 43.541025,-96.719956 43.541438,-96.719719 43.54187,-96.719524 43.542441,-96.719481 43.543141,-96.719473 43.543439,-96.719498 43.544364,-96.719508 43.544727,-96.71974 43.544831,-96.720299 43.545034,-96.720653 43.545032,-96.721339 43.545225,-96.721439 43.545253,-96.722067 43.545559,-96.722355 43.545758,-96.722935 43.546188,-96.723643 43.546712,-96.724279 43.547073,-96.724897 43.547498,-96.725252 43.547742,-96.72557 43.548318,-96.725457 43.548626)))","46","099","000500","46099000500","5",Census Tract 5,G5020,S,"2687899","59475","+43.5451788","-096.7148388"
"MULTIPOLYGON (((-96.77084 43.544469,-96.770745 43.544893,-96.770501 43.545265,-96.770246 43.545572,-96.769941 43.5459,-96.769589 43.546336,-96.769356 43.54659,-96.769218 43.54677,-96.769122 43.54694,-96.769059 43.547131,-96.769128 43.547375,-96.769132 43.547664,-96.769035 43.54766,-96.765253 43.547545,-96.764752 43.54753,-96.762786 43.547463,-96.761144 43.547442,-96.759556 43.547433,-96.758907 43.547436,-96.758378 43.547426,-96.757219 43.547426,-96.756018 43.547426,-96.754835 43.547375,-96.753602 43.547293,-96.752392 43.547142,-96.751223 43.546965,-96.751224 43.547226,-96.751257 43.550487,-96.751261 43.550836,-96.751263 43.551045,-96.751263 43.551079,-96.751263 43.551216,-96.751263 43.553677,-96.751263 43.553936,-96.751263 43.554111,-96.749984 43.553254,-96.747447 43.551523,-96.747273 43.551414,-96.746828 43.551135,-96.74542 43.551162,-96.744065 43.551177,-96.742675 43.551182,-96.742674 43.549878,-96.742663 43.548549,-96.742649 43.547248,-96.742642 43.54597,-96.742627 43.544656,-96.742629 43.544211,-96.742566 43.543955,-96.741234 43.543354,-96.741245 43.543039,-96.74125 43.542432,-96.74126 43.542139,-96.74123 43.54131,-96.74126 43.540229,-96.742496 43.540226,-96.74373 43.540223,-96.744972 43.540217,-96.74624 43.540223,-96.747498 43.540218,-96.748718 43.540211,-96.749972 43.540228,-96.750579 43.540222,-96.750705 43.540224,-96.750875 43.540256,-96.751232 43.540316,-96.751651 43.540316,-96.752399 43.540307,-96.753614 43.54031,-96.754816 43.540305,-96.756009 43.540295,-96.757202 43.540312,-96.758296 43.540312,-96.759644 43.54031,-96.761167 43.540313,-96.761136 43.542151,-96.761141 43.543926,-96.765838 43.54393,-96.767511 43.54393,-96.770445 43.54393,-96.770872 43.543933,-96.77084 43.544469)))","46","099","000900","46099000900","9",Census Tract 9,G5020,S,"1859366","0","+43.5451725","-096.7529471"
"MULTIPOLYGON (((-96.771551 43.528854,-96.771578 43.529307,-96.771347 43.529971,-96.769555 43.533358,-96.767781 43.536656,-96.767532 43.537053,-96.767341 43.53781,-96.76733 43.538191,-96.767457 43.538764,-96.767765 43.539411,-96.768189 43.539909,-96.76873 43.540471,-96.769292 43.541097,-96.769833 43.541755,-96.770299 43.542253,-96.770607 43.542624,-96.770801 43.543002,-96.770811 43.543025,-96.770936 43.543303,-96.770872 43.543933,-96.770445 43.54393,-96.767511 43.54393,-96.765838 43.54393,-96.761141 43.543926,-96.761136 43.542151,-96.761167 43.540313,-96.759644 43.54031,-96.758296 43.540312,-96.757202 43.540312,-96.756009 43.540295,-96.754816 43.540305,-96.753614 43.54031,-96.752399 43.540307,-96.751651 43.540316,-96.751232 43.540316,-96.751236 43.539139,-96.751232 43.53855,-96.751224 43.536683,-96.751236 43.535802,-96.751237 43.534886,-96.751242 43.533987,-96.75124 43.533061,-96.751231 43.530871,-96.751235 43.529637,-96.751248 43.529435,-96.751222 43.527629,-96.7512 43.525809,-96.751178 43.524012,-96.751133 43.522121,-96.751124 43.518495,-96.751081 43.516711,-96.751098 43.515136,-96.751094 43.514861,-96.752329 43.514842,-96.753631 43.514846,-96.754811 43.51485,-96.756076 43.514838,-96.75734 43.514842,-96.758102 43.514835,-96.758591 43.51483,-96.75984 43.514819,-96.761101 43.514825,-96.764817 43.514838,-96.765162 43.514837,-96.765522 43.514836,-96.765532 43.51491,-96.765545 43.51503,-96.76563 43.515267,-96.765816 43.515685,-96.765952 43.515822,-96.76666 43.516392,-96.767198 43.517015,-96.767542 43.517335,-96.767728 43.517638,-96.768083 43.518363,-96.768505 43.518962,-96.769679 43.520885,-96.770008 43.521458,-96.770623 43.522508,-96.770994 43.523133,-96.771248 43.523664,-96.771411 43.524273,-96.771523 43.525776,-96.771485 43.526408,-96.771411 43.52665,-96.771535 43.527863,-96.771582 43.528287,-96.771551 43.528854)))","46","099","001200","46099001200","12",Census Tract 12,G5020,S,"4396164","63004","+43.5283122","-096.7606216"
"MULTIPOLYGON (((-96.730052 43.529663,-96.730027 43.530327,-96.730025 43.531246,-96.730038 43.532137,-96.730029 43.53305,-96.730031 43.533967,-96.730035 43.534875,-96.728781 43.534858,-96.727538 43.534861,-96.7263 43.534859,-96.726295 43.534584,-96.725264 43.534583,-96.723802 43.53458,-96.722308 43.534574,-96.720854 43.534575,-96.719417 43.534577,-96.717917 43.534582,-96.716309 43.534585,-96.716303 43.533977,-96.716298 43.533528,-96.716294 43.533075,-96.716289 43.532551,-96.716275 43.532059,-96.716286 43.531745,-96.716291 43.53162,-96.716263 43.531073,-96.716273 43.529372,-96.715009 43.529371,-96.713776 43.529372,-96.712542 43.529382,-96.711721 43.529347,-96.711291 43.529347,-96.711255 43.527536,-96.711253 43.526646,-96.711265 43.52485,-96.711238 43.522114,-96.712439 43.522099,-96.713112 43.522104,-96.715196 43.522113,-96.717544 43.522101,-96.718694 43.522115,-96.719911 43.522109,-96.720046 43.522104,-96.721063 43.522118,-96.722396 43.522115,-96.723196 43.52212,-96.723796 43.522118,-96.725237 43.522116,-96.726245 43.522112,-96.727494 43.522126,-96.728751 43.522126,-96.730004 43.522132,-96.730022 43.523919,-96.73005 43.524833,-96.730022 43.525746,-96.730039 43.527596,-96.730021 43.528525,-96.730053 43.529405,-96.730052 43.529663)))","46","099","001600","46099001600","16",Census Tract 16,G5020,S,"1875983","0","+43.5279237","-096.7215409"
"MULTIPOLYGON (((-96.716294 43.533075,-96.714965 43.53309,-96.713755 43.533131,-96.713728 43.533976,-96.712653 43.534007,-96.711295 43.533891,-96.710063 43.533889,-96.708779 43.533882,-96.708783 43.534003,-96.70753 43.53351,-96.706347 43.532774,-96.70631 43.533446,-96.706324 43.533973,-96.706336 43.534955,-96.706345 43.536617,-96.706319 43.537498,-96.706163 43.537548,-96.706056 43.537606,-96.70596 43.537664,-96.705861 43.537765,-96.704015 43.536709,-96.703788 43.536636,-96.703514 43.536611,-96.702163 43.536613,-96.701686 43.536614,-96.701258 43.536615,-96.699608 43.536618,-96.699349 43.536405,-96.698816 43.535993,-96.697945 43.53535,-96.697661 43.535102,-96.697392 43.534849,-96.697053 43.534506,-96.696547 43.533789,-96.696244 43.533144,-96.696905 43.532635,-96.697734 43.531996,-96.698577 43.531324,-96.698635 43.531279,-96.698691 43.531234,-96.699917 43.530257,-96.700301 43.52989,-96.700675 43.529586,-96.700958 43.529288,-96.702045 43.527752,-96.702183 43.527557,-96.702612 43.52667,-96.704696 43.522063,-96.704732 43.521985,-96.70486 43.521707,-96.705161 43.521052,-96.705629 43.519952,-96.705646 43.519911,-96.70594 43.519277,-96.706181 43.518778,-96.706363 43.518485,-96.706547 43.518057,-96.706681 43.517867,-96.706899 43.517608,-96.707183 43.517322,-96.707396 43.517135,-96.707635 43.516914,-96.707947 43.516676,-96.708322 43.516412,-96.708567 43.516261,-96.708853 43.51611,-96.709435 43.515854,-96.709703 43.515765,-96.709959 43.51566,-96.710154 43.515592,-96.710365 43.51554,-96.710998 43.515417,-96.711243 43.51536,-96.711552 43.515301,-96.711401 43.515891,-96.711236 43.516458,-96.711234 43.516638,-96.711226 43.517449,-96.711226 43.518469,-96.711229 43.519354,-96.711239 43.519733,-96.711255 43.520399,-96.711238 43.522114,-96.711265 43.52485,-96.711253 43.526646,-96.711255 43.527536,-96.711291 43.529347,-96.711721 43.529347,-96.712542 43.529382,-96.713776 43.529372,-96.715009 43.529371,-96.716273 43.529372,-96.716263 43.531073,-96.716291 43.53162,-96.716286 43.531745,-96.716275 43.532059,-96.716289 43.532551,-96.716294 43.533075)))","46","099","001700","46099001700","17",Census Tract 17,G5020,S,"1725650","21232","+43.5270177","-096.7068364"
"MULTIPOLYGON (((-96.69658 43.522678,-96.696487 43.52306,-96.695528 43.525784,-96.694996 43.527257,-96.694863 43.527831,-96.69483 43.528503,-96.694923 43.529293,-96.695676 43.531442,-96.695768 43.531703,-96.696141 43.532739,-96.696174 43.532869,-96.696212 43.53302,-96.696244 43.533144,-96.69601 43.533324,-96.695881 43.533426,-96.695746 43.533549,-96.695161 43.534044,-96.695063 43.534148,-96.694973 43.534235,-96.694761 43.534463,-96.694615 43.534666,-96.694492 43.534869,-96.694259 43.535276,-96.694115 43.535622,-96.694034 43.535841,-96.693992 43.535994,-96.693977 43.536183,-96.693973 43.536299,-96.693991 43.536665,-96.693875 43.536662,-96.693789 43.536659,-96.693442 43.536658,-96.692642 43.53666,-96.691393 43.536669,-96.6904 43.536652,-96.688957 43.53667,-96.685935 43.536681,-96.684965 43.53695,-96.683862 43.537296,-96.683622 43.537333,-96.683436 43.537345,-96.683252 43.537331,-96.683061 43.537289,-96.682878 43.537242,-96.682712 43.537166,-96.681834 43.536726,-96.681463 43.536655,-96.681411 43.534602,-96.681422 43.533376,-96.681422 43.532108,-96.681416 43.531335,-96.68141 43.530556,-96.681388 43.529527,-96.681384 43.52932,-96.681356 43.527509,-96.68136 43.525706,-96.681373 43.524759,-96.681387 43.523848,-96.681368 43.522474,-96.681353 43.522026,-96.681364 43.521707,-96.681346 43.5209,-96.68134 43.520244,-96.68132 43.519214,-96.681305 43.518396,-96.681315 43.51794,-96.681323 43.517397,-96.681332 43.517071,-96.681332 43.516387,-96.681333 43.515555,-96.681333 43.514777,-96.681333 43.513407,-96.681329 43.511132,-96.681334 43.509634,-96.681338 43.508598,-96.681343 43.507534,-96.681346 43.505934,-96.68135 43.505421,-96.681359 43.504862,-96.681363 43.504039,-96.681368 43.503221,-96.681373 43.502359,-96.681388 43.501029,-96.681396 43.500331,-96.682499 43.500342,-96.682515 43.500342,-96.683644 43.500352,-96.683665 43.500352,-96.683887 43.50035,-96.683999 43.500349,-96.684132 43.500348,-96.684187 43.500348,-96.684539 43.500345,-96.684785 43.500343,-96.68589 43.50035,-96.685908 43.50035,-96.687698 43.500344,-96.687811 43.500343,-96.688219 43.500335,-96.689053 43.500343,-96.689079 43.500343,-96.690229 43.50034,-96.692149 43.500342,-96.692456 43.500343,-96.692563 43.500343,-96.696064 43.500364,-96.696161 43.500365,-96.695981 43.500861,-96.695795 43.501328,-96.695588 43.501755,-96.695375 43.502098,-96.695156 43.502437,-96.694816 43.502874,-96.694204 43.503502,-96.693598 43.504066,-96.691661 43.505892,-96.691076 43.506525,-96.69065 43.507119,-96.690397 43.50754,-96.690164 43.508032,-96.689911 43.508675,-96.689678 43.509519,-96.689597 43.510187,-96.689532 43.511463,-96.689452 43.512165,-96.689432 43.512915,-96.689489 43.513237,-96.689565 43.513661,-96.689685 43.514113,-96.689813 43.514622,-96.689918 43.515036,-96.690177 43.515718,-96.69041 43.51616,-96.691076 43.516999,-96.691595 43.51748,-96.692114 43.517902,-96.693006 43.518638,-96.69433 43.519507,-96.695335 43.520174,-96.695828 43.520592,-96.696227 43.521092,-96.69644 43.521524,-96.69656 43.52201,-96.69658 43.522678)))","46","099","001801","46099001801","18.01",Census Tract 18.01,G5020,S,"3946238","0","+43.5196324","-096.6876373"
"MULTIPOLYGON (((-96.756621 43.564113,-96.755975 43.564076,-96.754013 43.563924,-96.748809 43.563583,-96.747058 43.563518,-96.740417 43.563554,-96.738725 43.563556,-96.737663 43.563578,-96.737149 43.563588,-96.736841 43.563608,-96.736554 43.563656,-96.736313 43.563709,-96.735965 43.563806,-96.734919 43.564062,-96.734505 43.564135,-96.734142 43.564167,-96.733792 43.564181,-96.732321 43.564181,-96.731345 43.564166,-96.731343 43.563857,-96.731338 43.562847,-96.731344 43.561549,-96.731367 43.560298,-96.731359 43.559036,-96.73139 43.557743,-96.731373 43.556418,-96.731361 43.555121,-96.731347 43.553815,-96.731348 43.552997,-96.73135 43.552522,-96.73135 43.552345,-96.731354 43.551205,-96.731711 43.551212,-96.732806 43.551199,-96.734258 43.551211,-96.73575 43.5512,-96.737081 43.551206,-96.738286 43.551186,-96.739181 43.551195,-96.739812 43.551186,-96.741311 43.551183,-96.742675 43.551182,-96.744065 43.551177,-96.74542 43.551162,-96.746828 43.551135,-96.747273 43.551414,-96.747447 43.551523,-96.749984 43.553254,-96.751263 43.554111,-96.751263 43.553936,-96.751263 43.553677,-96.751263 43.551216,-96.751263 43.551079,-96.752054 43.551083,-96.752176 43.551084,-96.753533 43.55114,-96.754503 43.551186,-96.755995 43.551168,-96.755638 43.551425,-96.755637 43.551532,-96.755637 43.551626,-96.755636 43.551843,-96.755634 43.552329,-96.755616 43.553653,-96.755869 43.553898,-96.756246 43.553906,-96.756254 43.554795,-96.756244 43.556603,-96.756243 43.557511,-96.75626 43.558434,-96.756247 43.559364,-96.75625 43.560267,-96.756239 43.561162,-96.756234 43.562056,-96.756233 43.563799,-96.756621 43.564113)))","46","099","000201","46099000201","2.01",Census Tract 2.01,G5020,S,"2676193","59981","+43.5544923","-096.7447999"
"MULTIPOLYGON (((-96.811003 43.586135,-96.81098 43.58739,-96.810965 43.589767,-96.810932 43.5927,-96.810933 43.592723,-96.810952 43.593348,-96.810955 43.59481,-96.810975 43.595536,-96.810944 43.596866,-96.810921 43.600029,-96.810922 43.600803,-96.810923 43.601927,-96.810955 43.605844,-96.810949 43.606137,-96.81097 43.608552,-96.810974 43.608786,-96.809958 43.608785,-96.806224 43.608798,-96.805787 43.608812,-96.805345 43.60882,-96.805181 43.608823,-96.804129 43.608865,-96.80338 43.608907,-96.802025 43.609007,-96.801145 43.609089,-96.800994 43.609105,-96.800117 43.6092,-96.799656 43.609257,-96.798753 43.609376,-96.798028 43.609487,-96.797728 43.609534,-96.797615 43.609551,-96.79739 43.60959,-96.79716 43.609625,-96.796586 43.609727,-96.795998 43.609843,-96.79571 43.609894,-96.791981 43.610639,-96.791062 43.610826,-96.790809 43.61087,-96.789191 43.6112,-96.786181 43.611791,-96.786052 43.611814,-96.784891 43.612018,-96.784692 43.612048,-96.78338 43.612246,-96.781825 43.612437,-96.780551 43.612573,-96.779387 43.612669,-96.778634 43.612721,-96.776145 43.61283,-96.776078 43.612833,-96.775658 43.612835,-96.772432 43.612852,-96.771469 43.612871,-96.770705 43.612875,-96.77038 43.612876,-96.770031 43.612877,-96.769483 43.61287,-96.764916 43.6129,-96.761421 43.612881,-96.761235 43.612881,-96.759008 43.61283,-96.758177 43.612756,-96.757252 43.612665,-96.755206 43.612333,-96.753329 43.611977,-96.75277 43.611874,-96.752491 43.611823,-96.744989 43.610449,-96.744852 43.610424,-96.744733 43.610402,-96.744664 43.610389,-96.74463 43.610113,-96.744639 43.60962,-96.744656 43.609379,-96.744725 43.608845,-96.744863 43.608354,-96.745067 43.608023,-96.745371 43.607588,-96.745638 43.607381,-96.745965 43.607149,-96.746172 43.606951,-96.746387 43.606764,-96.746594 43.606391,-96.746637 43.606124,-96.746611 43.605969,-96.746473 43.605754,-96.746284 43.605616,-96.746094 43.605547,-96.745862 43.605487,-96.745595 43.605469,-96.745345 43.605392,-96.744853 43.605298,-96.744251 43.605151,-96.743597 43.605151,-96.743175 43.605228,-96.742805 43.605349,-96.742496 43.605495,-96.741995 43.605745,-96.741797 43.605762,-96.741306 43.605667,-96.741013 43.605659,-96.740738 43.605547,-96.740471 43.60528,-96.740316 43.605065,-96.740187 43.604824,-96.740118 43.604677,-96.740059 43.604252,-96.740135 43.603885,-96.74029 43.603394,-96.740337 43.60298,-96.740314 43.602575,-96.740281 43.602011,-96.740365 43.601619,-96.740314 43.601263,-96.740172 43.600845,-96.740403 43.600448,-96.740447 43.600383,-96.740559 43.600184,-96.740605 43.600121,-96.740754 43.599978,-96.740965 43.599827,-96.741487 43.599555,-96.741662 43.59949,-96.741753 43.599462,-96.741838 43.599426,-96.74198 43.599356,-96.742027 43.599334,-96.742216 43.599263,-96.742257 43.599243,-96.742311 43.599225,-96.742345 43.599213,-96.742632 43.599157,-96.742727 43.599143,-96.742896 43.599074,-96.743016 43.599016,-96.74305 43.598991,-96.743172 43.598938,-96.743221 43.59893,-96.743323 43.598896,-96.743828 43.598512,-96.743964 43.598347,-96.744107 43.597809,-96.744107 43.597441,-96.743712 43.59534,-96.743478 43.594693,-96.743236 43.594473,-96.743062 43.594007,-96.743363 43.592811,-96.743476 43.592564,-96.744004 43.592043,-96.744106 43.592038,-96.744159 43.591992,-96.744271 43.591877,-96.744335 43.591825,-96.744447 43.591709,-96.744479 43.591682,-96.744704 43.591542,-96.744788 43.591504,-96.744819 43.591476,-96.74489 43.591427,-96.744913 43.59141,-96.745163 43.591223,-96.745227 43.59117,-96.745328 43.591095,-96.745367 43.591074,-96.74578 43.59059,-96.745871 43.590506,-96.74603 43.590371,-96.746114 43.590284,-96.746164 43.590223,-96.746191 43.590121,-96.746508 43.589748,-96.746945 43.589473,-96.7472 43.589367,-96.747374 43.589076,-96.747415 43.589057,-96.747615 43.588899,-96.747931 43.588541,-96.748051 43.588345,-96.748144 43.58822,-96.748335 43.588163,-96.748393 43.587783,-96.748997 43.587234,-96.749298 43.587151,-96.749412 43.58719,-96.749713 43.587041,-96.751456 43.585371,-96.752354 43.584499,-96.753664 43.583312,-96.755005 43.581997,-96.756548 43.580677,-96.757243 43.580068,-96.757984 43.579345,-96.758346 43.578948,-96.758754 43.578534,-96.759499 43.577889,-96.761543 43.576088,-96.762137 43.575494,-96.762465 43.575123,-96.762685 43.574893,-96.763303 43.574067,-96.763881 43.573055,-96.763968 43.572928,-96.764843 43.572928,-96.765261 43.572922,-96.765847 43.572913,-96.767822 43.572897,-96.770567 43.572891,-96.7715 43.572891,-96.771697 43.572868,-96.771949 43.572792,-96.772249 43.572488,-96.772598 43.572135,-96.773149 43.57226,-96.773282 43.57229,-96.774494 43.572492,-96.774849 43.57256,-96.775119 43.572602,-96.775311 43.572633,-96.776876 43.570871,-96.777091 43.570586,-96.77734 43.570277,-96.777594 43.569843,-96.778011 43.569022,-96.778152 43.568659,-96.778489 43.56717,-96.77868 43.565246,-96.778753 43.564729,-96.778788 43.564485,-96.778866 43.563885,-96.778972 43.563083,-96.779133 43.561902,-96.779557 43.558785,-96.780072 43.558822,-96.780825 43.558876,-96.781415 43.558905,-96.781566 43.558909,-96.781908 43.558902,-96.782143 43.558887,-96.782438 43.558857,-96.78297 43.558788,-96.785346 43.558449,-96.785619 43.558416,-96.78594 43.558409,-96.786154 43.558378,-96.786354 43.558372,-96.788348 43.558369,-96.788645 43.558375,-96.790791 43.558385,-96.791023 43.558383,-96.792456 43.558387,-96.79381 43.558371,-96.795028 43.558363,-96.795924 43.558368,-96.795993 43.558368,-96.799293 43.558385,-96.799736 43.558384,-96.800939 43.558381,-96.800978 43.558381,-96.801512 43.558381,-96.805376 43.558373,-96.805951 43.558372,-96.806578 43.55837,-96.810924 43.558356,-96.810928 43.558467,-96.810932 43.558608,-96.810924 43.559032,-96.810923 43.560332,-96.810917 43.560685,-96.810926 43.562564,-96.81092 43.565506,-96.810933 43.566479,-96.810933 43.568535,-96.810934 43.572885,-96.810926 43.573156,-96.810958 43.575222,-96.810949 43.577178,-96.810964 43.577875,-96.810964 43.579646,-96.810965 43.579899,-96.810982 43.582748,-96.810991 43.583044,-96.81099 43.584642,-96.81099 43.585619,-96.811003 43.586135)))","46","099","010405","46099010405","104.05",Census Tract 104.05,G5020,S,"25667064","48170","+43.5910290","-096.7814625"
"MULTIPOLYGON (((-96.780681 43.551465,-96.780674 43.551639,-96.780443 43.554589,-96.780149 43.556448,-96.779708 43.558317,-96.779557 43.558785,-96.779133 43.561902,-96.778972 43.563083,-96.778866 43.563885,-96.778788 43.564485,-96.778753 43.564729,-96.77868 43.565246,-96.778489 43.56717,-96.778152 43.568659,-96.778011 43.569022,-96.777594 43.569843,-96.77734 43.570277,-96.777091 43.570586,-96.776876 43.570871,-96.775311 43.572633,-96.775119 43.572602,-96.774849 43.57256,-96.774494 43.572492,-96.773282 43.57229,-96.773149 43.57226,-96.772598 43.572135,-96.772249 43.572488,-96.771949 43.572792,-96.771697 43.572868,-96.7715 43.572891,-96.770567 43.572891,-96.767822 43.572897,-96.765847 43.572913,-96.765261 43.572922,-96.764843 43.572928,-96.763968 43.572928,-96.764239 43.572572,-96.76525 43.570678,-96.765493 43.570301,-96.76575 43.569648,-96.765781 43.568781,-96.765684 43.567694,-96.765692 43.566646,-96.765674 43.566495,-96.765606 43.565926,-96.764768 43.565403,-96.764274 43.565141,-96.76389 43.564963,-96.763254 43.564719,-96.762925 43.564614,-96.762488 43.564523,-96.762206 43.564477,-96.761832 43.564433,-96.7615 43.564406,-96.761184 43.564371,-96.756621 43.564113,-96.756233 43.563799,-96.756234 43.562056,-96.756239 43.561162,-96.75625 43.560267,-96.756247 43.559364,-96.75626 43.558434,-96.756243 43.557511,-96.756244 43.556603,-96.756254 43.554795,-96.756246 43.553906,-96.755869 43.553898,-96.755616 43.553653,-96.755634 43.552329,-96.755636 43.551843,-96.755637 43.551626,-96.755637 43.551532,-96.755638 43.551425,-96.755995 43.551168,-96.754503 43.551186,-96.753533 43.55114,-96.752176 43.551084,-96.752054 43.551083,-96.751263 43.551079,-96.751263 43.551045,-96.751261 43.550836,-96.751257 43.550487,-96.751224 43.547226,-96.751223 43.546965,-96.752392 43.547142,-96.753602 43.547293,-96.754835 43.547375,-96.756018 43.547426,-96.757219 43.547426,-96.758378 43.547426,-96.758907 43.547436,-96.759556 43.547433,-96.761144 43.547442,-96.762786 43.547463,-96.764752 43.54753,-96.765253 43.547545,-96.769035 43.54766,-96.769132 43.547664,-96.770825 43.547727,-96.772407 43.547749,-96.774372 43.547762,-96.774764 43.547768,-96.780251 43.547654,-96.780413 43.547654,-96.780566 43.547654,-96.780638 43.548792,-96.780665 43.549495,-96.780676 43.549946,-96.780685 43.55071,-96.780681 43.551465)))","46","099","000202","46099000202","2.02",Census Tract 2.02,G5020,S,"4661641","42451","+43.5553944","-096.7683441"
"MULTIPOLYGON (((-96.69364 43.552059,-96.693524 43.553032,-96.693518 43.553085,-96.693364 43.554639,-96.693344 43.555159,-96.693327 43.55561,-96.693317 43.556443,-96.693276 43.558079,-96.693277 43.561478,-96.693235 43.562817,-96.691437 43.563383,-96.690327 43.563763,-96.687688 43.564669,-96.683382 43.566046,-96.682878 43.566207,-96.680956 43.566845,-96.679957 43.56729,-96.678869 43.5679,-96.678691 43.56802,-96.678146 43.568389,-96.677473 43.568878,-96.676408 43.569635,-96.675285 43.570433,-96.671626 43.573005,-96.671171 43.573362,-96.670776 43.57373,-96.670448 43.574131,-96.670009 43.574862,-96.668019 43.578198,-96.667875 43.578437,-96.667028 43.579841,-96.666432 43.580912,-96.664941 43.582391,-96.664764 43.582576,-96.663971 43.583404,-96.661707 43.58575,-96.656447 43.591177,-96.654869 43.592781,-96.653605 43.594126,-96.653221 43.594534,-96.652386 43.595385,-96.652625 43.594783,-96.652813 43.594307,-96.653275 43.593136,-96.654446 43.587331,-96.654469 43.587221,-96.654513 43.587002,-96.65451 43.586708,-96.654427 43.579489,-96.654354 43.573046,-96.653114 43.573031,-96.651573 43.573013,-96.651578 43.568913,-96.651582 43.566717,-96.651582 43.565802,-96.651583 43.565621,-96.65156 43.56101,-96.651548 43.558416,-96.654298 43.55843,-96.65662 43.558442,-96.657155 43.558445,-96.661685 43.558468,-96.662054 43.558468,-96.662239 43.558467,-96.664589 43.558465,-96.667876 43.558476,-96.669322 43.55848,-96.671567 43.558485,-96.671562 43.55748,-96.671561 43.557256,-96.67156 43.554932,-96.671539 43.553319,-96.671532 43.552768,-96.671532 43.552681,-96.671528 43.55122,-96.671962 43.55121,-96.673533 43.55121,-96.67528 43.551209,-96.680242 43.551203,-96.681491 43.551214,-96.681776 43.551214,-96.682706 43.551213,-96.683763 43.551212,-96.684362 43.551208,-96.684682 43.55121,-96.687742 43.551228,-96.689121 43.55121,-96.690372 43.551225,-96.691444 43.551217,-96.692377 43.551225,-96.692482 43.551226,-96.693741 43.551214,-96.69364 43.552059)))","46","099","000408","46099000408","4.08",Census Tract 4.08,G5020,S,"7406785","8713","+43.5658034","-096.6657169"
"MULTIPOLYGON (((-96.800899 43.514805,-96.800193 43.514818,-96.798682 43.514806,-96.797056 43.514813,-96.79649 43.514813,-96.795098 43.514808,-96.793367 43.514809,-96.790952 43.51481,-96.789578 43.514815,-96.78634 43.514821,-96.784412 43.514823,-96.783049 43.514827,-96.781424 43.514827,-96.78059 43.514834,-96.780598 43.514073,-96.78059 43.513824,-96.780638 43.513292,-96.780688 43.512954,-96.780755 43.512692,-96.780871 43.512455,-96.781001 43.511913,-96.781162 43.511476,-96.781302 43.511177,-96.781346 43.511083,-96.781587 43.510608,-96.781846 43.510146,-96.783522 43.507562,-96.784865 43.505479,-96.786765 43.502531,-96.787392 43.501543,-96.787641 43.501164,-96.787833 43.500857,-96.78796 43.500672,-96.788152 43.500374,-96.788206 43.500303,-96.788642 43.500299,-96.790816 43.500276,-96.792063 43.50028,-96.79244 43.500281,-96.793542 43.500284,-96.794766 43.500282,-96.796972 43.50029,-96.797277 43.500287,-96.797293 43.500287,-96.7977 43.500289,-96.797726 43.500289,-96.7997 43.500293,-96.800259 43.500294,-96.80027 43.500568,-96.800268 43.500869,-96.800269 43.501751,-96.800271 43.502512,-96.800246 43.502627,-96.800213 43.502694,-96.800179 43.502742,-96.800139 43.502785,-96.800093 43.502825,-96.799982 43.502897,-96.799865 43.502966,-96.799649 43.503102,-96.799566 43.503163,-96.799545 43.503179,-96.799461 43.503269,-96.799396 43.50337,-96.79937 43.503441,-96.799357 43.503509,-96.799345 43.503945,-96.799353 43.50438,-96.799333 43.5046,-96.799332 43.504717,-96.799342 43.504823,-96.799359 43.504925,-96.799437 43.505142,-96.799504 43.505285,-96.800076 43.506188,-96.800142 43.506409,-96.800163 43.506522,-96.800171 43.507094,-96.800179 43.507979,-96.80019 43.509418,-96.800223 43.512574,-96.800227 43.513633,-96.800242 43.513747,-96.800274 43.513848,-96.800333 43.513946,-96.80043 43.514047,-96.800656 43.514222,-96.800792 43.514355,-96.800842 43.514424,-96.800868 43.514471,-96.800882 43.514511,-96.800891 43.514574,-96.800894 43.514594,-96.800899 43.514805)))","46","099","001108","46099001108","11.08",Census Tract 11.08,G5020,S,"2135999","0","+43.5082124","-096.7917235"
"MULTIPOLYGON (((-96.812857 43.540612,-96.812822 43.540781,-96.812743 43.54095,-96.812696 43.541086,-96.812699 43.541159,-96.812713 43.541307,-96.812719 43.54151,-96.812702 43.541639,-96.812612 43.541751,-96.812444 43.541841,-96.812295 43.541895,-96.812127 43.541947,-96.811946 43.541975,-96.811791 43.541988,-96.811574 43.541988,-96.811434 43.541955,-96.811227 43.541902,-96.811111 43.541867,-96.810975 43.541852,-96.810844 43.541852,-96.810685 43.541863,-96.810545 43.541869,-96.810446 43.541887,-96.810379 43.541923,-96.810315 43.541983,-96.810231 43.542054,-96.81019 43.542121,-96.810166 43.542207,-96.810211 43.542287,-96.810261 43.542334,-96.810306 43.542412,-96.810338 43.542482,-96.810347 43.542629,-96.810312 43.542745,-96.810269 43.542875,-96.810183 43.543048,-96.810132 43.54315,-96.810024 43.543247,-96.809912 43.543312,-96.809826 43.543365,-96.809634 43.543417,-96.809499 43.543428,-96.809344 43.543441,-96.809191 43.543428,-96.809092 43.543409,-96.808803 43.54332,-96.808712 43.543332,-96.80869 43.543327,-96.808493 43.543226,-96.808336 43.54326,-96.808188 43.543436,-96.808175 43.543505,-96.808168 43.543877,-96.808025 43.543877,-96.807929 43.543877,-96.807626 43.543877,-96.806343 43.543881,-96.800846 43.543891,-96.80038 43.543887,-96.799502 43.543904,-96.798249 43.543896,-96.795818 43.543898,-96.793401 43.5439,-96.790914 43.543903,-96.789296 43.5439,-96.786916 43.543896,-96.78593 43.543894,-96.784362 43.543894,-96.784147 43.543893,-96.783039 43.543893,-96.78266 43.543893,-96.782459 43.543893,-96.78173 43.543893,-96.781542 43.543893,-96.781366 43.543893,-96.780795 43.543851,-96.78055 43.543884,-96.780378 43.543882,-96.780214 43.543882,-96.780055 43.543882,-96.779724 43.543882,-96.779242 43.543882,-96.777511 43.54393,-96.776894 43.543944,-96.77593 43.543974,-96.774357 43.543958,-96.770969 43.543934,-96.770872 43.543933,-96.770936 43.543303,-96.770811 43.543025,-96.770801 43.543002,-96.770607 43.542624,-96.770299 43.542253,-96.769833 43.541755,-96.769292 43.541097,-96.76873 43.540471,-96.768189 43.539909,-96.767765 43.539411,-96.767457 43.538764,-96.76733 43.538191,-96.767341 43.53781,-96.767532 43.537053,-96.767781 43.536656,-96.769555 43.533358,-96.771347 43.529971,-96.771578 43.529307,-96.771551 43.528854,-96.771582 43.528287,-96.771535 43.527863,-96.771411 43.52665,-96.771485 43.526408,-96.771932 43.526604,-96.772866 43.526964,-96.773189 43.52707,-96.773622 43.527176,-96.775066 43.527524,-96.775787 43.527714,-96.776296 43.527831,-96.776535 43.527921,-96.77681 43.528075,-96.77715 43.528335,-96.777431 43.528526,-96.778033 43.529117,-96.778271 43.529343,-96.778568 43.529624,-96.778812 43.529868,-96.779178 43.530165,-96.779395 43.530287,-96.779533 43.530366,-96.779846 43.530509,-96.780031 43.530573,-96.780265 43.530642,-96.780658 43.530758,-96.780835 43.53074,-96.780938 43.530827,-96.781156 43.530933,-96.781415 43.531002,-96.781744 43.531029,-96.782158 43.531087,-96.782582 43.531093,-96.782958 43.531077,-96.783425 43.530997,-96.783921 43.53091,-96.784276 43.530774,-96.784652 43.530671,-96.784708 43.530647,-96.784795 43.530639,-96.784854 43.530642,-96.785043 43.530671,-96.785141 43.530681,-96.785716 43.530788,-96.785762 43.530801,-96.785848 43.530836,-96.786096 43.530954,-96.786386 43.531148,-96.786495 43.531259,-96.786546 43.53132,-96.786605 43.531365,-96.78663 43.531506,-96.786646 43.531556,-96.78672 43.531623,-96.786866 43.531692,-96.787028 43.531795,-96.787205 43.531944,-96.78733 43.532023,-96.78747 43.5321,-96.787651 43.532251,-96.787818 43.532328,-96.788064 43.532519,-96.788443 43.532816,-96.788687 43.533044,-96.788905 43.533261,-96.789109 43.533423,-96.7893 43.533521,-96.789488 43.53363,-96.789737 43.533712,-96.790045 43.533786,-96.790294 43.533821,-96.790509 43.533844,-96.790899 43.533857,-96.791214 43.53386,-96.791362 43.533818,-96.791524 43.53377,-96.791842 43.533744,-96.792075 43.533746,-96.792261 43.533762,-96.79255 43.533781,-96.792749 43.533805,-96.792966 43.533783,-96.793191 43.533736,-96.793401 43.533683,-96.7936 43.533669,-96.793881 43.533656,-96.79409 43.533659,-96.794432 43.533701,-96.794758 43.533746,-96.795 43.533831,-96.795352 43.53386,-96.795538 43.533858,-96.795706 43.533884,-96.796068 43.533942,-96.796434 43.533969,-96.796757 43.533945,-96.796938 43.533952,-96.797184 43.533962,-96.797383 43.534001,-96.797624 43.534049,-96.797799 43.534139,-96.797973 43.534218,-96.798096 43.534343,-96.798213 43.534486,-96.798345 43.53455,-96.798468 43.534574,-96.798658 43.534632,-96.798833 43.534687,-96.799021 43.534703,-96.799239 43.534706,-96.799445 43.534679,-96.79965 43.534682,-96.799809 43.534679,-96.799854 43.534658,-96.799928 43.534615,-96.800098 43.534526,-96.800241 43.534486,-96.800296 43.534489,-96.800418 43.534475,-96.80063 43.534449,-96.800792 43.534412,-96.800996 43.534369,-96.801245 43.534314,-96.801442 43.534271,-96.801648 43.534266,-96.801842 43.534269,-96.802001 43.534282,-96.802176 43.534316,-96.802391 43.534377,-96.802454 43.53443,-96.802534 43.534532,-96.802588 43.534679,-96.802661 43.53486,-96.802739 43.535178,-96.802805 43.535393,-96.802887 43.535544,-96.802971 43.535669,-96.803096 43.535788,-96.803436 43.535816,-96.803626 43.535827,-96.803863 43.535868,-96.804019 43.535895,-96.804209 43.535936,-96.804282 43.535973,-96.804401 43.536052,-96.804493 43.536115,-96.804686 43.536182,-96.805008 43.536343,-96.805859 43.536858,-96.805871 43.536948,-96.805865 43.537038,-96.805822 43.537204,-96.805735 43.537297,-96.805587 43.537441,-96.805486 43.537566,-96.805415 43.537701,-96.805376 43.537777,-96.805315 43.537961,-96.805281 43.538048,-96.80527 43.538125,-96.805273 43.538203,-96.805298 43.53828,-96.805352 43.538358,-96.805425 43.538438,-96.80552 43.538515,-96.805593 43.538558,-96.80572 43.53861,-96.805736 43.538614,-96.805858 43.538644,-96.806091 43.538676,-96.80649 43.538713,-96.806517 43.538717,-96.8067 43.538722,-96.806855 43.538722,-96.807003 43.538709,-96.807184 43.538687,-96.807322 43.538651,-96.807453 43.538612,-96.807593 43.538569,-96.807714 43.538539,-96.807798 43.538498,-96.807882 43.538438,-96.807966 43.538371,-96.808007 43.538358,-96.808086 43.538369,-96.808166 43.538375,-96.808444 43.538332,-96.808618 43.538323,-96.809214 43.538244,-96.80949 43.538197,-96.809585 43.538209,-96.809678 43.53822,-96.810927 43.538782,-96.810965 43.538794,-96.811098 43.538842,-96.811269 43.538914,-96.811481 43.539018,-96.811748 43.539133,-96.811921 43.539217,-96.812067 43.539292,-96.812203 43.539387,-96.81233 43.539488,-96.812433 43.539617,-96.812515 43.539729,-96.812612 43.539899,-96.812687 43.540074,-96.81273 43.540214,-96.812812 43.540395,-96.812846 43.540463,-96.812857 43.540612)))","46","099","001002","46099001002","10.02",Census Tract 10.02,G5020,S,"4173117","39802","+43.5375821","-096.7869387"
"MULTIPOLYGON (((-96.678359 43.537847,-96.678314 43.538111,-96.678209 43.538408,-96.678085 43.538598,-96.67802 43.538833,-96.678014 43.538981,-96.678015 43.540135,-96.677999 43.540254,-96.67796 43.540378,-96.677905 43.540472,-96.677846 43.540545,-96.67758 43.540779,-96.678359 43.541245,-96.678344 43.54393,-96.677117 43.543932,-96.675823 43.543933,-96.675176 43.54393,-96.67404 43.543925,-96.673424 43.543913,-96.673249 43.543893,-96.673188 43.544046,-96.672649 43.543882,-96.672091 43.543716,-96.671483 43.543569,-96.671131 43.5435,-96.670646 43.543425,-96.670323 43.543391,-96.670121 43.543374,-96.669941 43.543366,-96.669666 43.543355,-96.669366 43.54335,-96.669063 43.543356,-96.668778 43.543367,-96.667992 43.543437,-96.667481 43.54349,-96.666391 43.543603,-96.664824 43.543758,-96.66395 43.543835,-96.663637 43.543862,-96.662548 43.543912,-96.661841 43.543919,-96.661623 43.543919,-96.661405 43.543918,-96.660744 43.543918,-96.659902 43.543918,-96.659181 43.543918,-96.657069 43.543917,-96.655748 43.543907,-96.654598 43.543921,-96.65423 43.543923,-96.653236 43.543927,-96.652938 43.543929,-96.652686 43.543928,-96.652317 43.543926,-96.652219 43.543925,-96.652194 43.543395,-96.65218 43.543173,-96.652157 43.54303,-96.652126 43.542919,-96.652053 43.542809,-96.652024 43.542655,-96.652008 43.54239,-96.652016 43.541866,-96.652032 43.541195,-96.652039 43.5404,-96.652021 43.539068,-96.651962 43.538288,-96.65185 43.536667,-96.651788 43.535774,-96.651795 43.534213,-96.651802 43.532387,-96.651802 43.530138,-96.651802 43.529415,-96.652062 43.529414,-96.654308 43.529409,-96.656986 43.529402,-96.660778 43.529394,-96.661366 43.529393,-96.661492 43.529392,-96.665979 43.529373,-96.667457 43.529366,-96.669068 43.529364,-96.67141 43.529359,-96.671415 43.531212,-96.671412 43.531891,-96.671411 43.532166,-96.671423 43.532995,-96.671404 43.534213,-96.671408 43.534831,-96.67144 43.535738,-96.671444 43.536655,-96.676633 43.536654,-96.67832 43.536661,-96.678354 43.53678,-96.678344 43.537623,-96.678359 43.537847)))","46","099","000407","46099000407","4.07",Census Tract 4.07,G5020,S,"2959437","703","+43.5371365","-096.6638811"
"MULTIPOLYGON (((-96.788152 43.500374,-96.78796 43.500672,-96.787833 43.500857,-96.787641 43.501164,-96.787392 43.501543,-96.786765 43.502531,-96.784865 43.505479,-96.783522 43.507562,-96.783357 43.507562,-96.783166 43.507563,-96.7811 43.507571,-96.779879 43.507575,-96.777674 43.50758,-96.775688 43.507585,-96.773393 43.507586,-96.772794 43.507586,-96.771655 43.507592,-96.771486 43.507596,-96.771028 43.507592,-96.770137 43.507591,-96.77001 43.507594,-96.768808 43.507604,-96.767467 43.507605,-96.765951 43.507603,-96.765119 43.507608,-96.763018 43.507593,-96.762625 43.50759,-96.761263 43.50758,-96.760979 43.507585,-96.760785 43.507584,-96.760628 43.507601,-96.760509 43.507623,-96.760393 43.507656,-96.759666 43.507977,-96.759141 43.508208,-96.758976 43.508273,-96.758862 43.50831,-96.758712 43.508345,-96.75858 43.50837,-96.758402 43.508391,-96.758244 43.508399,-96.758028 43.508392,-96.755937 43.508418,-96.754163 43.508407,-96.753306 43.508417,-96.751082 43.508447,-96.750419 43.506544,-96.750196 43.505929,-96.750041 43.505501,-96.749445 43.504182,-96.749193 43.503438,-96.749096 43.503215,-96.748739 43.502361,-96.74866 43.502141,-96.74849 43.501667,-96.748461 43.501589,-96.748435 43.501515,-96.748026 43.500378,-96.748769 43.500369,-96.749392 43.500361,-96.749885 43.500355,-96.750616 43.500346,-96.751145 43.50034,-96.751178 43.50034,-96.751548 43.500342,-96.752375 43.500346,-96.752722 43.500348,-96.752843 43.500349,-96.753907 43.500353,-96.753921 43.500353,-96.756509 43.500365,-96.757368 43.500337,-96.762245 43.500343,-96.763248 43.500345,-96.764624 43.500347,-96.765885 43.500349,-96.766452 43.500336,-96.766548 43.500334,-96.766765 43.500335,-96.767024 43.500336,-96.768245 43.50034,-96.769541 43.500335,-96.769677 43.500336,-96.769794 43.500337,-96.770371 43.50034,-96.771012 43.500344,-96.771506 43.500343,-96.773254 43.500338,-96.77458 43.500335,-96.775222 43.500334,-96.777266 43.50033,-96.77731 43.50033,-96.7793 43.500322,-96.779664 43.500321,-96.779679 43.500321,-96.779737 43.500321,-96.781754 43.500319,-96.782273 43.500319,-96.782287 43.500319,-96.782678 43.500319,-96.782702 43.500319,-96.785314 43.500302,-96.786483 43.500301,-96.787839 43.500315,-96.788013 43.500309,-96.788206 43.500303,-96.788152 43.500374)))","46","099","001110","46099001110","11.10",Census Tract 11.10,G5020,S,"2380783","58158","+43.5032905","-096.7672945"
"MULTIPOLYGON (((-96.783522 43.507562,-96.781846 43.510146,-96.781587 43.510608,-96.781346 43.511083,-96.781302 43.511177,-96.781162 43.511476,-96.781001 43.511913,-96.780871 43.512455,-96.780755 43.512692,-96.780688 43.512954,-96.780638 43.513292,-96.78059 43.513824,-96.780598 43.514073,-96.78059 43.514834,-96.78063 43.517906,-96.780613 43.520522,-96.78064 43.522406,-96.780657 43.523581,-96.780656 43.525636,-96.780655 43.527235,-96.780655 43.527641,-96.780657 43.529596,-96.780658 43.529864,-96.780658 43.530681,-96.780658 43.530758,-96.780265 43.530642,-96.780031 43.530573,-96.779846 43.530509,-96.779533 43.530366,-96.779395 43.530287,-96.779178 43.530165,-96.778812 43.529868,-96.778568 43.529624,-96.778271 43.529343,-96.778033 43.529117,-96.777431 43.528526,-96.77715 43.528335,-96.77681 43.528075,-96.776535 43.527921,-96.776296 43.527831,-96.775787 43.527714,-96.775066 43.527524,-96.773622 43.527176,-96.773189 43.52707,-96.772866 43.526964,-96.771932 43.526604,-96.771485 43.526408,-96.771523 43.525776,-96.771411 43.524273,-96.771248 43.523664,-96.770994 43.523133,-96.770623 43.522508,-96.770008 43.521458,-96.769679 43.520885,-96.768505 43.518962,-96.768083 43.518363,-96.767728 43.517638,-96.767542 43.517335,-96.767198 43.517015,-96.76666 43.516392,-96.765952 43.515822,-96.765816 43.515685,-96.76563 43.515267,-96.765545 43.51503,-96.765532 43.51491,-96.765522 43.514836,-96.765162 43.514837,-96.764817 43.514838,-96.761101 43.514825,-96.75984 43.514819,-96.758591 43.51483,-96.758102 43.514835,-96.75734 43.514842,-96.756076 43.514838,-96.754811 43.51485,-96.753631 43.514846,-96.752329 43.514842,-96.751094 43.514861,-96.751095 43.513722,-96.75108 43.511545,-96.751089 43.510564,-96.751085 43.510166,-96.751065 43.509086,-96.751082 43.508447,-96.753306 43.508417,-96.754163 43.508407,-96.755937 43.508418,-96.758028 43.508392,-96.758244 43.508399,-96.758402 43.508391,-96.75858 43.50837,-96.758712 43.508345,-96.758862 43.50831,-96.758976 43.508273,-96.759141 43.508208,-96.759666 43.507977,-96.760393 43.507656,-96.760509 43.507623,-96.760628 43.507601,-96.760785 43.507584,-96.760979 43.507585,-96.761263 43.50758,-96.762625 43.50759,-96.763018 43.507593,-96.765119 43.507608,-96.765951 43.507603,-96.767467 43.507605,-96.768808 43.507604,-96.77001 43.507594,-96.770137 43.507591,-96.771028 43.507592,-96.771486 43.507596,-96.771655 43.507592,-96.772794 43.507586,-96.773393 43.507586,-96.775688 43.507585,-96.777674 43.50758,-96.779879 43.507575,-96.7811 43.507571,-96.783166 43.507563,-96.783357 43.507562,-96.783522 43.507562)))","46","099","001109","46099001109","11.09",Census Tract 11.09,G5020,S,"3231812","27029","+43.5216706","-096.7719045"
"MULTIPOLYGON (((-96.681388 43.501029,-96.681373 43.502359,-96.681368 43.503221,-96.681363 43.504039,-96.681359 43.504862,-96.68135 43.505421,-96.681346 43.505934,-96.681343 43.507534,-96.681338 43.508598,-96.681334 43.509634,-96.681329 43.511132,-96.681333 43.513407,-96.681333 43.514777,-96.681333 43.515555,-96.681332 43.516387,-96.681332 43.517071,-96.681323 43.517397,-96.681315 43.51794,-96.681305 43.518396,-96.68132 43.519214,-96.68134 43.520244,-96.681346 43.5209,-96.681364 43.521707,-96.681353 43.522026,-96.680129 43.522043,-96.678909 43.522047,-96.676086 43.522069,-96.675268 43.522076,-96.674058 43.522076,-96.672857 43.522087,-96.671351 43.522093,-96.671364 43.519629,-96.671376 43.518425,-96.671367 43.517568,-96.671365 43.517114,-96.671364 43.516317,-96.671364 43.516219,-96.671361 43.514806,-96.67136 43.514597,-96.671353 43.512756,-96.67135 43.511938,-96.671351 43.508178,-96.671351 43.507571,-96.671356 43.504489,-96.671354 43.50383,-96.671268 43.503829,-96.67121 43.503653,-96.671091 43.503438,-96.670947 43.503198,-96.670791 43.50303,-96.670611 43.502851,-96.670456 43.502707,-96.670228 43.502563,-96.66994 43.502371,-96.669746 43.502233,-96.669689 43.502192,-96.669401 43.501928,-96.669186 43.501641,-96.668958 43.501233,-96.66885 43.500886,-96.668838 43.500598,-96.668819 43.500336,-96.669857 43.500333,-96.67134 43.500326,-96.671399 43.500313,-96.671973 43.500316,-96.672331 43.500318,-96.67326 43.500323,-96.673398 43.500324,-96.674631 43.500329,-96.67528 43.500332,-96.678889 43.500351,-96.679356 43.500353,-96.679689 43.500349,-96.680661 43.500339,-96.680859 43.500337,-96.681037 43.500335,-96.681371 43.500331,-96.681396 43.500331,-96.681388 43.501029)))","46","099","001805","46099001805","18.05",Census Tract 18.05,G5020,S,"1997102","724","+43.5114283","-096.6760919"
"MULTIPOLYGON (((-96.830746 43.543881,-96.83055 43.543882,-96.828561 43.5439,-96.827165 43.543872,-96.826692 43.54387,-96.826389 43.543869,-96.824042 43.543864,-96.823917 43.543864,-96.822121 43.543859,-96.820898 43.54386,-96.815496 43.543863,-96.81494 43.543868,-96.812176 43.543871,-96.811698 43.543875,-96.810393 43.543876,-96.808293 43.543877,-96.808168 43.543877,-96.808175 43.543505,-96.808188 43.543436,-96.808336 43.54326,-96.808493 43.543226,-96.80869 43.543327,-96.808712 43.543332,-96.808803 43.54332,-96.809092 43.543409,-96.809191 43.543428,-96.809344 43.543441,-96.809499 43.543428,-96.809634 43.543417,-96.809826 43.543365,-96.809912 43.543312,-96.810024 43.543247,-96.810132 43.54315,-96.810183 43.543048,-96.810269 43.542875,-96.810312 43.542745,-96.810347 43.542629,-96.810338 43.542482,-96.810306 43.542412,-96.810261 43.542334,-96.810211 43.542287,-96.810166 43.542207,-96.81019 43.542121,-96.810231 43.542054,-96.810315 43.541983,-96.810379 43.541923,-96.810446 43.541887,-96.810545 43.541869,-96.810685 43.541863,-96.810844 43.541852,-96.810975 43.541852,-96.811111 43.541867,-96.811227 43.541902,-96.811434 43.541955,-96.811574 43.541988,-96.811791 43.541988,-96.811946 43.541975,-96.812127 43.541947,-96.812295 43.541895,-96.812444 43.541841,-96.812612 43.541751,-96.812702 43.541639,-96.812719 43.54151,-96.812713 43.541307,-96.812699 43.541159,-96.812696 43.541086,-96.812743 43.54095,-96.812822 43.540781,-96.812857 43.540612,-96.812846 43.540463,-96.812812 43.540395,-96.81273 43.540214,-96.812687 43.540074,-96.812612 43.539899,-96.812515 43.539729,-96.812433 43.539617,-96.81233 43.539488,-96.812203 43.539387,-96.812067 43.539292,-96.811921 43.539217,-96.811748 43.539133,-96.811481 43.539018,-96.811269 43.538914,-96.811098 43.538842,-96.810965 43.538794,-96.810927 43.538782,-96.809678 43.53822,-96.809585 43.538209,-96.80949 43.538197,-96.809214 43.538244,-96.808618 43.538323,-96.808444 43.538332,-96.808166 43.538375,-96.808086 43.538369,-96.808007 43.538358,-96.807966 43.538371,-96.807882 43.538438,-96.807798 43.538498,-96.807714 43.538539,-96.807593 43.538569,-96.807453 43.538612,-96.807322 43.538651,-96.807184 43.538687,-96.807003 43.538709,-96.806855 43.538722,-96.8067 43.538722,-96.806517 43.538717,-96.80649 43.538713,-96.806091 43.538676,-96.805858 43.538644,-96.805736 43.538614,-96.80572 43.53861,-96.805593 43.538558,-96.80552 43.538515,-96.805425 43.538438,-96.805352 43.538358,-96.805298 43.53828,-96.805273 43.538203,-96.80527 43.538125,-96.805281 43.538048,-96.805315 43.537961,-96.805376 43.537777,-96.805415 43.537701,-96.805486 43.537566,-96.805587 43.537441,-96.805735 43.537297,-96.805822 43.537204,-96.805865 43.537038,-96.805871 43.536948,-96.805859 43.536858,-96.805008 43.536343,-96.804686 43.536182,-96.804493 43.536115,-96.804401 43.536052,-96.804282 43.535973,-96.804209 43.535936,-96.804019 43.535895,-96.803863 43.535868,-96.803626 43.535827,-96.803436 43.535816,-96.803096 43.535788,-96.802971 43.535669,-96.802887 43.535544,-96.802805 43.535393,-96.802739 43.535178,-96.802661 43.53486,-96.802588 43.534679,-96.802534 43.534532,-96.802454 43.53443,-96.802391 43.534377,-96.802176 43.534316,-96.802001 43.534282,-96.801842 43.534269,-96.801648 43.534266,-96.801442 43.534271,-96.801245 43.534314,-96.800996 43.534369,-96.800792 43.534412,-96.80063 43.534449,-96.800418 43.534475,-96.800296 43.534489,-96.800241 43.534486,-96.800098 43.534526,-96.799928 43.534615,-96.799854 43.534658,-96.799809 43.534679,-96.79965 43.534682,-96.799445 43.534679,-96.799239 43.534706,-96.799021 43.534703,-96.798833 43.534687,-96.798658 43.534632,-96.798468 43.534574,-96.798345 43.53455,-96.798213 43.534486,-96.798096 43.534343,-96.797973 43.534218,-96.797799 43.534139,-96.797624 43.534049,-96.797383 43.534001,-96.797184 43.533962,-96.796938 43.533952,-96.796757 43.533945,-96.796434 43.533969,-96.796068 43.533942,-96.795706 43.533884,-96.795538 43.533858,-96.795352 43.53386,-96.795 43.533831,-96.794758 43.533746,-96.794432 43.533701,-96.79409 43.533659,-96.793881 43.533656,-96.7936 43.533669,-96.793401 43.533683,-96.793191 43.533736,-96.792966 43.533783,-96.792749 43.533805,-96.79255 43.533781,-96.792261 43.533762,-96.792075 43.533746,-96.791842 43.533744,-96.791524 43.53377,-96.791362 43.533818,-96.791214 43.53386,-96.790899 43.533857,-96.790899 43.533789,-96.790898 43.533716,-96.790897 43.533572,-96.790895 43.533094,-96.790897 43.53193,-96.790895 43.531223,-96.790893 43.530502,-96.790891 43.530183,-96.790886 43.529348,-96.793836 43.529345,-96.795104 43.52937,-96.796473 43.529358,-96.79771 43.529356,-96.798092 43.529358,-96.798866 43.529348,-96.799342 43.529347,-96.800894 43.529343,-96.800892 43.528017,-96.800898 43.527386,-96.80089 43.526923,-96.800896 43.526507,-96.800893 43.526114,-96.800891 43.525292,-96.800888 43.522502,-96.800897 43.521739,-96.800896 43.521302,-96.800895 43.520849,-96.800897 43.519878,-96.800899 43.518896,-96.800898 43.518684,-96.800896 43.518028,-96.800898 43.517754,-96.800904 43.515837,-96.800899 43.514805,-96.802429 43.514812,-96.803068 43.514815,-96.804999 43.514814,-96.806121 43.514814,-96.809568 43.514813,-96.810852 43.514806,-96.810872 43.515343,-96.810901 43.515847,-96.810939 43.516312,-96.811001 43.516772,-96.811059 43.517132,-96.811143 43.517502,-96.811293 43.518087,-96.811402 43.518391,-96.811481 43.518641,-96.8116 43.518987,-96.811687 43.519218,-96.811874 43.51968,-96.812035 43.520001,-96.812183 43.520258,-96.81247 43.520792,-96.812635 43.521069,-96.812842 43.521398,-96.813083 43.52181,-96.813287 43.522096,-96.813434 43.522287,-96.81352 43.522418,-96.813761 43.522762,-96.814072 43.523247,-96.814293 43.523638,-96.814509 43.524052,-96.814586 43.524218,-96.814725 43.524517,-96.815023 43.525161,-96.815207 43.525601,-96.815392 43.526142,-96.815469 43.526462,-96.815619 43.527152,-96.8157 43.527568,-96.815734 43.527848,-96.815764 43.528213,-96.815795 43.528588,-96.8158 43.528777,-96.815814 43.529311,-96.815788 43.532952,-96.816799 43.532944,-96.816847 43.532944,-96.818263 43.53294,-96.819268 43.532939,-96.819725 43.532938,-96.821165 43.532936,-96.82261 43.532927,-96.824118 43.532934,-96.826341 43.532936,-96.82753 43.532931,-96.828698 43.532926,-96.830558 43.53292,-96.830668 43.53292,-96.830716 43.53292,-96.830716 43.532973,-96.830719 43.534158,-96.830729 43.537138,-96.830732 43.538375,-96.830736 43.539881,-96.830743 43.543007,-96.830745 43.543805,-96.830746 43.543881)))","46","099","001111","46099001111","11.11",Census Tract 11.11,G5020,S,"4789468","28479","+43.5305482","-096.8126190"
"MULTIPOLYGON (((-96.742675 43.551182,-96.741311 43.551183,-96.739812 43.551186,-96.739181 43.551195,-96.738286 43.551186,-96.737081 43.551206,-96.73575 43.5512,-96.734258 43.551211,-96.732806 43.551199,-96.732779 43.5499,-96.732786 43.548589,-96.732768 43.547288,-96.732758 43.545997,-96.732761 43.544677,-96.732732 43.543451,-96.732714 43.542439,-96.732714 43.541444,-96.73271 43.540126,-96.734144 43.540485,-96.734144 43.540224,-96.735559 43.540245,-96.737066 43.540236,-96.738497 43.540215,-96.739894 43.540215,-96.74126 43.540229,-96.74123 43.54131,-96.74126 43.542139,-96.74125 43.542432,-96.741245 43.543039,-96.741234 43.543354,-96.742566 43.543955,-96.742629 43.544211,-96.742627 43.544656,-96.742642 43.54597,-96.742649 43.547248,-96.742663 43.548549,-96.742674 43.549878,-96.742675 43.551182)))","46","099","000702","46099000702","7.02",Census Tract 7.02,G5020,S,"930149","0","+43.5458863","-096.7375061"
"MULTIPOLYGON (((-96.830794 43.518367,-96.830794 43.518495,-96.830794 43.518581,-96.830794 43.519583,-96.830794 43.520459,-96.830794 43.521267,-96.830794 43.52137,-96.830794 43.52144,-96.830794 43.521575,-96.830794 43.522132,-96.830793 43.522456,-96.830781 43.526038,-96.83078 43.52613,-96.830779 43.526625,-96.830777 43.527296,-96.830775 43.527971,-96.830773 43.528507,-96.83077 43.529291,-96.830763 43.529754,-96.830751 43.530549,-96.83075 43.53065,-96.830716 43.53292,-96.830668 43.53292,-96.830558 43.53292,-96.828698 43.532926,-96.82753 43.532931,-96.826341 43.532936,-96.824118 43.532934,-96.82261 43.532927,-96.821165 43.532936,-96.819725 43.532938,-96.819268 43.532939,-96.818263 43.53294,-96.816847 43.532944,-96.816799 43.532944,-96.815788 43.532952,-96.815814 43.529311,-96.8158 43.528777,-96.815795 43.528588,-96.815764 43.528213,-96.815734 43.527848,-96.8157 43.527568,-96.815619 43.527152,-96.815469 43.526462,-96.815392 43.526142,-96.815207 43.525601,-96.815023 43.525161,-96.814725 43.524517,-96.814586 43.524218,-96.814509 43.524052,-96.814293 43.523638,-96.814072 43.523247,-96.813761 43.522762,-96.81352 43.522418,-96.813434 43.522287,-96.813287 43.522096,-96.813083 43.52181,-96.812842 43.521398,-96.812635 43.521069,-96.81247 43.520792,-96.812183 43.520258,-96.812035 43.520001,-96.811874 43.51968,-96.811687 43.519218,-96.8116 43.518987,-96.811481 43.518641,-96.811402 43.518391,-96.811293 43.518087,-96.811143 43.517502,-96.811059 43.517132,-96.811001 43.516772,-96.810939 43.516312,-96.810901 43.515847,-96.810872 43.515343,-96.810852 43.514806,-96.813569 43.514806,-96.817964 43.514823,-96.818465 43.514823,-96.820805 43.514819,-96.823969 43.514814,-96.824331 43.514814,-96.825795 43.514821,-96.826447 43.514816,-96.828032 43.514804,-96.828331 43.514802,-96.829088 43.514797,-96.830794 43.514786,-96.830794 43.518367)))","46","099","001112","46099001112","11.12",Census Tract 11.12,G5020,S,"2762270","0","+43.5232971","-096.8221850"
"MULTIPOLYGON (((-96.751094 43.514861,-96.749856 43.514852,-96.748595 43.514859,-96.747354 43.514859,-96.746117 43.51486,-96.744871 43.514857,-96.743622 43.51486,-96.742294 43.514858,-96.74118 43.514861,-96.741152 43.51623,-96.741162 43.517141,-96.740885 43.517095,-96.740271 43.517077,-96.739822 43.517071,-96.738717 43.517065,-96.738717 43.518525,-96.738117 43.518533,-96.738123 43.519249,-96.73816 43.521226,-96.738165 43.522093,-96.736233 43.522082,-96.736234 43.524108,-96.736241 43.525076,-96.736249 43.52597,-96.736254 43.527256,-96.737506 43.527266,-96.738725 43.527265,-96.739184 43.527264,-96.739995 43.527263,-96.740006 43.526385,-96.740043 43.52597,-96.740883 43.525971,-96.741243 43.525972,-96.741248 43.527265,-96.741253 43.528531,-96.741288 43.529439,-96.739989 43.529435,-96.738726 43.529419,-96.737484 43.52941,-96.736245 43.529423,-96.735012 43.52941,-96.733778 43.529413,-96.732526 43.529425,-96.731725 43.529411,-96.73129 43.529411,-96.730053 43.529405,-96.730021 43.528525,-96.730039 43.527596,-96.730022 43.525746,-96.73005 43.524833,-96.730022 43.523919,-96.730004 43.522132,-96.72998 43.520762,-96.728778 43.520736,-96.728785 43.519817,-96.728737 43.5185,-96.727525 43.518498,-96.726247 43.518488,-96.726236 43.517578,-96.726229 43.516679,-96.72622 43.516053,-96.726221 43.515766,-96.726226 43.514865,-96.726199 43.513961,-96.726223 43.513078,-96.726231 43.513001,-96.731249 43.511789,-96.731251 43.511505,-96.731233 43.511055,-96.731209 43.51022,-96.734293 43.509091,-96.741029 43.506547,-96.74269 43.505919,-96.745721 43.504775,-96.746023 43.504661,-96.749193 43.503438,-96.749445 43.504182,-96.750041 43.505501,-96.750196 43.505929,-96.750419 43.506544,-96.751082 43.508447,-96.751065 43.509086,-96.751085 43.510166,-96.751089 43.510564,-96.75108 43.511545,-96.751095 43.513722,-96.751094 43.514861)))","46","099","001501","46099001501","15.01",Census Tract 15.01,G5020,S,"2818071","2958","+43.5157684","-096.7380764"
"MULTIPOLYGON (((-96.732806 43.551199,-96.731711 43.551212,-96.731354 43.551205,-96.729814 43.551221,-96.728325 43.551214,-96.726831 43.551213,-96.725809 43.551216,-96.724832 43.551218,-96.724277 43.551219,-96.724053 43.55122,-96.724107 43.551128,-96.72467 43.549751,-96.724696 43.549678,-96.724736 43.549569,-96.724761 43.549569,-96.724985 43.549221,-96.72532 43.549,-96.725457 43.548626,-96.72557 43.548318,-96.725252 43.547742,-96.724897 43.547498,-96.724279 43.547073,-96.723643 43.546712,-96.722935 43.546188,-96.722355 43.545758,-96.722067 43.545559,-96.721439 43.545253,-96.721339 43.545225,-96.720653 43.545032,-96.720299 43.545034,-96.71974 43.544831,-96.719508 43.544727,-96.719498 43.544364,-96.719473 43.543439,-96.719481 43.543141,-96.719524 43.542441,-96.719719 43.54187,-96.719956 43.541438,-96.720886 43.541444,-96.722307 43.541442,-96.723793 43.541431,-96.725276 43.541448,-96.726804 43.541448,-96.728238 43.541443,-96.729763 43.541428,-96.731262 43.541441,-96.732714 43.541444,-96.732714 43.542439,-96.732732 43.543451,-96.732761 43.544677,-96.732758 43.545997,-96.732768 43.547288,-96.732786 43.548589,-96.732779 43.5499,-96.732806 43.551199)))","46","099","000701","46099000701","7.01",Census Tract 7.01,G5020,S,"885644","17514","+43.5453421","-096.7275350"
"MULTIPOLYGON (((-96.74128 43.533936,-96.741289 43.534856,-96.741273 43.53507,-96.741223 43.535757,-96.741261 43.536667,-96.741268 43.537691,-96.74126 43.538966,-96.74126 43.540229,-96.739894 43.540215,-96.738497 43.540215,-96.737066 43.540236,-96.735559 43.540245,-96.734144 43.540224,-96.734144 43.540485,-96.73271 43.540126,-96.732707 43.538958,-96.732721 43.537703,-96.73271 43.536695,-96.732566 43.536695,-96.732539 43.536689,-96.732536 43.535785,-96.732556 43.53487,-96.731702 43.534883,-96.731278 43.534883,-96.730035 43.534875,-96.730031 43.533967,-96.730029 43.53305,-96.730038 43.532137,-96.730025 43.531246,-96.730027 43.530327,-96.730052 43.529663,-96.730053 43.529405,-96.73129 43.529411,-96.731725 43.529411,-96.732526 43.529425,-96.733778 43.529413,-96.735012 43.52941,-96.736245 43.529423,-96.737484 43.52941,-96.738726 43.529419,-96.739989 43.529435,-96.741288 43.529439,-96.741266 43.530331,-96.741241 43.531244,-96.741259 43.532139,-96.74129 43.533012,-96.74128 43.533936)))","46","099","001502","46099001502","15.02",Census Tract 15.02,G5020,S,"965353","0","+43.5344669","-096.7362052"
