link_id,from_node_id,to_node_id,facility_type,dir_flag,directed_route_id,link_type,link_type_name,length,lanes,capacity,free_speed,cost,VDF_fftt1,VDF_cap1,VDF_alpha1,VDF_beta1,VDF_penalty1,geometry,VDF_allowed_uses1,agency_name,stop_sequence,directed_service_id
1000001,1500001,1500007,bus,1,1340.2,1,service_links,2853.5218198857583,1,999999,17.12113091931455,0.0,10.0,999999,0.15,4,0,"LINESTRING (-96.72551594000001 43.544869379999994, -96.75496843 43.53063202)",w_bus_only;w_bus_metro;d_bus_only;d_bus_metro,Sioux Area Metro,1,1340.2:1;11;17;20;25;31;39
1000002,1500007,1500003,bus,1,1340.2,1,service_links,1915.6149172224045,1,999999,19.156149172224044,0.0,6.0,999999,0.15,4,0,"LINESTRING (-96.75496843 43.53063202, -96.76126285000001 43.514020069999994)",w_bus_only;w_bus_metro;d_bus_only;d_bus_metro,Sioux Area Metro,11,1340.2:1;11;17;20;25;31;39
1000003,1500003,1500004,bus,1,1340.2,1,service_links,1331.1326608554837,1,999999,9.983494956416127,0.0,8.0,999999,0.15,4,0,"LINESTRING (-96.76126285000001 43.514020069999994, -96.77159721000001 43.50468562)",w_bus_only;w_bus_metro;d_bus_only;d_bus_metro,Sioux Area Metro,17,1340.2:1;11;17;20;25;31;39
1000004,1500004,1500005,bus,1,1340.2,1,service_links,1340.0763518292886,1,999999,4.23182005840828,0.0,19.0,999999,0.15,4,0,"LINESTRING (-96.77159721000001 43.50468562, -96.76018883 43.513448049999994)",w_bus_only;w_bus_metro;d_bus_only;d_bus_metro,Sioux Area Metro,20,1340.2:1;11;17;20;25;31;39
1000005,1500005,1500006,bus,1,1340.2,1,service_links,1998.3188432978357,1,999999,23.979826119574025,0.0,5.0,999999,0.15,4,0,"LINESTRING (-96.76018883 43.513448049999994, -96.75488842 43.53100358)",w_bus_only;w_bus_metro;d_bus_only;d_bus_metro,Sioux Area Metro,25,1340.2:1;11;17;20;25;31;39
1000006,1500006,1500001,bus,1,1340.2,1,service_links,2825.3960084410933,1,999999,15.411250955133236,0.0,11.0,999999,0.15,4,0,"LINESTRING (-96.75488842 43.53100358, -96.72551594000001 43.544869379999994)",w_bus_only;w_bus_metro;d_bus_only;d_bus_metro,Sioux Area Metro,31,1340.2:1;11;17;20;25;31;39
1000007,1500002,1500002,bus,1,1340.2,1,service_links,0.0,2,999999,0.0,0.0,54.0,1999998,0.15,4,0,"LINESTRING (-96.72551594000001 43.544869379999994, -96.72551594000001 43.544869379999994)",w_bus_only;w_bus_metro;d_bus_only;d_bus_metro,Sioux Area Metro,1,1340.2:1;39
1000008,1500009,1500009,bus,1,1341.2,1,service_links,0.0,2,999999,0.0,0.0,54.0,1999998,0.15,4,0,"LINESTRING (-96.72551594000001 43.544869379999994, -96.72551594000001 43.544869379999994)",w_bus_only;w_bus_metro;d_bus_only;d_bus_metro,Sioux Area Metro,1,1341.2:1;45
1000009,1500010,1500012,bus,1,1341.2,1,service_links,1791.6345489709083,2,999999,13.437259117281812,0.0,8.0,1999998,0.15,4,0,"LINESTRING (-96.72551594000001 43.544869379999994, -96.74141730000001 43.53361131)",w_bus_only;w_bus_metro;d_bus_only;d_bus_metro,Sioux Area Metro,1,1341.2:1;8;16;22;29;37;45
1000010,1500012,1500008,bus,1,1341.2,1,service_links,2262.069318095466,2,999999,19.38916558367542,0.0,7.0,1999998,0.15,4,0,"LINESTRING (-96.74141730000001 43.53361131, -96.7512743986509 43.51456489249669)",w_bus_only;w_bus_metro;d_bus_only;d_bus_metro,Sioux Area Metro,8,1341.2:1;8;16;22;29;37;45
1000011,1500008,1500011,bus,1,1341.2,1,service_links,1973.0344385016176,2,999999,9.865172192508089,0.0,12.0,1999998,0.15,4,0,"LINESTRING (-96.7512743986509 43.51456489249669, -96.77159721000001 43.50468562)",w_bus_only;w_bus_metro;d_bus_only;d_bus_metro,Sioux Area Metro,16,1341.2:1;8;16;22;29;37;45
1000012,1500011,1500013,bus,1,1341.2,1,service_links,2021.4775975965797,2,999999,7.134626815046753,0.0,17.0,1999998,0.15,4,0,"LINESTRING (-96.77159721000001 43.50468562, -96.75107796 43.51512748)",w_bus_only;w_bus_metro;d_bus_only;d_bus_metro,Sioux Area Metro,22,1341.2:1;8;16;22;29;37;45
1000013,1500013,1500014,bus,1,1341.2,1,service_links,2107.567555015499,2,999999,21.07567555015499,0.0,6.0,1999998,0.15,4,0,"LINESTRING (-96.75107796 43.51512748, -96.74127857 43.53269905)",w_bus_only;w_bus_metro;d_bus_only;d_bus_metro,Sioux Area Metro,29,1341.2:1;8;16;22;29;37;45
1000014,1500014,1500010,bus,1,1341.2,1,service_links,1856.2591109340215,2,999999,12.375060739560142,0.0,9.0,1999998,0.15,4,0,"LINESTRING (-96.74127857 43.53269905, -96.72551594000001 43.544869379999994)",w_bus_only;w_bus_metro;d_bus_only;d_bus_metro,Sioux Area Metro,37,1341.2:1;8;16;22;29;37;45
1000015,1500015,1500015,bus,1,1342.2,1,service_links,0.0,2,999999,0.0,0.0,54.0,1999998,0.15,4,0,"LINESTRING (-96.72551594000001 43.544869379999994, -96.72551594000001 43.544869379999994)",w_bus_only;w_bus_metro;d_bus_only;d_bus_metro,Sioux Area Metro,1,1342.2:1;42
1000016,1500016,1500018,bus,1,1342.2,1,service_links,2620.1247420093314,3,999999,22.458212074365697,0.0,7.0,2999997,0.15,4,0,"LINESTRING (-96.72551594000001 43.544869379999994, -96.73150022 43.52170887)",w_bus_only;w_bus_metro;d_bus_only;d_bus_metro,Sioux Area Metro,1,1342.2:1;8;16;20;27;34;42
1000017,1500018,1500019,bus,1,1342.2,1,service_links,2494.9870344388296,3,999999,18.712402758291223,0.0,8.0,2999997,0.15,4,0,"LINESTRING (-96.73150022 43.52170887, -96.76094281 43.514808099999996)",w_bus_only;w_bus_metro;d_bus_only;d_bus_metro,Sioux Area Metro,8,1342.2:1;8;16;20;27;34;42
1000018,1500019,1500017,bus,1,1342.2,1,service_links,1416.0398923681055,3,999999,10.620299192760791,0.0,8.0,2999997,0.15,4,0,"LINESTRING (-96.76094281 43.514808099999996, -96.77159721000001 43.50468562)",w_bus_only;w_bus_metro;d_bus_only;d_bus_metro,Sioux Area Metro,16,1342.2:1;8;16;20;27;34;42
1000019,1500017,1500020,bus,1,1342.2,1,service_links,1375.6696991496133,3,999999,4.585565663832044,0.0,18.0,2999997,0.15,4,0,"LINESTRING (-96.77159721000001 43.50468562, -96.76142772 43.51461843)",w_bus_only;w_bus_metro;d_bus_only;d_bus_metro,Sioux Area Metro,20,1342.2:1;8;16;20;27;34;42
1000020,1500020,1500021,bus,1,1342.2,1,service_links,2596.199616504467,3,999999,17.307997443363114,0.0,9.0,2999997,0.15,4,0,"LINESTRING (-96.76142772 43.51461843, -96.73126238 43.52278231)",w_bus_only;w_bus_metro;d_bus_only;d_bus_metro,Sioux Area Metro,27,1342.2:1;8;16;20;27;34;42
1000021,1500021,1500016,bus,1,1342.2,1,service_links,2499.2753248118024,3,999999,16.661835498745347,0.0,9.0,2999997,0.15,4,0,"LINESTRING (-96.73126238 43.52278231, -96.72551594000001 43.544869379999994)",w_bus_only;w_bus_metro;d_bus_only;d_bus_metro,Sioux Area Metro,34,1342.2:1;8;16;20;27;34;42
1000022,1500022,1500022,bus,1,1343.2,1,service_links,0.0,2,999999,0.0,0.0,22.0,1999998,0.15,4,0,"LINESTRING (-96.72551594000001 43.544869379999994, -96.72551594000001 43.544869379999994)",w_bus_only;w_bus_metro;d_bus_only;d_bus_metro,Sioux Area Metro,1,1343.2:1;24
1000023,1500023,1500024,bus,1,1343.2,1,service_links,2327.4519668507537,2,999999,27.929423602209045,0.0,5.0,1999998,0.15,4,0,"LINESTRING (-96.72551594000001 43.544869379999994, -96.69672536 43.546493909999995)",w_bus_only;w_bus_metro;d_bus_only;d_bus_metro,Sioux Area Metro,1,1343.2:1;7;12;18;23;24
1000024,1500024,1500025,bus,1,1343.2,1,service_links,1709.6322478649577,2,999999,20.515586974379495,0.0,5.0,1999998,0.15,4,0,"LINESTRING (-96.69672536 43.546493909999995, -96.67582167 43.5438822)",w_bus_only;w_bus_metro;d_bus_only;d_bus_metro,Sioux Area Metro,7,1343.2:1;7;12;18;23;24
1000025,1500025,1500026,bus,1,1343.2,1,service_links,1342.1634610721096,2,999999,16.105961532865315,0.0,5.0,1999998,0.15,4,0,"LINESTRING (-96.67582167 43.5438822, -96.69199496 43.54675758)",w_bus_only;w_bus_metro;d_bus_only;d_bus_metro,Sioux Area Metro,12,1343.2:1;7;12;18;23;24
1000026,1500026,1500027,bus,1,1343.2,1,service_links,1771.443600708764,2,999999,21.257323208505166,0.0,5.0,1999998,0.15,4,0,"LINESTRING (-96.69199496 43.54675758, -96.71397392 43.546653649999996)",w_bus_only;w_bus_metro;d_bus_only;d_bus_metro,Sioux Area Metro,18,1343.2:1;7;12;18;23;24
1000027,1500027,1500023,bus,1,1343.2,1,service_links,951.1718617518472,2,999999,28.535155852555416,0.0,2.0,1999998,0.15,4,0,"LINESTRING (-96.71397392 43.546653649999996, -96.72551594000001 43.544869379999994)",w_bus_only;w_bus_metro;d_bus_only;d_bus_metro,Sioux Area Metro,23,1343.2:1;7;12;18;23;24
1000028,1500028,1500028,bus,1,1344.2,1,service_links,0.0,2,999999,0.0,0.0,21.0,1999998,0.15,4,0,"LINESTRING (-96.72551594000001 43.544869379999994, -96.72551594000001 43.544869379999994)",w_bus_only;w_bus_metro;d_bus_only;d_bus_metro,Sioux Area Metro,1,1344.2:1;26
1000029,1500029,1500030,bus,1,1344.2,1,service_links,1364.975242760528,1,999999,20.47462864140792,0.0,4.0,999999,0.15,4,0,"LINESTRING (-96.72551594000001 43.544869379999994, -96.71606984 43.534681109999994)",w_bus_only;w_bus_metro;d_bus_only;d_bus_metro,Sioux Area Metro,1,1344.2:1;5;11;16;23;26
1000030,1500030,1500031,bus,1,1344.2,1,service_links,1818.5931021864494,1,999999,21.823117226237393,0.0,5.0,999999,0.15,4,0,"LINESTRING (-96.71606984 43.534681109999994, -96.71145996 43.51867128999999)",w_bus_only;w_bus_metro;d_bus_only;d_bus_metro,Sioux Area Metro,5,1344.2:1;5;11;16;23;26
1000031,1500031,1500032,bus,1,1344.2,1,service_links,1203.1399386998175,1,999999,18.047099080497265,0.0,4.0,999999,0.15,4,0,"LINESTRING (-96.71145996 43.51867128999999, -96.72628099 43.517420689999994)",w_bus_only;w_bus_metro;d_bus_only;d_bus_metro,Sioux Area Metro,11,1344.2:1;5;11;16;23;26
1000032,1500032,1500033,bus,1,1344.2,1,service_links,2108.7459272612414,1,999999,25.304951127134895,0.0,5.0,999999,0.15,4,0,"LINESTRING (-96.72628099 43.517420689999994, -96.72633317 43.53638505999999)",w_bus_only;w_bus_metro;d_bus_only;d_bus_metro,Sioux Area Metro,16,1344.2:1;5;11;16;23;26
1000033,1500033,1500029,bus,1,1344.2,1,service_links,945.7102168976347,1,999999,18.914204337952693,0.0,3.0,999999,0.15,4,0,"LINESTRING (-96.72633317 43.53638505999999, -96.72551594000001 43.544869379999994)",w_bus_only;w_bus_metro;d_bus_only;d_bus_metro,Sioux Area Metro,23,1344.2:1;5;11;16;23;26
1000034,1500034,1500036,bus,1,1345.2,1,service_links,2652.266771571843,2,999999,17.681778477145617,0.0,9.0,1999998,0.15,4,0,"LINESTRING (-96.72551594000001 43.544869379999994, -96.75163272 43.55938369)",w_bus_only;w_bus_metro;d_bus_only;d_bus_metro,Sioux Area Metro,1,1345.2:1;12;17;24
1000035,1500036,1500037,bus,1,1345.2,1,service_links,1066.1742875432965,2,999999,12.794091450519558,0.0,5.0,1999998,0.15,4,0,"LINESTRING (-96.75163272 43.55938369, -96.73879821 43.561715469999996)",w_bus_only;w_bus_metro;d_bus_only;d_bus_metro,Sioux Area Metro,12,1345.2:1;12;17;24
1000036,1500037,1500034,bus,1,1345.2,1,service_links,2157.44733746151,2,999999,14.382982249743398,0.0,9.0,1999998,0.15,4,0,"LINESTRING (-96.73879821 43.561715469999996, -96.72551594000001 43.544869379999994)",w_bus_only;w_bus_metro;d_bus_only;d_bus_metro,Sioux Area Metro,17,1345.2:1;12;17;24
1000037,1500035,1500035,bus,1,1345.2,1,service_links,0.0,2,999999,0.0,0.0,23.0,1999998,0.15,4,0,"LINESTRING (-96.72551594000001 43.544869379999994, -96.72551594000001 43.544869379999994)",w_bus_only;w_bus_metro;d_bus_only;d_bus_metro,Sioux Area Metro,1,1345.2:1;24
1000038,1500038,1500038,bus,1,1346.2,1,service_links,0.0,2,999999,0.0,0.0,52.0,1999998,0.15,4,0,"LINESTRING (-96.72551594000001 43.544869379999994, -96.72551594000001 43.544869379999994)",w_bus_only;w_bus_metro;d_bus_only;d_bus_metro,Sioux Area Metro,1,1346.2:1;43
1000039,1500039,1500040,bus,1,1346.2,1,service_links,846.3818394684052,3,999999,10.156582073620864,0.0,5.0,2999997,0.15,4,0,"LINESTRING (-96.72551594000001 43.544869379999994, -96.71997319 43.551334569999995)",w_bus_only;w_bus_metro;d_bus_only;d_bus_metro,Sioux Area Metro,1,1346.2:1;4;12;20;23;28;33;39;43
1000040,1500040,1500041,bus,1,1346.2,1,service_links,2615.8921096039726,3,999999,31.390705315247672,0.0,5.0,2999997,0.15,4,0,"LINESTRING (-96.71997319 43.551334569999995, -96.6915997 43.56276458999999)",w_bus_only;w_bus_metro;d_bus_only;d_bus_metro,Sioux Area Metro,4,1346.2:1;4;12;20;23;28;33;39;43
1000041,1500041,1500042,bus,1,1346.2,1,service_links,2218.3963236415057,3,999999,13.310377941849035,0.0,10.0,2999997,0.15,4,0,"LINESTRING (-96.6915997 43.56276458999999, -96.66929964 43.551066)",w_bus_only;w_bus_metro;d_bus_only;d_bus_metro,Sioux Area Metro,12,1346.2:1;4;12;20;23;28;33;39;43
1000042,1500042,1500043,bus,1,1346.2,1,service_links,1300.4564160544053,3,999999,15.605476992652862,0.0,5.0,2999997,0.15,4,0,"LINESTRING (-96.66929964 43.551066, -96.65984539 43.541588579999996)",w_bus_only;w_bus_metro;d_bus_only;d_bus_metro,Sioux Area Metro,20,1346.2:1;4;12;20;23;28;33;39;43
1000043,1500043,1500044,bus,1,1346.2,1,service_links,982.2928286042453,3,999999,5.893756971625471,0.0,10.0,2999997,0.15,4,0,"LINESTRING (-96.65984539 43.541588579999996, -96.67149334 43.544187189999995)",w_bus_only;w_bus_metro;d_bus_only;d_bus_metro,Sioux Area Metro,23,1346.2:1;4;12;20;23;28;33;39;43
1000044,1500044,1500045,bus,1,1346.2,1,service_links,1831.068312620934,3,999999,21.97281975145121,0.0,5.0,2999997,0.15,4,0,"LINESTRING (-96.67149334 43.544187189999995, -96.69205065 43.55119858)",w_bus_only;w_bus_metro;d_bus_only;d_bus_metro,Sioux Area Metro,28,1346.2:1;4;12;20;23;28;33;39;43
1000045,1500045,1500046,bus,1,1346.2,1,service_links,1592.1210335273017,3,999999,19.10545240232762,0.0,5.0,2999997,0.15,4,0,"LINESTRING (-96.69205065 43.55119858, -96.71118667 43.55475885)",w_bus_only;w_bus_metro;d_bus_only;d_bus_metro,Sioux Area Metro,33,1346.2:1;4;12;20;23;28;33;39;43
1000046,1500046,1500039,bus,1,1346.2,1,service_links,1594.6311773502,3,999999,13.668267234430287,0.0,7.0,2999997,0.15,4,0,"LINESTRING (-96.71118667 43.55475885, -96.72551594000001 43.544869379999994)",w_bus_only;w_bus_metro;d_bus_only;d_bus_metro,Sioux Area Metro,39,1346.2:1;4;12;20;23;28;33;39;43
1000047,1500048,1500048,bus,1,1347.2,1,service_links,0.0,2,999999,0.0,0.0,31.0,1999998,0.15,4,0,"LINESTRING (-96.72551594000001 43.544869379999994, -96.72551594000001 43.544869379999994)",w_bus_only;w_bus_metro;d_bus_only;d_bus_metro,Sioux Area Metro,1,1347.2:1;32
1000048,1500049,1500050,bus,1,1347.2,1,service_links,2145.6907141048473,3,999999,21.456907141048475,0.0,6.0,2999997,0.15,4,0,"LINESTRING (-96.72551594000001 43.544869379999994, -96.73131690000001 43.56370251)",w_bus_only;w_bus_metro;d_bus_only;d_bus_metro,Sioux Area Metro,1,1347.2:1;6;12;19;26;32
1000049,1500050,1500047,bus,1,1347.2,1,service_links,2694.4619723840856,3,999999,26.94461972384086,0.0,6.0,2999997,0.15,4,0,"LINESTRING (-96.73131690000001 43.56370251, -96.7213634978653 43.5868366050116)",w_bus_only;w_bus_metro;d_bus_only;d_bus_metro,Sioux Area Metro,6,1347.2:1;6;12;19;26;32
1000050,1500047,1500051,bus,1,1347.2,1,service_links,1765.0470770160496,3,999999,21.180564924192595,0.0,5.0,2999997,0.15,4,0,"LINESTRING (-96.7213634978653 43.5868366050116, -96.71160062 43.60104827)",w_bus_only;w_bus_metro;d_bus_only;d_bus_metro,Sioux Area Metro,12,1347.2:1;6;12;19;26;32
1000051,1500051,1500052,bus,1,1347.2,1,service_links,4408.704832622983,3,999999,44.087048326229834,0.0,6.0,2999997,0.15,4,0,"LINESTRING (-96.71160062 43.60104827, -96.71167345 43.561399869999995)",w_bus_only;w_bus_metro;d_bus_only;d_bus_metro,Sioux Area Metro,19,1347.2:1;6;12;19;26;32
1000052,1500052,1500049,bus,1,1347.2,1,service_links,2150.12308760964,3,999999,16.1259231570723,0.0,8.0,2999997,0.15,4,0,"LINESTRING (-96.71167345 43.561399869999995, -96.72551594000001 43.544869379999994)",w_bus_only;w_bus_metro;d_bus_only;d_bus_metro,Sioux Area Metro,26,1347.2:1;6;12;19;26;32
1000053,1500053,1500053,bus,1,1348.2,1,service_links,0.0,2,999999,0.0,0.0,22.0,1999998,0.15,4,0,"LINESTRING (-96.72551594000001 43.544869379999994, -96.72551594000001 43.544869379999994)",w_bus_only;w_bus_metro;d_bus_only;d_bus_metro,Sioux Area Metro,1,1348.2:1;32
1000054,1500054,1500055,bus,1,1348.2,1,service_links,2364.813597422203,2,999999,28.377763169066437,0.0,5.0,1999998,0.15,4,0,"LINESTRING (-96.72551594000001 43.544869379999994, -96.6985501 43.536490459999996)",w_bus_only;w_bus_metro;d_bus_only;d_bus_metro,Sioux Area Metro,1,1348.2:1;7;16;23;27;32
1000055,1500055,1500056,bus,1,1348.2,1,service_links,2304.417762025067,2,999999,27.653013144300804,0.0,5.0,1999998,0.15,4,0,"LINESTRING (-96.6985501 43.536490459999996, -96.67162983 43.52951967)",w_bus_only;w_bus_metro;d_bus_only;d_bus_metro,Sioux Area Metro,7,1348.2:1;7;16;23;27;32
1000056,1500056,1500057,bus,1,1348.2,1,service_links,1840.2010203443535,2,999999,22.082412244132243,0.0,5.0,1999998,0.15,4,0,"LINESTRING (-96.67162983 43.52951967, -96.69225064 43.53661820999999)",w_bus_only;w_bus_metro;d_bus_only;d_bus_metro,Sioux Area Metro,16,1348.2:1;7;16;23;27;32
1000057,1500057,1500058,bus,1,1348.2,1,service_links,1711.4934565550202,2,999999,25.672401848325304,0.0,4.0,1999998,0.15,4,0,"LINESTRING (-96.69225064 43.53661820999999, -96.71245563000001 43.54134919)",w_bus_only;w_bus_metro;d_bus_only;d_bus_metro,Sioux Area Metro,23,1348.2:1;7;16;23;27;32
1000058,1500058,1500054,bus,1,1348.2,1,service_links,1123.0849172016376,2,999999,6.12591773019075,0.0,11.0,1999998,0.15,4,0,"LINESTRING (-96.71245563000001 43.54134919, -96.72551594000001 43.544869379999994)",w_bus_only;w_bus_metro;d_bus_only;d_bus_metro,Sioux Area Metro,27,1348.2:1;7;16;23;27;32
1000059,1500060,1500060,bus,1,1349.2,1,service_links,0.0,2,999999,0.0,0.0,53.0,1999998,0.15,4,0,"LINESTRING (-96.72551594000001 43.544869379999994, -96.72551594000001 43.544869379999994)",w_bus_only;w_bus_metro;d_bus_only;d_bus_metro,Sioux Area Metro,1,1349.2:1;55
1000060,1500061,1500063,bus,1,1349.2,1,service_links,2063.094674162247,2,999999,24.75713608994696,0.0,5.0,1999998,0.15,4,0,"LINESTRING (-96.72551594000001 43.544869379999994, -96.75107964 43.5439212)",w_bus_only;w_bus_metro;d_bus_only;d_bus_metro,Sioux Area Metro,1,1349.2:1;7;13;28;31;38;50;55
1000061,1500063,1500064,bus,1,1349.2,1,service_links,1908.376708114794,2,999999,22.900520497377528,0.0,5.0,1999998,0.15,4,0,"LINESTRING (-96.75107964 43.5439212, -96.77475687 43.54397839)",w_bus_only;w_bus_metro;d_bus_only;d_bus_metro,Sioux Area Metro,7,1349.2:1;7;13;28;31;38;50;55
1000062,1500064,1500065,bus,1,1349.2,1,service_links,1557.6212825570817,2,999999,9.345727695342491,0.0,10.0,1999998,0.15,4,0,"LINESTRING (-96.77475687 43.54397839, -96.7915873 43.537095019999995)",w_bus_only;w_bus_metro;d_bus_only;d_bus_metro,Sioux Area Metro,13,1349.2:1;7;13;28;31;38;50;55
1000063,1500065,1500059,bus,1,1349.2,1,service_links,1190.0164458376196,2,999999,14.280197350051436,0.0,5.0,1999998,0.15,4,0,"LINESTRING (-96.7915873 43.537095019999995, -96.7863288615177 43.5270949842447)",w_bus_only;w_bus_metro;d_bus_only;d_bus_metro,Sioux Area Metro,28,1349.2:1;7;13;28;31;38;50;55
1000064,1500059,1500066,bus,1,1349.2,1,service_links,377.3451204053359,2,999999,2.2640707224320153,0.0,10.0,1999998,0.15,4,0,"LINESTRING (-96.7863288615177 43.5270949842447, -96.79089022000001 43.527855689999996)",w_bus_only;w_bus_metro;d_bus_only;d_bus_metro,Sioux Area Metro,31,1349.2:1;7;13;28;31;38;50;55
1000065,1500066,1500062,bus,1,1349.2,1,service_links,3676.641005823181,2,999999,22.05984603493909,0.0,10.0,1999998,0.15,4,0,"LINESTRING (-96.79089022000001 43.527855689999996, -96.75091225 43.543772309999994)",w_bus_only;w_bus_metro;d_bus_only;d_bus_metro,Sioux Area Metro,38,1349.2:1;7;13;28;31;38;50;55
1000066,1500062,1500061,bus,1,1349.2,1,service_links,2050.5418322197656,2,999999,15.379063741648242,0.0,8.0,1999998,0.15,4,0,"LINESTRING (-96.75091225 43.543772309999994, -96.72551594000001 43.544869379999994)",w_bus_only;w_bus_metro;d_bus_only;d_bus_metro,Sioux Area Metro,50,1349.2:1;7;13;28;31;38;50;55
1000067,1500069,1500069,bus,1,1350.2,1,service_links,0.0,4,999999,0.0,0.0,23.0,3999996,0.15,4,0,"LINESTRING (-96.77159721000001 43.50468562, -96.77159721000001 43.50468562)",w_bus_only;w_bus_metro;d_bus_only;d_bus_metro,Sioux Area Metro,1,1350.2:1;34
1000068,1500070,1500067,bus,1,1350.2,1,service_links,1587.9131478688503,1,999999,19.054957774426203,0.0,5.0,999999,0.15,4,0,"LINESTRING (-96.77159721000001 43.50468562, -96.7909195876765 43.5074285179269)",w_bus_only;w_bus_metro;d_bus_only;d_bus_metro,Sioux Area Metro,1,1350.2:1;8;15;25;28;34
1000069,1500067,1500071,bus,1,1350.2,1,service_links,1785.0345308426606,1,999999,21.420414370111924,0.0,5.0,999999,0.15,4,0,"LINESTRING (-96.7909195876765 43.5074285179269, -96.81083709 43.51443183)",w_bus_only;w_bus_metro;d_bus_only;d_bus_metro,Sioux Area Metro,8,1350.2:1;8;15;25;28;34
1000070,1500071,1500072,bus,1,1350.2,1,service_links,1977.6128371508266,1,999999,23.73135404580992,0.0,5.0,999999,0.15,4,0,"LINESTRING (-96.81083709 43.51443183, -96.78631348 43.51429405)",w_bus_only;w_bus_metro;d_bus_only;d_bus_metro,Sioux Area Metro,15,1350.2:1;8;15;25;28;34
1000071,1500072,1500068,bus,1,1350.2,1,service_links,1420.9124357111648,1,999999,8.52547461426699,0.0,10.0,999999,0.15,4,0,"LINESTRING (-96.78631348 43.51429405, -96.78606082979141 43.527071309198895)",w_bus_only;w_bus_metro;d_bus_only;d_bus_metro,Sioux Area Metro,25,1350.2:1;8;15;25;28;34
1000072,1500068,1500070,bus,1,1350.2,1,service_links,2748.8626706710297,1,999999,16.493176024026177,0.0,10.0,999999,0.15,4,0,"LINESTRING (-96.78606082979141 43.527071309198895, -96.77159721000001 43.50468562)",w_bus_only;w_bus_metro;d_bus_only;d_bus_metro,Sioux Area Metro,28,1350.2:1;8;15;25;28;34
1000073,1500073,1500073,bus,1,1351.2,1,service_links,0.0,2,999999,0.0,0.0,53.0,1999998,0.15,4,0,"LINESTRING (-96.72551594000001 43.544869379999994, -96.72551594000001 43.544869379999994)",w_bus_only;w_bus_metro;d_bus_only;d_bus_metro,Sioux Area Metro,1,1351.2:1;46
1000074,1500074,1500076,bus,1,1351.2,1,service_links,2063.094674162247,2,999999,24.75713608994696,0.0,5.0,1999998,0.15,4,0,"LINESTRING (-96.72551594000001 43.544869379999994, -96.75107964 43.5439212)",w_bus_only;w_bus_metro;d_bus_only;d_bus_metro,Sioux Area Metro,1,1351.2:1;7;14;19;24;31;35;41;46
1000075,1500076,1500077,bus,1,1351.2,1,service_links,1782.1080139920516,2,999999,21.385296167904617,0.0,5.0,1999998,0.15,4,0,"LINESTRING (-96.75107964 43.5439212, -96.76068267000001 43.55835799)",w_bus_only;w_bus_metro;d_bus_only;d_bus_metro,Sioux Area Metro,7,1351.2:1;7;14;19;24;31;35;41;46
1000076,1500077,1500078,bus,1,1351.2,1,service_links,2259.42945404084,2,999999,27.11315344849008,0.0,5.0,1999998,0.15,4,0,"LINESTRING (-96.76068267000001 43.55835799, -96.78021257 43.57293985)",w_bus_only;w_bus_metro;d_bus_only;d_bus_metro,Sioux Area Metro,14,1351.2:1;7;14;19;24;31;35;41;46
1000077,1500078,1500081,bus,1,1351.2,1,service_links,3382.6888320845887,2,999999,28.99447570358219,0.0,7.0,1999998,0.15,4,0,"LINESTRING (-96.78021257 43.57293985, -96.787706 43.602872999999995)",w_bus_only;w_bus_metro;d_bus_only;d_bus_metro,Sioux Area Metro,19,1351.2:1;7;14;19;24;31;35;41;46
1000078,1500081,1500079,bus,1,1351.2,1,service_links,3885.1442142450105,2,999999,21.191695714063695,0.0,11.0,1999998,0.15,4,0,"LINESTRING (-96.787706 43.602872999999995, -96.7809518804779 43.5682772668864)",w_bus_only;w_bus_metro;d_bus_only;d_bus_metro,Sioux Area Metro,24,1351.2:1;7;14;19;24;31;35;41;46
1000079,1500079,1500080,bus,1,1351.2,1,service_links,2081.2618421771795,2,999999,17.83938721866154,0.0,7.0,1999998,0.15,4,0,"LINESTRING (-96.7809518804779 43.5682772668864, -96.75914209 43.558248369999994)",w_bus_only;w_bus_metro;d_bus_only;d_bus_metro,Sioux Area Metro,31,1351.2:1;7;14;19;24;31;35;41;46
1000080,1500080,1500075,bus,1,1351.2,1,service_links,1740.9503470547272,2,999999,14.922431546183375,0.0,7.0,1999998,0.15,4,0,"LINESTRING (-96.75914209 43.558248369999994, -96.75091225 43.543772309999994)",w_bus_only;w_bus_metro;d_bus_only;d_bus_metro,Sioux Area Metro,35,1351.2:1;7;14;19;24;31;35;41;46
1000081,1500075,1500074,bus,1,1351.2,1,service_links,2050.5418322197656,2,999999,20.505418322197656,0.0,6.0,1999998,0.15,4,0,"LINESTRING (-96.75091225 43.543772309999994, -96.72551594000001 43.544869379999994)",w_bus_only;w_bus_metro;d_bus_only;d_bus_metro,Sioux Area Metro,41,1351.2:1;7;14;19;24;31;35;41;46
1000082,1500083,1500085,bus,1,19506.2,1,service_links,2327.4519668507537,2,999999,27.929423602209045,0.0,5.0,1999998,0.15,4,0,"LINESTRING (-96.72551594000001 43.544869379999994, -96.69672536 43.546493909999995)",w_bus_only;w_bus_metro;d_bus_only;d_bus_metro,Sioux Area Metro,1,19506.2:1;7;11;12;13;16
1000083,1500085,1500086,bus,1,19506.2,1,service_links,1369.4128704832121,2,999999,20.541193057248183,0.0,4.0,1999998,0.15,4,0,"LINESTRING (-96.69672536 43.546493909999995, -96.6797523 43.545927539999994)",w_bus_only;w_bus_metro;d_bus_only;d_bus_metro,Sioux Area Metro,7,19506.2:1;7;11;12;13;16
1000084,1500086,1500087,bus,1,19506.2,1,service_links,1675.4564163098769,2,999999,16.754564163098767,0.0,6.0,1999998,0.15,4,0,"LINESTRING (-96.6797523 43.545927539999994, -96.65984539 43.541588579999996)",w_bus_only;w_bus_metro;d_bus_only;d_bus_metro,Sioux Area Metro,11,19506.2:1;7;11;12;13;16
1000085,1500087,1500082,bus,1,19506.2,1,service_links,312.26136503460555,2,999999,2.3419602377595417,0.0,8.0,1999998,0.15,4,0,"LINESTRING (-96.65984539 43.541588579999996, -96.6573663888705 43.543746637207995)",w_bus_only;w_bus_metro;d_bus_only;d_bus_metro,Sioux Area Metro,12,19506.2:1;7;11;12;13;16
1000086,1500082,1500088,bus,1,19506.2,1,service_links,739.4812368593251,2,999999,22.184437105779754,0.0,2.0,1999998,0.15,4,0,"LINESTRING (-96.6573663888705 43.543746637207995, -96.65494558 43.537332019999994)",w_bus_only;w_bus_metro;d_bus_only;d_bus_metro,Sioux Area Metro,13,19506.2:1;7;11;12;13;16
1000087,1500089,1500090,bus,1,19506.2,1,service_links,4869.389615269284,2,999999,36.52042211451963,0.0,8.0,1999998,0.15,4,0,"LINESTRING (-96.65494558 43.537332019999994, -96.71397392 43.546653649999996)",w_bus_only;w_bus_metro;d_bus_only;d_bus_metro,Sioux Area Metro,1,19506.2:1;8;9
1000088,1500090,1500084,bus,1,19506.2,1,service_links,951.1718617518472,2,999999,28.535155852555416,0.0,2.0,1999998,0.15,4,0,"LINESTRING (-96.71397392 43.546653649999996, -96.72551594000001 43.544869379999994)",w_bus_only;w_bus_metro;d_bus_only;d_bus_metro,Sioux Area Metro,8,19506.2:1;8;9
1000089,1500094,1500092,bus,1,19552.1,1,service_links,1139.9715425937936,2,999999,11.399715425937934,0.0,6.0,1999998,0.15,4,0,"LINESTRING (-96.77274943 43.520447309999994, -96.76094281 43.514808099999996)",w_bus_only;w_bus_metro;d_bus_only;d_bus_metro,Sioux Area Metro,1,19552.1:1;4;11;19
1000090,1500092,1500093,bus,1,19552.1,1,service_links,2552.1972891947453,2,999999,17.014648594631634,0.0,9.0,1999998,0.15,4,0,"LINESTRING (-96.76094281 43.514808099999996, -96.73126238 43.52278231)",w_bus_only;w_bus_metro;d_bus_only;d_bus_metro,Sioux Area Metro,4,19552.1:1;4;11;19
1000091,1500093,1500091,bus,1,19552.1,1,service_links,2499.2753248118024,2,999999,16.661835498745347,0.0,9.0,1999998,0.15,4,0,"LINESTRING (-96.73126238 43.52278231, -96.72551594000001 43.544869379999994)",w_bus_only;w_bus_metro;d_bus_only;d_bus_metro,Sioux Area Metro,11,19552.1:1;4;11;19
1000092,1500095,1500096,bus,1,19552.2,1,service_links,2620.1247420093314,2,999999,22.458212074365697,0.0,7.0,1999998,0.15,4,0,"LINESTRING (-96.72551594000001 43.544869379999994, -96.73150022 43.52170887)",w_bus_only;w_bus_metro;d_bus_only;d_bus_metro,Sioux Area Metro,1,19552.2:1;8;16;19
1000093,1500096,1500097,bus,1,19552.2,1,service_links,2494.9870344388296,2,999999,18.712402758291223,0.0,8.0,1999998,0.15,4,0,"LINESTRING (-96.73150022 43.52170887, -96.76094281 43.514808099999996)",w_bus_only;w_bus_metro;d_bus_only;d_bus_metro,Sioux Area Metro,8,19552.2:1;8;16;19
1000094,1500097,1500098,bus,1,19552.2,1,service_links,1139.9715425937936,2,999999,8.54978656945345,0.0,8.0,1999998,0.15,4,0,"LINESTRING (-96.76094281 43.514808099999996, -96.77274943 43.520447309999994)",w_bus_only;w_bus_metro;d_bus_only;d_bus_metro,Sioux Area Metro,16,19552.2:1;8;16;19
1000094,1000007,1500001,bus,1,1340.2,2,boarding_links,50.0,1,999999,1.5,1.5,2.0,999999,0.15,4,0,"LINESTRING (-96.72551594000001 43.544869379999994, -96.72541594 43.54496938)",w_bus_only;w_bus_metro;d_bus_only;d_bus_metro,Sioux Area Metro,-1,1340.2.767253:1;11;17;20;25;31;39
1000095,1500001,1000007,bus,1,1340.2,2,boarding_links,50.0,1,999999,1.5,0.0,2.0,999999,0.15,4,0,"LINESTRING (-96.72551594000001 43.544869379999994, -96.72541594 43.54496938)",w_bus_only;w_bus_metro;d_bus_only;d_bus_metro,Sioux Area Metro,-1,1340.2.767253:1;11;17;20;25;31;39
1000096,1000007,1500002,bus,1,1340.2,2,boarding_links,50.0,1,999999,1.5,1.5,2.0,999999,0.15,4,0,"LINESTRING (-96.72551594000001 43.544869379999994, -96.72541594 43.54496938)",w_bus_only;w_bus_metro;d_bus_only;d_bus_metro,Sioux Area Metro,-1,1340.2.767253:1;39
1000097,1500002,1000007,bus,1,1340.2,2,boarding_links,50.0,1,999999,1.5,0.0,2.0,999999,0.15,4,0,"LINESTRING (-96.72551594000001 43.544869379999994, -96.72541594 43.54496938)",w_bus_only;w_bus_metro;d_bus_only;d_bus_metro,Sioux Area Metro,-1,1340.2.767253:1;39
1000098,1000008,1500003,bus,1,1340.2,2,boarding_links,50.0,1,999999,1.5,1.5,2.0,999999,0.15,4,0,"LINESTRING (-96.76126285000001 43.514020069999994, -96.76116285 43.51412007)",w_bus_only;w_bus_metro;d_bus_only;d_bus_metro,Sioux Area Metro,-1,1340.2.767267:1;11;17;20;25;31;39
1000099,1500003,1000008,bus,1,1340.2,2,boarding_links,50.0,1,999999,1.5,0.0,2.0,999999,0.15,4,0,"LINESTRING (-96.76126285000001 43.514020069999994, -96.76116285 43.51412007)",w_bus_only;w_bus_metro;d_bus_only;d_bus_metro,Sioux Area Metro,-1,1340.2.767267:1;11;17;20;25;31;39
1000100,1000009,1500004,bus,1,1340.2,2,boarding_links,50.0,1,999999,1.5,1.5,2.0,999999,0.15,4,0,"LINESTRING (-96.77159721000001 43.50468562, -96.77149721 43.50478562)",w_bus_only;w_bus_metro;d_bus_only;d_bus_metro,Sioux Area Metro,-1,1340.2.767270:1;11;17;20;25;31;39
1000101,1500004,1000009,bus,1,1340.2,2,boarding_links,50.0,1,999999,1.5,0.0,2.0,999999,0.15,4,0,"LINESTRING (-96.77159721000001 43.50468562, -96.77149721 43.50478562)",w_bus_only;w_bus_metro;d_bus_only;d_bus_metro,Sioux Area Metro,-1,1340.2.767270:1;11;17;20;25;31;39
1000102,1000010,1500005,bus,1,1340.2,2,boarding_links,50.0,1,999999,1.5,1.5,2.0,999999,0.15,4,0,"LINESTRING (-96.76018883 43.513448049999994, -96.76008883 43.51354805)",w_bus_only;w_bus_metro;d_bus_only;d_bus_metro,Sioux Area Metro,-1,1340.2.767275:1;11;17;20;25;31;39
1000103,1500005,1000010,bus,1,1340.2,2,boarding_links,50.0,1,999999,1.5,0.0,2.0,999999,0.15,4,0,"LINESTRING (-96.76018883 43.513448049999994, -96.76008883 43.51354805)",w_bus_only;w_bus_metro;d_bus_only;d_bus_metro,Sioux Area Metro,-1,1340.2.767275:1;11;17;20;25;31;39
1000104,1000011,1500006,bus,1,1340.2,2,boarding_links,50.0,1,999999,1.5,1.5,2.0,999999,0.15,4,0,"LINESTRING (-96.75488842 43.53100358, -96.75478842 43.53110358)",w_bus_only;w_bus_metro;d_bus_only;d_bus_metro,Sioux Area Metro,-1,1340.2.767281:1;11;17;20;25;31;39
1000105,1500006,1000011,bus,1,1340.2,2,boarding_links,50.0,1,999999,1.5,0.0,2.0,999999,0.15,4,0,"LINESTRING (-96.75488842 43.53100358, -96.75478842 43.53110358)",w_bus_only;w_bus_metro;d_bus_only;d_bus_metro,Sioux Area Metro,-1,1340.2.767281:1;11;17;20;25;31;39
1000106,1000057,1500007,bus,1,1340.2,2,boarding_links,50.0,1,999999,1.5,1.5,2.0,999999,0.15,4,0,"LINESTRING (-96.75496843 43.53063202, -96.75486843 43.53073202)",w_bus_only;w_bus_metro;d_bus_only;d_bus_metro,Sioux Area Metro,-1,1340.2.767634:1;11;17;20;25;31;39
1000107,1500007,1000057,bus,1,1340.2,2,boarding_links,50.0,1,999999,1.5,0.0,2.0,999999,0.15,4,0,"LINESTRING (-96.75496843 43.53063202, -96.75486843 43.53073202)",w_bus_only;w_bus_metro;d_bus_only;d_bus_metro,Sioux Area Metro,-1,1340.2.767634:1;11;17;20;25;31;39
1000108,1000002,1500008,bus,1,1341.2,2,boarding_links,50.0,1,999999,1.5,1.5,2.0,999999,0.15,4,0,"LINESTRING (-96.7512743986509 43.51456489249669, -96.7511743986509 43.5146648924967)",w_bus_only;w_bus_metro;d_bus_only;d_bus_metro,Sioux Area Metro,-1,1341.2.4211570:1;8;16;22;29;37;45
1000109,1500008,1000002,bus,1,1341.2,2,boarding_links,50.0,1,999999,1.5,0.0,2.0,999999,0.15,4,0,"LINESTRING (-96.7512743986509 43.51456489249669, -96.7511743986509 43.5146648924967)",w_bus_only;w_bus_metro;d_bus_only;d_bus_metro,Sioux Area Metro,-1,1341.2.4211570:1;8;16;22;29;37;45
1000110,1000007,1500009,bus,1,1341.2,2,boarding_links,50.0,1,999999,1.5,1.5,2.0,999999,0.15,4,0,"LINESTRING (-96.72551594000001 43.544869379999994, -96.72541594 43.54496938)",w_bus_only;w_bus_metro;d_bus_only;d_bus_metro,Sioux Area Metro,-1,1341.2.767253:1;45
1000111,1500009,1000007,bus,1,1341.2,2,boarding_links,50.0,1,999999,1.5,0.0,2.0,999999,0.15,4,0,"LINESTRING (-96.72551594000001 43.544869379999994, -96.72541594 43.54496938)",w_bus_only;w_bus_metro;d_bus_only;d_bus_metro,Sioux Area Metro,-1,1341.2.767253:1;45
1000112,1000007,1500010,bus,1,1341.2,2,boarding_links,50.0,1,999999,1.5,1.5,2.0,999999,0.15,4,0,"LINESTRING (-96.72551594000001 43.544869379999994, -96.72541594 43.54496938)",w_bus_only;w_bus_metro;d_bus_only;d_bus_metro,Sioux Area Metro,-1,1341.2.767253:1;8;16;22;29;37;45
1000113,1500010,1000007,bus,1,1341.2,2,boarding_links,50.0,1,999999,1.5,0.0,2.0,999999,0.15,4,0,"LINESTRING (-96.72551594000001 43.544869379999994, -96.72541594 43.54496938)",w_bus_only;w_bus_metro;d_bus_only;d_bus_metro,Sioux Area Metro,-1,1341.2.767253:1;8;16;22;29;37;45
1000114,1000009,1500011,bus,1,1341.2,2,boarding_links,50.0,1,999999,1.5,1.5,2.0,999999,0.15,4,0,"LINESTRING (-96.77159721000001 43.50468562, -96.77149721 43.50478562)",w_bus_only;w_bus_metro;d_bus_only;d_bus_metro,Sioux Area Metro,-1,1341.2.767270:1;8;16;22;29;37;45
1000115,1500011,1000009,bus,1,1341.2,2,boarding_links,50.0,1,999999,1.5,0.0,2.0,999999,0.15,4,0,"LINESTRING (-96.77159721000001 43.50468562, -96.77149721 43.50478562)",w_bus_only;w_bus_metro;d_bus_only;d_bus_metro,Sioux Area Metro,-1,1341.2.767270:1;8;16;22;29;37;45
1000116,1000013,1500012,bus,1,1341.2,2,boarding_links,50.0,1,999999,1.5,1.5,2.0,999999,0.15,4,0,"LINESTRING (-96.74141730000001 43.53361131, -96.7413173 43.53371131)",w_bus_only;w_bus_metro;d_bus_only;d_bus_metro,Sioux Area Metro,-1,1341.2.767297:1;8;16;22;29;37;45
1000117,1500012,1000013,bus,1,1341.2,2,boarding_links,50.0,1,999999,1.5,0.0,2.0,999999,0.15,4,0,"LINESTRING (-96.74141730000001 43.53361131, -96.7413173 43.53371131)",w_bus_only;w_bus_metro;d_bus_only;d_bus_metro,Sioux Area Metro,-1,1341.2.767297:1;8;16;22;29;37;45
1000118,1000014,1500013,bus,1,1341.2,2,boarding_links,50.0,1,999999,1.5,1.5,2.0,999999,0.15,4,0,"LINESTRING (-96.75107796 43.51512748, -96.75097796 43.51522748)",w_bus_only;w_bus_metro;d_bus_only;d_bus_metro,Sioux Area Metro,-1,1341.2.767315:1;8;16;22;29;37;45
1000119,1500013,1000014,bus,1,1341.2,2,boarding_links,50.0,1,999999,1.5,0.0,2.0,999999,0.15,4,0,"LINESTRING (-96.75107796 43.51512748, -96.75097796 43.51522748)",w_bus_only;w_bus_metro;d_bus_only;d_bus_metro,Sioux Area Metro,-1,1341.2.767315:1;8;16;22;29;37;45
1000120,1000015,1500014,bus,1,1341.2,2,boarding_links,50.0,1,999999,1.5,1.5,2.0,999999,0.15,4,0,"LINESTRING (-96.74127857 43.53269905, -96.74117857 43.53279905)",w_bus_only;w_bus_metro;d_bus_only;d_bus_metro,Sioux Area Metro,-1,1341.2.767323:1;8;16;22;29;37;45
1000121,1500014,1000015,bus,1,1341.2,2,boarding_links,50.0,1,999999,1.5,0.0,2.0,999999,0.15,4,0,"LINESTRING (-96.74127857 43.53269905, -96.74117857 43.53279905)",w_bus_only;w_bus_metro;d_bus_only;d_bus_metro,Sioux Area Metro,-1,1341.2.767323:1;8;16;22;29;37;45
1000122,1000007,1500015,bus,1,1342.2,2,boarding_links,50.0,1,999999,1.5,1.5,2.0,999999,0.15,4,0,"LINESTRING (-96.72551594000001 43.544869379999994, -96.72541594 43.54496938)",w_bus_only;w_bus_metro;d_bus_only;d_bus_metro,Sioux Area Metro,-1,1342.2.767253:1;42
1000123,1500015,1000007,bus,1,1342.2,2,boarding_links,50.0,1,999999,1.5,0.0,2.0,999999,0.15,4,0,"LINESTRING (-96.72551594000001 43.544869379999994, -96.72541594 43.54496938)",w_bus_only;w_bus_metro;d_bus_only;d_bus_metro,Sioux Area Metro,-1,1342.2.767253:1;42
1000124,1000007,1500016,bus,1,1342.2,2,boarding_links,50.0,1,999999,1.5,1.5,2.0,999999,0.15,4,0,"LINESTRING (-96.72551594000001 43.544869379999994, -96.72541594 43.54496938)",w_bus_only;w_bus_metro;d_bus_only;d_bus_metro,Sioux Area Metro,-1,1342.2.767253:1;8;16;20;27;34;42
1000125,1500016,1000007,bus,1,1342.2,2,boarding_links,50.0,1,999999,1.5,0.0,2.0,999999,0.15,4,0,"LINESTRING (-96.72551594000001 43.544869379999994, -96.72541594 43.54496938)",w_bus_only;w_bus_metro;d_bus_only;d_bus_metro,Sioux Area Metro,-1,1342.2.767253:1;8;16;20;27;34;42
1000126,1000009,1500017,bus,1,1342.2,2,boarding_links,50.0,1,999999,1.5,1.5,2.0,999999,0.15,4,0,"LINESTRING (-96.77159721000001 43.50468562, -96.77149721 43.50478562)",w_bus_only;w_bus_metro;d_bus_only;d_bus_metro,Sioux Area Metro,-1,1342.2.767270:1;8;16;20;27;34;42
1000127,1500017,1000009,bus,1,1342.2,2,boarding_links,50.0,1,999999,1.5,0.0,2.0,999999,0.15,4,0,"LINESTRING (-96.77159721000001 43.50468562, -96.77149721 43.50478562)",w_bus_only;w_bus_metro;d_bus_only;d_bus_metro,Sioux Area Metro,-1,1342.2.767270:1;8;16;20;27;34;42
1000128,1000016,1500018,bus,1,1342.2,2,boarding_links,50.0,1,999999,1.5,1.5,2.0,999999,0.15,4,0,"LINESTRING (-96.73150022 43.52170887, -96.73140022 43.52180887)",w_bus_only;w_bus_metro;d_bus_only;d_bus_metro,Sioux Area Metro,-1,1342.2.767336:1;8;16;20;27;34;42
1000129,1500018,1000016,bus,1,1342.2,2,boarding_links,50.0,1,999999,1.5,0.0,2.0,999999,0.15,4,0,"LINESTRING (-96.73150022 43.52170887, -96.73140022 43.52180887)",w_bus_only;w_bus_metro;d_bus_only;d_bus_metro,Sioux Area Metro,-1,1342.2.767336:1;8;16;20;27;34;42
1000130,1000017,1500019,bus,1,1342.2,2,boarding_links,50.0,1,999999,1.5,1.5,2.0,999999,0.15,4,0,"LINESTRING (-96.76094281 43.514808099999996, -96.76084281 43.5149081)",w_bus_only;w_bus_metro;d_bus_only;d_bus_metro,Sioux Area Metro,-1,1342.2.767344:1;8;16;20;27;34;42
1000131,1500019,1000017,bus,1,1342.2,2,boarding_links,50.0,1,999999,1.5,0.0,2.0,999999,0.15,4,0,"LINESTRING (-96.76094281 43.514808099999996, -96.76084281 43.5149081)",w_bus_only;w_bus_metro;d_bus_only;d_bus_metro,Sioux Area Metro,-1,1342.2.767344:1;8;16;20;27;34;42
1000132,1000018,1500020,bus,1,1342.2,2,boarding_links,50.0,1,999999,1.5,1.5,2.0,999999,0.15,4,0,"LINESTRING (-96.76142772 43.51461843, -96.76132772 43.51471843)",w_bus_only;w_bus_metro;d_bus_only;d_bus_metro,Sioux Area Metro,-1,1342.2.767352:1;8;16;20;27;34;42
1000133,1500020,1000018,bus,1,1342.2,2,boarding_links,50.0,1,999999,1.5,0.0,2.0,999999,0.15,4,0,"LINESTRING (-96.76142772 43.51461843, -96.76132772 43.51471843)",w_bus_only;w_bus_metro;d_bus_only;d_bus_metro,Sioux Area Metro,-1,1342.2.767352:1;8;16;20;27;34;42
1000134,1000019,1500021,bus,1,1342.2,2,boarding_links,50.0,1,999999,1.5,1.5,2.0,999999,0.15,4,0,"LINESTRING (-96.73126238 43.52278231, -96.73116238 43.52288231)",w_bus_only;w_bus_metro;d_bus_only;d_bus_metro,Sioux Area Metro,-1,1342.2.767360:1;8;16;20;27;34;42
1000135,1500021,1000019,bus,1,1342.2,2,boarding_links,50.0,1,999999,1.5,0.0,2.0,999999,0.15,4,0,"LINESTRING (-96.73126238 43.52278231, -96.73116238 43.52288231)",w_bus_only;w_bus_metro;d_bus_only;d_bus_metro,Sioux Area Metro,-1,1342.2.767360:1;8;16;20;27;34;42
1000136,1000007,1500022,bus,1,1343.2,2,boarding_links,50.0,1,999999,1.5,1.5,2.0,999999,0.15,4,0,"LINESTRING (-96.72551594000001 43.544869379999994, -96.72541594 43.54496938)",w_bus_only;w_bus_metro;d_bus_only;d_bus_metro,Sioux Area Metro,-1,1343.2.767253:1;24
1000137,1500022,1000007,bus,1,1343.2,2,boarding_links,50.0,1,999999,1.5,0.0,2.0,999999,0.15,4,0,"LINESTRING (-96.72551594000001 43.544869379999994, -96.72541594 43.54496938)",w_bus_only;w_bus_metro;d_bus_only;d_bus_metro,Sioux Area Metro,-1,1343.2.767253:1;24
1000138,1000007,1500023,bus,1,1343.2,2,boarding_links,50.0,1,999999,1.5,1.5,2.0,999999,0.15,4,0,"LINESTRING (-96.72551594000001 43.544869379999994, -96.72541594 43.54496938)",w_bus_only;w_bus_metro;d_bus_only;d_bus_metro,Sioux Area Metro,-1,1343.2.767253:1;7;12;18;23;24
1000139,1500023,1000007,bus,1,1343.2,2,boarding_links,50.0,1,999999,1.5,0.0,2.0,999999,0.15,4,0,"LINESTRING (-96.72551594000001 43.544869379999994, -96.72541594 43.54496938)",w_bus_only;w_bus_metro;d_bus_only;d_bus_metro,Sioux Area Metro,-1,1343.2.767253:1;7;12;18;23;24
1000140,1000020,1500024,bus,1,1343.2,2,boarding_links,50.0,1,999999,1.5,1.5,2.0,999999,0.15,4,0,"LINESTRING (-96.69672536 43.546493909999995, -96.69662536 43.54659391)",w_bus_only;w_bus_metro;d_bus_only;d_bus_metro,Sioux Area Metro,-1,1343.2.767372:1;7;12;18;23;24
1000141,1500024,1000020,bus,1,1343.2,2,boarding_links,50.0,1,999999,1.5,0.0,2.0,999999,0.15,4,0,"LINESTRING (-96.69672536 43.546493909999995, -96.69662536 43.54659391)",w_bus_only;w_bus_metro;d_bus_only;d_bus_metro,Sioux Area Metro,-1,1343.2.767372:1;7;12;18;23;24
1000142,1000022,1500025,bus,1,1343.2,2,boarding_links,50.0,1,999999,1.5,1.5,2.0,999999,0.15,4,0,"LINESTRING (-96.67582167 43.5438822, -96.67572167 43.5439822)",w_bus_only;w_bus_metro;d_bus_only;d_bus_metro,Sioux Area Metro,-1,1343.2.767377:1;7;12;18;23;24
1000143,1500025,1000022,bus,1,1343.2,2,boarding_links,50.0,1,999999,1.5,0.0,2.0,999999,0.15,4,0,"LINESTRING (-96.67582167 43.5438822, -96.67572167 43.5439822)",w_bus_only;w_bus_metro;d_bus_only;d_bus_metro,Sioux Area Metro,-1,1343.2.767377:1;7;12;18;23;24
1000144,1000023,1500026,bus,1,1343.2,2,boarding_links,50.0,1,999999,1.5,1.5,2.0,999999,0.15,4,0,"LINESTRING (-96.69199496 43.54675758, -96.69189496 43.54685758)",w_bus_only;w_bus_metro;d_bus_only;d_bus_metro,Sioux Area Metro,-1,1343.2.767383:1;7;12;18;23;24
1000145,1500026,1000023,bus,1,1343.2,2,boarding_links,50.0,1,999999,1.5,0.0,2.0,999999,0.15,4,0,"LINESTRING (-96.69199496 43.54675758, -96.69189496 43.54685758)",w_bus_only;w_bus_metro;d_bus_only;d_bus_metro,Sioux Area Metro,-1,1343.2.767383:1;7;12;18;23;24
1000146,1000041,1500027,bus,1,1343.2,2,boarding_links,50.0,1,999999,1.5,1.5,2.0,999999,0.15,4,0,"LINESTRING (-96.71397392 43.546653649999996, -96.71387392 43.54675365)",w_bus_only;w_bus_metro;d_bus_only;d_bus_metro,Sioux Area Metro,-1,1343.2.767506:1;7;12;18;23;24
1000147,1500027,1000041,bus,1,1343.2,2,boarding_links,50.0,1,999999,1.5,0.0,2.0,999999,0.15,4,0,"LINESTRING (-96.71397392 43.546653649999996, -96.71387392 43.54675365)",w_bus_only;w_bus_metro;d_bus_only;d_bus_metro,Sioux Area Metro,-1,1343.2.767506:1;7;12;18;23;24
1000148,1000007,1500028,bus,1,1344.2,2,boarding_links,50.0,1,999999,1.5,1.5,2.0,999999,0.15,4,0,"LINESTRING (-96.72551594000001 43.544869379999994, -96.72541594 43.54496938)",w_bus_only;w_bus_metro;d_bus_only;d_bus_metro,Sioux Area Metro,-1,1344.2.767253:1;26
1000149,1500028,1000007,bus,1,1344.2,2,boarding_links,50.0,1,999999,1.5,0.0,2.0,999999,0.15,4,0,"LINESTRING (-96.72551594000001 43.544869379999994, -96.72541594 43.54496938)",w_bus_only;w_bus_metro;d_bus_only;d_bus_metro,Sioux Area Metro,-1,1344.2.767253:1;26
1000150,1000007,1500029,bus,1,1344.2,2,boarding_links,50.0,1,999999,1.5,1.5,2.0,999999,0.15,4,0,"LINESTRING (-96.72551594000001 43.544869379999994, -96.72541594 43.54496938)",w_bus_only;w_bus_metro;d_bus_only;d_bus_metro,Sioux Area Metro,-1,1344.2.767253:1;5;11;16;23;26
1000151,1500029,1000007,bus,1,1344.2,2,boarding_links,50.0,1,999999,1.5,0.0,2.0,999999,0.15,4,0,"LINESTRING (-96.72551594000001 43.544869379999994, -96.72541594 43.54496938)",w_bus_only;w_bus_metro;d_bus_only;d_bus_metro,Sioux Area Metro,-1,1344.2.767253:1;5;11;16;23;26
1000152,1000024,1500030,bus,1,1344.2,2,boarding_links,50.0,1,999999,1.5,1.5,2.0,999999,0.15,4,0,"LINESTRING (-96.71606984 43.534681109999994, -96.71596984 43.53478111)",w_bus_only;w_bus_metro;d_bus_only;d_bus_metro,Sioux Area Metro,-1,1344.2.767394:1;5;11;16;23;26
1000153,1500030,1000024,bus,1,1344.2,2,boarding_links,50.0,1,999999,1.5,0.0,2.0,999999,0.15,4,0,"LINESTRING (-96.71606984 43.534681109999994, -96.71596984 43.53478111)",w_bus_only;w_bus_metro;d_bus_only;d_bus_metro,Sioux Area Metro,-1,1344.2.767394:1;5;11;16;23;26
1000154,1000025,1500031,bus,1,1344.2,2,boarding_links,50.0,1,999999,1.5,1.5,2.0,999999,0.15,4,0,"LINESTRING (-96.71145996 43.51867128999999, -96.71135996 43.51877129)",w_bus_only;w_bus_metro;d_bus_only;d_bus_metro,Sioux Area Metro,-1,1344.2.767403:1;5;11;16;23;26
1000155,1500031,1000025,bus,1,1344.2,2,boarding_links,50.0,1,999999,1.5,0.0,2.0,999999,0.15,4,0,"LINESTRING (-96.71145996 43.51867128999999, -96.71135996 43.51877129)",w_bus_only;w_bus_metro;d_bus_only;d_bus_metro,Sioux Area Metro,-1,1344.2.767403:1;5;11;16;23;26
1000156,1000026,1500032,bus,1,1344.2,2,boarding_links,50.0,1,999999,1.5,1.5,2.0,999999,0.15,4,0,"LINESTRING (-96.72628099 43.517420689999994, -96.72618099 43.51752069)",w_bus_only;w_bus_metro;d_bus_only;d_bus_metro,Sioux Area Metro,-1,1344.2.767408:1;5;11;16;23;26
1000157,1500032,1000026,bus,1,1344.2,2,boarding_links,50.0,1,999999,1.5,0.0,2.0,999999,0.15,4,0,"LINESTRING (-96.72628099 43.517420689999994, -96.72618099 43.51752069)",w_bus_only;w_bus_metro;d_bus_only;d_bus_metro,Sioux Area Metro,-1,1344.2.767408:1;5;11;16;23;26
1000158,1000027,1500033,bus,1,1344.2,2,boarding_links,50.0,1,999999,1.5,1.5,2.0,999999,0.15,4,0,"LINESTRING (-96.72633317 43.53638505999999, -96.72623317 43.53648506)",w_bus_only;w_bus_metro;d_bus_only;d_bus_metro,Sioux Area Metro,-1,1344.2.767415:1;5;11;16;23;26
1000159,1500033,1000027,bus,1,1344.2,2,boarding_links,50.0,1,999999,1.5,0.0,2.0,999999,0.15,4,0,"LINESTRING (-96.72633317 43.53638505999999, -96.72623317 43.53648506)",w_bus_only;w_bus_metro;d_bus_only;d_bus_metro,Sioux Area Metro,-1,1344.2.767415:1;5;11;16;23;26
1000160,1000007,1500034,bus,1,1345.2,2,boarding_links,50.0,1,999999,1.5,1.5,2.0,999999,0.15,4,0,"LINESTRING (-96.72551594000001 43.544869379999994, -96.72541594 43.54496938)",w_bus_only;w_bus_metro;d_bus_only;d_bus_metro,Sioux Area Metro,-1,1345.2.767253:1;12;17;24
1000161,1500034,1000007,bus,1,1345.2,2,boarding_links,50.0,1,999999,1.5,0.0,2.0,999999,0.15,4,0,"LINESTRING (-96.72551594000001 43.544869379999994, -96.72541594 43.54496938)",w_bus_only;w_bus_metro;d_bus_only;d_bus_metro,Sioux Area Metro,-1,1345.2.767253:1;12;17;24
1000162,1000007,1500035,bus,1,1345.2,2,boarding_links,50.0,1,999999,1.5,1.5,2.0,999999,0.15,4,0,"LINESTRING (-96.72551594000001 43.544869379999994, -96.72541594 43.54496938)",w_bus_only;w_bus_metro;d_bus_only;d_bus_metro,Sioux Area Metro,-1,1345.2.767253:1;24
1000163,1500035,1000007,bus,1,1345.2,2,boarding_links,50.0,1,999999,1.5,0.0,2.0,999999,0.15,4,0,"LINESTRING (-96.72551594000001 43.544869379999994, -96.72541594 43.54496938)",w_bus_only;w_bus_metro;d_bus_only;d_bus_metro,Sioux Area Metro,-1,1345.2.767253:1;24
1000164,1000028,1500036,bus,1,1345.2,2,boarding_links,50.0,1,999999,1.5,1.5,2.0,999999,0.15,4,0,"LINESTRING (-96.75163272 43.55938369, -96.75153272 43.55948369)",w_bus_only;w_bus_metro;d_bus_only;d_bus_metro,Sioux Area Metro,-1,1345.2.767426:1;12;17;24
1000165,1500036,1000028,bus,1,1345.2,2,boarding_links,50.0,1,999999,1.5,0.0,2.0,999999,0.15,4,0,"LINESTRING (-96.75163272 43.55938369, -96.75153272 43.55948369)",w_bus_only;w_bus_metro;d_bus_only;d_bus_metro,Sioux Area Metro,-1,1345.2.767426:1;12;17;24
1000166,1000029,1500037,bus,1,1345.2,2,boarding_links,50.0,1,999999,1.5,1.5,2.0,999999,0.15,4,0,"LINESTRING (-96.73879821 43.561715469999996, -96.73869821 43.56181547)",w_bus_only;w_bus_metro;d_bus_only;d_bus_metro,Sioux Area Metro,-1,1345.2.767432:1;12;17;24
1000167,1500037,1000029,bus,1,1345.2,2,boarding_links,50.0,1,999999,1.5,0.0,2.0,999999,0.15,4,0,"LINESTRING (-96.73879821 43.561715469999996, -96.73869821 43.56181547)",w_bus_only;w_bus_metro;d_bus_only;d_bus_metro,Sioux Area Metro,-1,1345.2.767432:1;12;17;24
1000168,1000007,1500038,bus,1,1346.2,2,boarding_links,50.0,1,999999,1.5,1.5,2.0,999999,0.15,4,0,"LINESTRING (-96.72551594000001 43.544869379999994, -96.72541594 43.54496938)",w_bus_only;w_bus_metro;d_bus_only;d_bus_metro,Sioux Area Metro,-1,1346.2.767253:1;43
1000169,1500038,1000007,bus,1,1346.2,2,boarding_links,50.0,1,999999,1.5,0.0,2.0,999999,0.15,4,0,"LINESTRING (-96.72551594000001 43.544869379999994, -96.72541594 43.54496938)",w_bus_only;w_bus_metro;d_bus_only;d_bus_metro,Sioux Area Metro,-1,1346.2.767253:1;43
1000170,1000007,1500039,bus,1,1346.2,2,boarding_links,50.0,1,999999,1.5,1.5,2.0,999999,0.15,4,0,"LINESTRING (-96.72551594000001 43.544869379999994, -96.72541594 43.54496938)",w_bus_only;w_bus_metro;d_bus_only;d_bus_metro,Sioux Area Metro,-1,1346.2.767253:1;4;12;20;23;28;33;39;43
1000171,1500039,1000007,bus,1,1346.2,2,boarding_links,50.0,1,999999,1.5,0.0,2.0,999999,0.15,4,0,"LINESTRING (-96.72551594000001 43.544869379999994, -96.72541594 43.54496938)",w_bus_only;w_bus_metro;d_bus_only;d_bus_metro,Sioux Area Metro,-1,1346.2.767253:1;4;12;20;23;28;33;39;43
1000172,1000030,1500040,bus,1,1346.2,2,boarding_links,50.0,1,999999,1.5,1.5,2.0,999999,0.15,4,0,"LINESTRING (-96.71997319 43.551334569999995, -96.71987319 43.55143457)",w_bus_only;w_bus_metro;d_bus_only;d_bus_metro,Sioux Area Metro,-1,1346.2.767440:1;4;12;20;23;28;33;39;43
1000173,1500040,1000030,bus,1,1346.2,2,boarding_links,50.0,1,999999,1.5,0.0,2.0,999999,0.15,4,0,"LINESTRING (-96.71997319 43.551334569999995, -96.71987319 43.55143457)",w_bus_only;w_bus_metro;d_bus_only;d_bus_metro,Sioux Area Metro,-1,1346.2.767440:1;4;12;20;23;28;33;39;43
1000174,1000031,1500041,bus,1,1346.2,2,boarding_links,50.0,1,999999,1.5,1.5,2.0,999999,0.15,4,0,"LINESTRING (-96.6915997 43.56276458999999, -96.6914997 43.56286459)",w_bus_only;w_bus_metro;d_bus_only;d_bus_metro,Sioux Area Metro,-1,1346.2.767448:1;4;12;20;23;28;33;39;43
1000175,1500041,1000031,bus,1,1346.2,2,boarding_links,50.0,1,999999,1.5,0.0,2.0,999999,0.15,4,0,"LINESTRING (-96.6915997 43.56276458999999, -96.6914997 43.56286459)",w_bus_only;w_bus_metro;d_bus_only;d_bus_metro,Sioux Area Metro,-1,1346.2.767448:1;4;12;20;23;28;33;39;43
1000176,1000032,1500042,bus,1,1346.2,2,boarding_links,50.0,1,999999,1.5,1.5,2.0,999999,0.15,4,0,"LINESTRING (-96.66929964 43.551066, -96.66919964 43.551166)",w_bus_only;w_bus_metro;d_bus_only;d_bus_metro,Sioux Area Metro,-1,1346.2.767456:1;4;12;20;23;28;33;39;43
1000177,1500042,1000032,bus,1,1346.2,2,boarding_links,50.0,1,999999,1.5,0.0,2.0,999999,0.15,4,0,"LINESTRING (-96.66929964 43.551066, -96.66919964 43.551166)",w_bus_only;w_bus_metro;d_bus_only;d_bus_metro,Sioux Area Metro,-1,1346.2.767456:1;4;12;20;23;28;33;39;43
1000178,1000033,1500043,bus,1,1346.2,2,boarding_links,50.0,1,999999,1.5,1.5,2.0,999999,0.15,4,0,"LINESTRING (-96.65984539 43.541588579999996, -96.65974539 43.54168858)",w_bus_only;w_bus_metro;d_bus_only;d_bus_metro,Sioux Area Metro,-1,1346.2.767459:1;4;12;20;23;28;33;39;43
1000179,1500043,1000033,bus,1,1346.2,2,boarding_links,50.0,1,999999,1.5,0.0,2.0,999999,0.15,4,0,"LINESTRING (-96.65984539 43.541588579999996, -96.65974539 43.54168858)",w_bus_only;w_bus_metro;d_bus_only;d_bus_metro,Sioux Area Metro,-1,1346.2.767459:1;4;12;20;23;28;33;39;43
1000180,1000035,1500044,bus,1,1346.2,2,boarding_links,50.0,1,999999,1.5,1.5,2.0,999999,0.15,4,0,"LINESTRING (-96.67149334 43.544187189999995, -96.67139334 43.54428719)",w_bus_only;w_bus_metro;d_bus_only;d_bus_metro,Sioux Area Metro,-1,1346.2.767463:1;4;12;20;23;28;33;39;43
1000181,1500044,1000035,bus,1,1346.2,2,boarding_links,50.0,1,999999,1.5,0.0,2.0,999999,0.15,4,0,"LINESTRING (-96.67149334 43.544187189999995, -96.67139334 43.54428719)",w_bus_only;w_bus_metro;d_bus_only;d_bus_metro,Sioux Area Metro,-1,1346.2.767463:1;4;12;20;23;28;33;39;43
1000182,1000036,1500045,bus,1,1346.2,2,boarding_links,50.0,1,999999,1.5,1.5,2.0,999999,0.15,4,0,"LINESTRING (-96.69205065 43.55119858, -96.69195065 43.55129858)",w_bus_only;w_bus_metro;d_bus_only;d_bus_metro,Sioux Area Metro,-1,1346.2.767468:1;4;12;20;23;28;33;39;43
1000183,1500045,1000036,bus,1,1346.2,2,boarding_links,50.0,1,999999,1.5,0.0,2.0,999999,0.15,4,0,"LINESTRING (-96.69205065 43.55119858, -96.69195065 43.55129858)",w_bus_only;w_bus_metro;d_bus_only;d_bus_metro,Sioux Area Metro,-1,1346.2.767468:1;4;12;20;23;28;33;39;43
1000184,1000037,1500046,bus,1,1346.2,2,boarding_links,50.0,1,999999,1.5,1.5,2.0,999999,0.15,4,0,"LINESTRING (-96.71118667 43.55475885, -96.71108667 43.55485885)",w_bus_only;w_bus_metro;d_bus_only;d_bus_metro,Sioux Area Metro,-1,1346.2.767474:1;4;12;20;23;28;33;39;43
1000185,1500046,1000037,bus,1,1346.2,2,boarding_links,50.0,1,999999,1.5,0.0,2.0,999999,0.15,4,0,"LINESTRING (-96.71118667 43.55475885, -96.71108667 43.55485885)",w_bus_only;w_bus_metro;d_bus_only;d_bus_metro,Sioux Area Metro,-1,1346.2.767474:1;4;12;20;23;28;33;39;43
1000186,1000003,1500047,bus,1,1347.2,2,boarding_links,50.0,1,999999,1.5,1.5,2.0,999999,0.15,4,0,"LINESTRING (-96.7213634978653 43.5868366050116, -96.7212634978653 43.5869366050116)",w_bus_only;w_bus_metro;d_bus_only;d_bus_metro,Sioux Area Metro,-1,1347.2.4211576:1;6;12;19;26;32
1000187,1500047,1000003,bus,1,1347.2,2,boarding_links,50.0,1,999999,1.5,0.0,2.0,999999,0.15,4,0,"LINESTRING (-96.7213634978653 43.5868366050116, -96.7212634978653 43.5869366050116)",w_bus_only;w_bus_metro;d_bus_only;d_bus_metro,Sioux Area Metro,-1,1347.2.4211576:1;6;12;19;26;32
1000188,1000007,1500048,bus,1,1347.2,2,boarding_links,50.0,1,999999,1.5,1.5,2.0,999999,0.15,4,0,"LINESTRING (-96.72551594000001 43.544869379999994, -96.72541594 43.54496938)",w_bus_only;w_bus_metro;d_bus_only;d_bus_metro,Sioux Area Metro,-1,1347.2.767253:1;32
1000189,1500048,1000007,bus,1,1347.2,2,boarding_links,50.0,1,999999,1.5,0.0,2.0,999999,0.15,4,0,"LINESTRING (-96.72551594000001 43.544869379999994, -96.72541594 43.54496938)",w_bus_only;w_bus_metro;d_bus_only;d_bus_metro,Sioux Area Metro,-1,1347.2.767253:1;32
1000190,1000007,1500049,bus,1,1347.2,2,boarding_links,50.0,1,999999,1.5,1.5,2.0,999999,0.15,4,0,"LINESTRING (-96.72551594000001 43.544869379999994, -96.72541594 43.54496938)",w_bus_only;w_bus_metro;d_bus_only;d_bus_metro,Sioux Area Metro,-1,1347.2.767253:1;6;12;19;26;32
1000191,1500049,1000007,bus,1,1347.2,2,boarding_links,50.0,1,999999,1.5,0.0,2.0,999999,0.15,4,0,"LINESTRING (-96.72551594000001 43.544869379999994, -96.72541594 43.54496938)",w_bus_only;w_bus_metro;d_bus_only;d_bus_metro,Sioux Area Metro,-1,1347.2.767253:1;6;12;19;26;32
1000192,1000038,1500050,bus,1,1347.2,2,boarding_links,50.0,1,999999,1.5,1.5,2.0,999999,0.15,4,0,"LINESTRING (-96.73131690000001 43.56370251, -96.7312169 43.56380251)",w_bus_only;w_bus_metro;d_bus_only;d_bus_metro,Sioux Area Metro,-1,1347.2.767483:1;6;12;19;26;32
1000193,1500050,1000038,bus,1,1347.2,2,boarding_links,50.0,1,999999,1.5,0.0,2.0,999999,0.15,4,0,"LINESTRING (-96.73131690000001 43.56370251, -96.7312169 43.56380251)",w_bus_only;w_bus_metro;d_bus_only;d_bus_metro,Sioux Area Metro,-1,1347.2.767483:1;6;12;19;26;32
1000194,1000039,1500051,bus,1,1347.2,2,boarding_links,50.0,1,999999,1.5,1.5,2.0,999999,0.15,4,0,"LINESTRING (-96.71160062 43.60104827, -96.71150062 43.60114827)",w_bus_only;w_bus_metro;d_bus_only;d_bus_metro,Sioux Area Metro,-1,1347.2.767495:1;6;12;19;26;32
1000195,1500051,1000039,bus,1,1347.2,2,boarding_links,50.0,1,999999,1.5,0.0,2.0,999999,0.15,4,0,"LINESTRING (-96.71160062 43.60104827, -96.71150062 43.60114827)",w_bus_only;w_bus_metro;d_bus_only;d_bus_metro,Sioux Area Metro,-1,1347.2.767495:1;6;12;19;26;32
1000196,1000040,1500052,bus,1,1347.2,2,boarding_links,50.0,1,999999,1.5,1.5,2.0,999999,0.15,4,0,"LINESTRING (-96.71167345 43.561399869999995, -96.71157345 43.56149987)",w_bus_only;w_bus_metro;d_bus_only;d_bus_metro,Sioux Area Metro,-1,1347.2.767501:1;6;12;19;26;32
1000197,1500052,1000040,bus,1,1347.2,2,boarding_links,50.0,1,999999,1.5,0.0,2.0,999999,0.15,4,0,"LINESTRING (-96.71167345 43.561399869999995, -96.71157345 43.56149987)",w_bus_only;w_bus_metro;d_bus_only;d_bus_metro,Sioux Area Metro,-1,1347.2.767501:1;6;12;19;26;32
1000198,1000007,1500053,bus,1,1348.2,2,boarding_links,50.0,1,999999,1.5,1.5,2.0,999999,0.15,4,0,"LINESTRING (-96.72551594000001 43.544869379999994, -96.72541594 43.54496938)",w_bus_only;w_bus_metro;d_bus_only;d_bus_metro,Sioux Area Metro,-1,1348.2.767253:1;32
1000199,1500053,1000007,bus,1,1348.2,2,boarding_links,50.0,1,999999,1.5,0.0,2.0,999999,0.15,4,0,"LINESTRING (-96.72551594000001 43.544869379999994, -96.72541594 43.54496938)",w_bus_only;w_bus_metro;d_bus_only;d_bus_metro,Sioux Area Metro,-1,1348.2.767253:1;32
1000200,1000007,1500054,bus,1,1348.2,2,boarding_links,50.0,1,999999,1.5,1.5,2.0,999999,0.15,4,0,"LINESTRING (-96.72551594000001 43.544869379999994, -96.72541594 43.54496938)",w_bus_only;w_bus_metro;d_bus_only;d_bus_metro,Sioux Area Metro,-1,1348.2.767253:1;7;16;23;27;32
1000201,1500054,1000007,bus,1,1348.2,2,boarding_links,50.0,1,999999,1.5,0.0,2.0,999999,0.15,4,0,"LINESTRING (-96.72551594000001 43.544869379999994, -96.72541594 43.54496938)",w_bus_only;w_bus_metro;d_bus_only;d_bus_metro,Sioux Area Metro,-1,1348.2.767253:1;7;16;23;27;32
1000202,1000042,1500055,bus,1,1348.2,2,boarding_links,50.0,1,999999,1.5,1.5,2.0,999999,0.15,4,0,"LINESTRING (-96.6985501 43.536490459999996, -96.6984501 43.53659046)",w_bus_only;w_bus_metro;d_bus_only;d_bus_metro,Sioux Area Metro,-1,1348.2.767511:1;7;16;23;27;32
1000203,1500055,1000042,bus,1,1348.2,2,boarding_links,50.0,1,999999,1.5,0.0,2.0,999999,0.15,4,0,"LINESTRING (-96.6985501 43.536490459999996, -96.6984501 43.53659046)",w_bus_only;w_bus_metro;d_bus_only;d_bus_metro,Sioux Area Metro,-1,1348.2.767511:1;7;16;23;27;32
1000204,1000043,1500056,bus,1,1348.2,2,boarding_links,50.0,1,999999,1.5,1.5,2.0,999999,0.15,4,0,"LINESTRING (-96.67162983 43.52951967, -96.67152983 43.52961967)",w_bus_only;w_bus_metro;d_bus_only;d_bus_metro,Sioux Area Metro,-1,1348.2.767520:1;7;16;23;27;32
1000205,1500056,1000043,bus,1,1348.2,2,boarding_links,50.0,1,999999,1.5,0.0,2.0,999999,0.15,4,0,"LINESTRING (-96.67162983 43.52951967, -96.67152983 43.52961967)",w_bus_only;w_bus_metro;d_bus_only;d_bus_metro,Sioux Area Metro,-1,1348.2.767520:1;7;16;23;27;32
1000206,1000044,1500057,bus,1,1348.2,2,boarding_links,50.0,1,999999,1.5,1.5,2.0,999999,0.15,4,0,"LINESTRING (-96.69225064 43.53661820999999, -96.69215064 43.53671821)",w_bus_only;w_bus_metro;d_bus_only;d_bus_metro,Sioux Area Metro,-1,1348.2.767527:1;7;16;23;27;32
1000207,1500057,1000044,bus,1,1348.2,2,boarding_links,50.0,1,999999,1.5,0.0,2.0,999999,0.15,4,0,"LINESTRING (-96.69225064 43.53661820999999, -96.69215064 43.53671821)",w_bus_only;w_bus_metro;d_bus_only;d_bus_metro,Sioux Area Metro,-1,1348.2.767527:1;7;16;23;27;32
1000208,1000045,1500058,bus,1,1348.2,2,boarding_links,50.0,1,999999,1.5,1.5,2.0,999999,0.15,4,0,"LINESTRING (-96.71245563000001 43.54134919, -96.71235563 43.54144919)",w_bus_only;w_bus_metro;d_bus_only;d_bus_metro,Sioux Area Metro,-1,1348.2.767531:1;7;16;23;27;32
1000209,1500058,1000045,bus,1,1348.2,2,boarding_links,50.0,1,999999,1.5,0.0,2.0,999999,0.15,4,0,"LINESTRING (-96.71245563000001 43.54134919, -96.71235563 43.54144919)",w_bus_only;w_bus_metro;d_bus_only;d_bus_metro,Sioux Area Metro,-1,1348.2.767531:1;7;16;23;27;32
1000210,1000004,1500059,bus,1,1349.2,2,boarding_links,50.0,1,999999,1.5,1.5,2.0,999999,0.15,4,0,"LINESTRING (-96.7863288615177 43.5270949842447, -96.7862288615177 43.5271949842447)",w_bus_only;w_bus_metro;d_bus_only;d_bus_metro,Sioux Area Metro,-1,1349.2.4211579:1;7;13;28;31;38;50;55
1000211,1500059,1000004,bus,1,1349.2,2,boarding_links,50.0,1,999999,1.5,0.0,2.0,999999,0.15,4,0,"LINESTRING (-96.7863288615177 43.5270949842447, -96.7862288615177 43.5271949842447)",w_bus_only;w_bus_metro;d_bus_only;d_bus_metro,Sioux Area Metro,-1,1349.2.4211579:1;7;13;28;31;38;50;55
1000212,1000007,1500060,bus,1,1349.2,2,boarding_links,50.0,1,999999,1.5,1.5,2.0,999999,0.15,4,0,"LINESTRING (-96.72551594000001 43.544869379999994, -96.72541594 43.54496938)",w_bus_only;w_bus_metro;d_bus_only;d_bus_metro,Sioux Area Metro,-1,1349.2.767253:1;55
1000213,1500060,1000007,bus,1,1349.2,2,boarding_links,50.0,1,999999,1.5,0.0,2.0,999999,0.15,4,0,"LINESTRING (-96.72551594000001 43.544869379999994, -96.72541594 43.54496938)",w_bus_only;w_bus_metro;d_bus_only;d_bus_metro,Sioux Area Metro,-1,1349.2.767253:1;55
1000214,1000007,1500061,bus,1,1349.2,2,boarding_links,50.0,1,999999,1.5,1.5,2.0,999999,0.15,4,0,"LINESTRING (-96.72551594000001 43.544869379999994, -96.72541594 43.54496938)",w_bus_only;w_bus_metro;d_bus_only;d_bus_metro,Sioux Area Metro,-1,1349.2.767253:1;7;13;28;31;38;50;55
1000215,1500061,1000007,bus,1,1349.2,2,boarding_links,50.0,1,999999,1.5,0.0,2.0,999999,0.15,4,0,"LINESTRING (-96.72551594000001 43.544869379999994, -96.72541594 43.54496938)",w_bus_only;w_bus_metro;d_bus_only;d_bus_metro,Sioux Area Metro,-1,1349.2.767253:1;7;13;28;31;38;50;55
1000216,1000012,1500062,bus,1,1349.2,2,boarding_links,50.0,1,999999,1.5,1.5,2.0,999999,0.15,4,0,"LINESTRING (-96.75091225 43.543772309999994, -96.75081225 43.54387231)",w_bus_only;w_bus_metro;d_bus_only;d_bus_metro,Sioux Area Metro,-1,1349.2.767285:1;7;13;28;31;38;50;55
1000217,1500062,1000012,bus,1,1349.2,2,boarding_links,50.0,1,999999,1.5,0.0,2.0,999999,0.15,4,0,"LINESTRING (-96.75091225 43.543772309999994, -96.75081225 43.54387231)",w_bus_only;w_bus_metro;d_bus_only;d_bus_metro,Sioux Area Metro,-1,1349.2.767285:1;7;13;28;31;38;50;55
1000218,1000046,1500063,bus,1,1349.2,2,boarding_links,50.0,1,999999,1.5,1.5,2.0,999999,0.15,4,0,"LINESTRING (-96.75107964 43.5439212, -96.75097964 43.5440212)",w_bus_only;w_bus_metro;d_bus_only;d_bus_metro,Sioux Area Metro,-1,1349.2.767536:1;7;13;28;31;38;50;55
1000219,1500063,1000046,bus,1,1349.2,2,boarding_links,50.0,1,999999,1.5,0.0,2.0,999999,0.15,4,0,"LINESTRING (-96.75107964 43.5439212, -96.75097964 43.5440212)",w_bus_only;w_bus_metro;d_bus_only;d_bus_metro,Sioux Area Metro,-1,1349.2.767536:1;7;13;28;31;38;50;55
1000220,1000047,1500064,bus,1,1349.2,2,boarding_links,50.0,1,999999,1.5,1.5,2.0,999999,0.15,4,0,"LINESTRING (-96.77475687 43.54397839, -96.77465687 43.54407839)",w_bus_only;w_bus_metro;d_bus_only;d_bus_metro,Sioux Area Metro,-1,1349.2.767542:1;7;13;28;31;38;50;55
1000221,1500064,1000047,bus,1,1349.2,2,boarding_links,50.0,1,999999,1.5,0.0,2.0,999999,0.15,4,0,"LINESTRING (-96.77475687 43.54397839, -96.77465687 43.54407839)",w_bus_only;w_bus_metro;d_bus_only;d_bus_metro,Sioux Area Metro,-1,1349.2.767542:1;7;13;28;31;38;50;55
1000222,1000048,1500065,bus,1,1349.2,2,boarding_links,50.0,1,999999,1.5,1.5,2.0,999999,0.15,4,0,"LINESTRING (-96.7915873 43.537095019999995, -96.7914873 43.53719502)",w_bus_only;w_bus_metro;d_bus_only;d_bus_metro,Sioux Area Metro,-1,1349.2.767557:1;7;13;28;31;38;50;55
1000223,1500065,1000048,bus,1,1349.2,2,boarding_links,50.0,1,999999,1.5,0.0,2.0,999999,0.15,4,0,"LINESTRING (-96.7915873 43.537095019999995, -96.7914873 43.53719502)",w_bus_only;w_bus_metro;d_bus_only;d_bus_metro,Sioux Area Metro,-1,1349.2.767557:1;7;13;28;31;38;50;55
1000224,1000049,1500066,bus,1,1349.2,2,boarding_links,50.0,1,999999,1.5,1.5,2.0,999999,0.15,4,0,"LINESTRING (-96.79089022000001 43.527855689999996, -96.79079022 43.52795569)",w_bus_only;w_bus_metro;d_bus_only;d_bus_metro,Sioux Area Metro,-1,1349.2.767569:1;7;13;28;31;38;50;55
1000225,1500066,1000049,bus,1,1349.2,2,boarding_links,50.0,1,999999,1.5,0.0,2.0,999999,0.15,4,0,"LINESTRING (-96.79089022000001 43.527855689999996, -96.79079022 43.52795569)",w_bus_only;w_bus_metro;d_bus_only;d_bus_metro,Sioux Area Metro,-1,1349.2.767569:1;7;13;28;31;38;50;55
1000226,1000005,1500067,bus,1,1350.2,2,boarding_links,50.0,1,999999,1.5,1.5,2.0,999999,0.15,4,0,"LINESTRING (-96.7909195876765 43.5074285179269, -96.7908195876765 43.5075285179269)",w_bus_only;w_bus_metro;d_bus_only;d_bus_metro,Sioux Area Metro,-1,1350.2.4211583:1;8;15;25;28;34
1000227,1500067,1000005,bus,1,1350.2,2,boarding_links,50.0,1,999999,1.5,0.0,2.0,999999,0.15,4,0,"LINESTRING (-96.7909195876765 43.5074285179269, -96.7908195876765 43.5075285179269)",w_bus_only;w_bus_metro;d_bus_only;d_bus_metro,Sioux Area Metro,-1,1350.2.4211583:1;8;15;25;28;34
1000228,1000006,1500068,bus,1,1350.2,2,boarding_links,50.0,1,999999,1.5,1.5,2.0,999999,0.15,4,0,"LINESTRING (-96.78606082979141 43.527071309198895, -96.7859608297914 43.5271713091989)",w_bus_only;w_bus_metro;d_bus_only;d_bus_metro,Sioux Area Metro,-1,1350.2.4211586:1;8;15;25;28;34
1000229,1500068,1000006,bus,1,1350.2,2,boarding_links,50.0,1,999999,1.5,0.0,2.0,999999,0.15,4,0,"LINESTRING (-96.78606082979141 43.527071309198895, -96.7859608297914 43.5271713091989)",w_bus_only;w_bus_metro;d_bus_only;d_bus_metro,Sioux Area Metro,-1,1350.2.4211586:1;8;15;25;28;34
1000230,1000009,1500069,bus,1,1350.2,2,boarding_links,50.0,1,999999,1.5,1.5,2.0,999999,0.15,4,0,"LINESTRING (-96.77159721000001 43.50468562, -96.77149721 43.50478562)",w_bus_only;w_bus_metro;d_bus_only;d_bus_metro,Sioux Area Metro,-1,1350.2.767270:1;34
1000231,1500069,1000009,bus,1,1350.2,2,boarding_links,50.0,1,999999,1.5,0.0,2.0,999999,0.15,4,0,"LINESTRING (-96.77159721000001 43.50468562, -96.77149721 43.50478562)",w_bus_only;w_bus_metro;d_bus_only;d_bus_metro,Sioux Area Metro,-1,1350.2.767270:1;34
1000232,1000009,1500070,bus,1,1350.2,2,boarding_links,50.0,1,999999,1.5,1.5,2.0,999999,0.15,4,0,"LINESTRING (-96.77159721000001 43.50468562, -96.77149721 43.50478562)",w_bus_only;w_bus_metro;d_bus_only;d_bus_metro,Sioux Area Metro,-1,1350.2.767270:1;8;15;25;28;34
1000233,1500070,1000009,bus,1,1350.2,2,boarding_links,50.0,1,999999,1.5,0.0,2.0,999999,0.15,4,0,"LINESTRING (-96.77159721000001 43.50468562, -96.77149721 43.50478562)",w_bus_only;w_bus_metro;d_bus_only;d_bus_metro,Sioux Area Metro,-1,1350.2.767270:1;8;15;25;28;34
1000234,1000050,1500071,bus,1,1350.2,2,boarding_links,50.0,1,999999,1.5,1.5,2.0,999999,0.15,4,0,"LINESTRING (-96.81083709 43.51443183, -96.81073709 43.51453183)",w_bus_only;w_bus_metro;d_bus_only;d_bus_metro,Sioux Area Metro,-1,1350.2.767589:1;8;15;25;28;34
1000235,1500071,1000050,bus,1,1350.2,2,boarding_links,50.0,1,999999,1.5,0.0,2.0,999999,0.15,4,0,"LINESTRING (-96.81083709 43.51443183, -96.81073709 43.51453183)",w_bus_only;w_bus_metro;d_bus_only;d_bus_metro,Sioux Area Metro,-1,1350.2.767589:1;8;15;25;28;34
1000236,1000051,1500072,bus,1,1350.2,2,boarding_links,50.0,1,999999,1.5,1.5,2.0,999999,0.15,4,0,"LINESTRING (-96.78631348 43.51429405, -96.78621348 43.51439405)",w_bus_only;w_bus_metro;d_bus_only;d_bus_metro,Sioux Area Metro,-1,1350.2.767599:1;8;15;25;28;34
1000237,1500072,1000051,bus,1,1350.2,2,boarding_links,50.0,1,999999,1.5,0.0,2.0,999999,0.15,4,0,"LINESTRING (-96.78631348 43.51429405, -96.78621348 43.51439405)",w_bus_only;w_bus_metro;d_bus_only;d_bus_metro,Sioux Area Metro,-1,1350.2.767599:1;8;15;25;28;34
1000238,1000007,1500073,bus,1,1351.2,2,boarding_links,50.0,1,999999,1.5,1.5,2.0,999999,0.15,4,0,"LINESTRING (-96.72551594000001 43.544869379999994, -96.72541594 43.54496938)",w_bus_only;w_bus_metro;d_bus_only;d_bus_metro,Sioux Area Metro,-1,1351.2.767253:1;46
1000239,1500073,1000007,bus,1,1351.2,2,boarding_links,50.0,1,999999,1.5,0.0,2.0,999999,0.15,4,0,"LINESTRING (-96.72551594000001 43.544869379999994, -96.72541594 43.54496938)",w_bus_only;w_bus_metro;d_bus_only;d_bus_metro,Sioux Area Metro,-1,1351.2.767253:1;46
1000240,1000007,1500074,bus,1,1351.2,2,boarding_links,50.0,1,999999,1.5,1.5,2.0,999999,0.15,4,0,"LINESTRING (-96.72551594000001 43.544869379999994, -96.72541594 43.54496938)",w_bus_only;w_bus_metro;d_bus_only;d_bus_metro,Sioux Area Metro,-1,1351.2.767253:1;7;14;19;24;31;35;41;46
1000241,1500074,1000007,bus,1,1351.2,2,boarding_links,50.0,1,999999,1.5,0.0,2.0,999999,0.15,4,0,"LINESTRING (-96.72551594000001 43.544869379999994, -96.72541594 43.54496938)",w_bus_only;w_bus_metro;d_bus_only;d_bus_metro,Sioux Area Metro,-1,1351.2.767253:1;7;14;19;24;31;35;41;46
1000242,1000012,1500075,bus,1,1351.2,2,boarding_links,50.0,1,999999,1.5,1.5,2.0,999999,0.15,4,0,"LINESTRING (-96.75091225 43.543772309999994, -96.75081225 43.54387231)",w_bus_only;w_bus_metro;d_bus_only;d_bus_metro,Sioux Area Metro,-1,1351.2.767285:1;7;14;19;24;31;35;41;46
1000243,1500075,1000012,bus,1,1351.2,2,boarding_links,50.0,1,999999,1.5,0.0,2.0,999999,0.15,4,0,"LINESTRING (-96.75091225 43.543772309999994, -96.75081225 43.54387231)",w_bus_only;w_bus_metro;d_bus_only;d_bus_metro,Sioux Area Metro,-1,1351.2.767285:1;7;14;19;24;31;35;41;46
1000244,1000046,1500076,bus,1,1351.2,2,boarding_links,50.0,1,999999,1.5,1.5,2.0,999999,0.15,4,0,"LINESTRING (-96.75107964 43.5439212, -96.75097964 43.5440212)",w_bus_only;w_bus_metro;d_bus_only;d_bus_metro,Sioux Area Metro,-1,1351.2.767536:1;7;14;19;24;31;35;41;46
1000245,1500076,1000046,bus,1,1351.2,2,boarding_links,50.0,1,999999,1.5,0.0,2.0,999999,0.15,4,0,"LINESTRING (-96.75107964 43.5439212, -96.75097964 43.5440212)",w_bus_only;w_bus_metro;d_bus_only;d_bus_metro,Sioux Area Metro,-1,1351.2.767536:1;7;14;19;24;31;35;41;46
1000246,1000053,1500077,bus,1,1351.2,2,boarding_links,50.0,1,999999,1.5,1.5,2.0,999999,0.15,4,0,"LINESTRING (-96.76068267000001 43.55835799, -96.76058267 43.55845799)",w_bus_only;w_bus_metro;d_bus_only;d_bus_metro,Sioux Area Metro,-1,1351.2.767611:1;7;14;19;24;31;35;41;46
1000247,1500077,1000053,bus,1,1351.2,2,boarding_links,50.0,1,999999,1.5,0.0,2.0,999999,0.15,4,0,"LINESTRING (-96.76068267000001 43.55835799, -96.76058267 43.55845799)",w_bus_only;w_bus_metro;d_bus_only;d_bus_metro,Sioux Area Metro,-1,1351.2.767611:1;7;14;19;24;31;35;41;46
1000248,1000054,1500078,bus,1,1351.2,2,boarding_links,50.0,1,999999,1.5,1.5,2.0,999999,0.15,4,0,"LINESTRING (-96.78021257 43.57293985, -96.78011257 43.57303985)",w_bus_only;w_bus_metro;d_bus_only;d_bus_metro,Sioux Area Metro,-1,1351.2.767615:1;7;14;19;24;31;35;41;46
1000249,1500078,1000054,bus,1,1351.2,2,boarding_links,50.0,1,999999,1.5,0.0,2.0,999999,0.15,4,0,"LINESTRING (-96.78021257 43.57293985, -96.78011257 43.57303985)",w_bus_only;w_bus_metro;d_bus_only;d_bus_metro,Sioux Area Metro,-1,1351.2.767615:1;7;14;19;24;31;35;41;46
1000250,1000055,1500079,bus,1,1351.2,2,boarding_links,50.0,1,999999,1.5,1.5,2.0,999999,0.15,4,0,"LINESTRING (-96.7809518804779 43.5682772668864, -96.7808518804779 43.5683772668864)",w_bus_only;w_bus_metro;d_bus_only;d_bus_metro,Sioux Area Metro,-1,1351.2.767623:1;7;14;19;24;31;35;41;46
1000251,1500079,1000055,bus,1,1351.2,2,boarding_links,50.0,1,999999,1.5,0.0,2.0,999999,0.15,4,0,"LINESTRING (-96.7809518804779 43.5682772668864, -96.7808518804779 43.5683772668864)",w_bus_only;w_bus_metro;d_bus_only;d_bus_metro,Sioux Area Metro,-1,1351.2.767623:1;7;14;19;24;31;35;41;46
1000252,1000056,1500080,bus,1,1351.2,2,boarding_links,50.0,1,999999,1.5,1.5,2.0,999999,0.15,4,0,"LINESTRING (-96.75914209 43.558248369999994, -96.75904209 43.55834837)",w_bus_only;w_bus_metro;d_bus_only;d_bus_metro,Sioux Area Metro,-1,1351.2.767625:1;7;14;19;24;31;35;41;46
1000253,1500080,1000056,bus,1,1351.2,2,boarding_links,50.0,1,999999,1.5,0.0,2.0,999999,0.15,4,0,"LINESTRING (-96.75914209 43.558248369999994, -96.75904209 43.55834837)",w_bus_only;w_bus_metro;d_bus_only;d_bus_metro,Sioux Area Metro,-1,1351.2.767625:1;7;14;19;24;31;35;41;46
1000254,1000058,1500081,bus,1,1351.2,2,boarding_links,50.0,1,999999,1.5,1.5,2.0,999999,0.15,4,0,"LINESTRING (-96.787706 43.602872999999995, -96.787606 43.602973)",w_bus_only;w_bus_metro;d_bus_only;d_bus_metro,Sioux Area Metro,-1,1351.2.771294:1;7;14;19;24;31;35;41;46
1000255,1500081,1000058,bus,1,1351.2,2,boarding_links,50.0,1,999999,1.5,0.0,2.0,999999,0.15,4,0,"LINESTRING (-96.787706 43.602872999999995, -96.787606 43.602973)",w_bus_only;w_bus_metro;d_bus_only;d_bus_metro,Sioux Area Metro,-1,1351.2.771294:1;7;14;19;24;31;35;41;46
1000256,1000001,1500082,bus,1,19506.2,2,boarding_links,50.0,1,999999,1.5,1.5,2.0,999999,0.15,4,0,"LINESTRING (-96.6573663888705 43.543746637207995, -96.6572663888705 43.543846637208)",w_bus_only;w_bus_metro;d_bus_only;d_bus_metro,Sioux Area Metro,-1,19506.2.2581567:1;7;11;12;13;16
1000257,1500082,1000001,bus,1,19506.2,2,boarding_links,50.0,1,999999,1.5,0.0,2.0,999999,0.15,4,0,"LINESTRING (-96.6573663888705 43.543746637207995, -96.6572663888705 43.543846637208)",w_bus_only;w_bus_metro;d_bus_only;d_bus_metro,Sioux Area Metro,-1,19506.2.2581567:1;7;11;12;13;16
1000258,1000007,1500083,bus,1,19506.2,2,boarding_links,50.0,1,999999,1.5,1.5,2.0,999999,0.15,4,0,"LINESTRING (-96.72551594000001 43.544869379999994, -96.72541594 43.54496938)",w_bus_only;w_bus_metro;d_bus_only;d_bus_metro,Sioux Area Metro,-1,19506.2.767253:1;7;11;12;13;16
1000259,1500083,1000007,bus,1,19506.2,2,boarding_links,50.0,1,999999,1.5,0.0,2.0,999999,0.15,4,0,"LINESTRING (-96.72551594000001 43.544869379999994, -96.72541594 43.54496938)",w_bus_only;w_bus_metro;d_bus_only;d_bus_metro,Sioux Area Metro,-1,19506.2.767253:1;7;11;12;13;16
1000260,1000007,1500084,bus,1,19506.2,2,boarding_links,50.0,1,999999,1.5,1.5,2.0,999999,0.15,4,0,"LINESTRING (-96.72551594000001 43.544869379999994, -96.72541594 43.54496938)",w_bus_only;w_bus_metro;d_bus_only;d_bus_metro,Sioux Area Metro,-1,19506.2.767253:1;8;9
1000261,1500084,1000007,bus,1,19506.2,2,boarding_links,50.0,1,999999,1.5,0.0,2.0,999999,0.15,4,0,"LINESTRING (-96.72551594000001 43.544869379999994, -96.72541594 43.54496938)",w_bus_only;w_bus_metro;d_bus_only;d_bus_metro,Sioux Area Metro,-1,19506.2.767253:1;8;9
1000262,1000020,1500085,bus,1,19506.2,2,boarding_links,50.0,1,999999,1.5,1.5,2.0,999999,0.15,4,0,"LINESTRING (-96.69672536 43.546493909999995, -96.69662536 43.54659391)",w_bus_only;w_bus_metro;d_bus_only;d_bus_metro,Sioux Area Metro,-1,19506.2.767372:1;7;11;12;13;16
1000263,1500085,1000020,bus,1,19506.2,2,boarding_links,50.0,1,999999,1.5,0.0,2.0,999999,0.15,4,0,"LINESTRING (-96.69672536 43.546493909999995, -96.69662536 43.54659391)",w_bus_only;w_bus_metro;d_bus_only;d_bus_metro,Sioux Area Metro,-1,19506.2.767372:1;7;11;12;13;16
1000264,1000021,1500086,bus,1,19506.2,2,boarding_links,50.0,1,999999,1.5,1.5,2.0,999999,0.15,4,0,"LINESTRING (-96.6797523 43.545927539999994, -96.6796523 43.54602754)",w_bus_only;w_bus_metro;d_bus_only;d_bus_metro,Sioux Area Metro,-1,19506.2.767376:1;7;11;12;13;16
1000265,1500086,1000021,bus,1,19506.2,2,boarding_links,50.0,1,999999,1.5,0.0,2.0,999999,0.15,4,0,"LINESTRING (-96.6797523 43.545927539999994, -96.6796523 43.54602754)",w_bus_only;w_bus_metro;d_bus_only;d_bus_metro,Sioux Area Metro,-1,19506.2.767376:1;7;11;12;13;16
1000266,1000033,1500087,bus,1,19506.2,2,boarding_links,50.0,1,999999,1.5,1.5,2.0,999999,0.15,4,0,"LINESTRING (-96.65984539 43.541588579999996, -96.65974539 43.54168858)",w_bus_only;w_bus_metro;d_bus_only;d_bus_metro,Sioux Area Metro,-1,19506.2.767459:1;7;11;12;13;16
1000267,1500087,1000033,bus,1,19506.2,2,boarding_links,50.0,1,999999,1.5,0.0,2.0,999999,0.15,4,0,"LINESTRING (-96.65984539 43.541588579999996, -96.65974539 43.54168858)",w_bus_only;w_bus_metro;d_bus_only;d_bus_metro,Sioux Area Metro,-1,19506.2.767459:1;7;11;12;13;16
1000268,1000034,1500088,bus,1,19506.2,2,boarding_links,50.0,1,999999,1.5,1.5,2.0,999999,0.15,4,0,"LINESTRING (-96.65494558 43.537332019999994, -96.65484558 43.53743202)",w_bus_only;w_bus_metro;d_bus_only;d_bus_metro,Sioux Area Metro,-1,19506.2.767462:1;7;11;12;13;16
1000269,1500088,1000034,bus,1,19506.2,2,boarding_links,50.0,1,999999,1.5,0.0,2.0,999999,0.15,4,0,"LINESTRING (-96.65494558 43.537332019999994, -96.65484558 43.53743202)",w_bus_only;w_bus_metro;d_bus_only;d_bus_metro,Sioux Area Metro,-1,19506.2.767462:1;7;11;12;13;16
1000270,1000034,1500089,bus,1,19506.2,2,boarding_links,50.0,1,999999,1.5,1.5,2.0,999999,0.15,4,0,"LINESTRING (-96.65494558 43.537332019999994, -96.65484558 43.53743202)",w_bus_only;w_bus_metro;d_bus_only;d_bus_metro,Sioux Area Metro,-1,19506.2.767462:1;8;9
1000271,1500089,1000034,bus,1,19506.2,2,boarding_links,50.0,1,999999,1.5,0.0,2.0,999999,0.15,4,0,"LINESTRING (-96.65494558 43.537332019999994, -96.65484558 43.53743202)",w_bus_only;w_bus_metro;d_bus_only;d_bus_metro,Sioux Area Metro,-1,19506.2.767462:1;8;9
1000272,1000041,1500090,bus,1,19506.2,2,boarding_links,50.0,1,999999,1.5,1.5,2.0,999999,0.15,4,0,"LINESTRING (-96.71397392 43.546653649999996, -96.71387392 43.54675365)",w_bus_only;w_bus_metro;d_bus_only;d_bus_metro,Sioux Area Metro,-1,19506.2.767506:1;8;9
1000273,1500090,1000041,bus,1,19506.2,2,boarding_links,50.0,1,999999,1.5,0.0,2.0,999999,0.15,4,0,"LINESTRING (-96.71397392 43.546653649999996, -96.71387392 43.54675365)",w_bus_only;w_bus_metro;d_bus_only;d_bus_metro,Sioux Area Metro,-1,19506.2.767506:1;8;9
1000274,1000007,1500091,bus,1,19552.1,2,boarding_links,50.0,1,999999,1.5,1.5,2.0,999999,0.15,4,0,"LINESTRING (-96.72551594000001 43.544869379999994, -96.72541594 43.54496938)",w_bus_only;w_bus_metro;d_bus_only;d_bus_metro,Sioux Area Metro,-1,19552.1.767253:1;4;11;19
1000275,1500091,1000007,bus,1,19552.1,2,boarding_links,50.0,1,999999,1.5,0.0,2.0,999999,0.15,4,0,"LINESTRING (-96.72551594000001 43.544869379999994, -96.72541594 43.54496938)",w_bus_only;w_bus_metro;d_bus_only;d_bus_metro,Sioux Area Metro,-1,19552.1.767253:1;4;11;19
1000276,1000017,1500092,bus,1,19552.1,2,boarding_links,50.0,1,999999,1.5,1.5,2.0,999999,0.15,4,0,"LINESTRING (-96.76094281 43.514808099999996, -96.76084281 43.5149081)",w_bus_only;w_bus_metro;d_bus_only;d_bus_metro,Sioux Area Metro,-1,19552.1.767344:1;4;11;19
1000277,1500092,1000017,bus,1,19552.1,2,boarding_links,50.0,1,999999,1.5,0.0,2.0,999999,0.15,4,0,"LINESTRING (-96.76094281 43.514808099999996, -96.76084281 43.5149081)",w_bus_only;w_bus_metro;d_bus_only;d_bus_metro,Sioux Area Metro,-1,19552.1.767344:1;4;11;19
1000278,1000019,1500093,bus,1,19552.1,2,boarding_links,50.0,1,999999,1.5,1.5,2.0,999999,0.15,4,0,"LINESTRING (-96.73126238 43.52278231, -96.73116238 43.52288231)",w_bus_only;w_bus_metro;d_bus_only;d_bus_metro,Sioux Area Metro,-1,19552.1.767360:1;4;11;19
1000279,1500093,1000019,bus,1,19552.1,2,boarding_links,50.0,1,999999,1.5,0.0,2.0,999999,0.15,4,0,"LINESTRING (-96.73126238 43.52278231, -96.73116238 43.52288231)",w_bus_only;w_bus_metro;d_bus_only;d_bus_metro,Sioux Area Metro,-1,19552.1.767360:1;4;11;19
1000280,1000052,1500094,bus,1,19552.1,2,boarding_links,50.0,1,999999,1.5,1.5,2.0,999999,0.15,4,0,"LINESTRING (-96.77274943 43.520447309999994, -96.77264943 43.52054731)",w_bus_only;w_bus_metro;d_bus_only;d_bus_metro,Sioux Area Metro,-1,19552.1.767603:1;4;11;19
1000281,1500094,1000052,bus,1,19552.1,2,boarding_links,50.0,1,999999,1.5,0.0,2.0,999999,0.15,4,0,"LINESTRING (-96.77274943 43.520447309999994, -96.77264943 43.52054731)",w_bus_only;w_bus_metro;d_bus_only;d_bus_metro,Sioux Area Metro,-1,19552.1.767603:1;4;11;19
1000282,1000007,1500095,bus,1,19552.2,2,boarding_links,50.0,1,999999,1.5,1.5,2.0,999999,0.15,4,0,"LINESTRING (-96.72551594000001 43.544869379999994, -96.72541594 43.54496938)",w_bus_only;w_bus_metro;d_bus_only;d_bus_metro,Sioux Area Metro,-1,19552.2.767253:1;8;16;19
1000283,1500095,1000007,bus,1,19552.2,2,boarding_links,50.0,1,999999,1.5,0.0,2.0,999999,0.15,4,0,"LINESTRING (-96.72551594000001 43.544869379999994, -96.72541594 43.54496938)",w_bus_only;w_bus_metro;d_bus_only;d_bus_metro,Sioux Area Metro,-1,19552.2.767253:1;8;16;19
1000284,1000016,1500096,bus,1,19552.2,2,boarding_links,50.0,1,999999,1.5,1.5,2.0,999999,0.15,4,0,"LINESTRING (-96.73150022 43.52170887, -96.73140022 43.52180887)",w_bus_only;w_bus_metro;d_bus_only;d_bus_metro,Sioux Area Metro,-1,19552.2.767336:1;8;16;19
1000285,1500096,1000016,bus,1,19552.2,2,boarding_links,50.0,1,999999,1.5,0.0,2.0,999999,0.15,4,0,"LINESTRING (-96.73150022 43.52170887, -96.73140022 43.52180887)",w_bus_only;w_bus_metro;d_bus_only;d_bus_metro,Sioux Area Metro,-1,19552.2.767336:1;8;16;19
1000286,1000017,1500097,bus,1,19552.2,2,boarding_links,50.0,1,999999,1.5,1.5,2.0,999999,0.15,4,0,"LINESTRING (-96.76094281 43.514808099999996, -96.76084281 43.5149081)",w_bus_only;w_bus_metro;d_bus_only;d_bus_metro,Sioux Area Metro,-1,19552.2.767344:1;8;16;19
1000287,1500097,1000017,bus,1,19552.2,2,boarding_links,50.0,1,999999,1.5,0.0,2.0,999999,0.15,4,0,"LINESTRING (-96.76094281 43.514808099999996, -96.76084281 43.5149081)",w_bus_only;w_bus_metro;d_bus_only;d_bus_metro,Sioux Area Metro,-1,19552.2.767344:1;8;16;19
1000288,1000052,1500098,bus,1,19552.2,2,boarding_links,50.0,1,999999,1.5,1.5,2.0,999999,0.15,4,0,"LINESTRING (-96.77274943 43.520447309999994, -96.77264943 43.52054731)",w_bus_only;w_bus_metro;d_bus_only;d_bus_metro,Sioux Area Metro,-1,19552.2.767603:1;8;16;19
1000289,1500098,1000052,bus,1,19552.2,2,boarding_links,50.0,1,999999,1.5,0.0,2.0,999999,0.15,4,0,"LINESTRING (-96.77274943 43.520447309999994, -96.77264943 43.52054731)",w_bus_only;w_bus_metro;d_bus_only;d_bus_metro,Sioux Area Metro,-1,19552.2.767603:1;8;16;19
5,1000006,1000004,sta2sta,1,-1,3,transferring_links,21.768918722017858,1,999999,1.0,0.0,0.021768918722017857,999999,0.15,4,15,"LINESTRING (-96.7859608297914 43.5271713091989, -96.7862288615177 43.5271949842447)",closed,,,
6,1000004,1000006,sta2sta,1,-1,3,transferring_links,21.768918722017858,1,999999,1.0,0.0,0.021768918722017857,999999,0.15,4,15,"LINESTRING (-96.7862288615177 43.5271949842447, -96.7859608297914 43.5271713091989)",closed,,,
9,1000010,1000017,sta2sta,1,-1,3,transferring_links,162.99500154601648,1,999999,1.0,0.0,0.16299500154601648,999999,0.15,4,15,"LINESTRING (-96.76008883 43.51354805, -96.76084281 43.5149081)",closed,,,
10,1000017,1000010,sta2sta,1,-1,3,transferring_links,162.99500154601648,1,999999,1.0,0.0,0.16299500154601648,999999,0.15,4,15,"LINESTRING (-96.76084281 43.5149081, -96.76008883 43.51354805)",closed,,,
11,1000017,1000008,sta2sta,1,-1,3,transferring_links,91.34637448741276,1,999999,1.0,0.0,0.09134637448741276,999999,0.15,4,15,"LINESTRING (-96.76084281 43.5149081, -96.76116285 43.51412007)",closed,,,
12,1000008,1000017,sta2sta,1,-1,3,transferring_links,91.34637448741276,1,999999,1.0,0.0,0.09134637448741276,999999,0.15,4,15,"LINESTRING (-96.76116285 43.51412007, -96.76084281 43.5149081)",closed,,,
13,1000018,1000008,sta2sta,1,-1,3,transferring_links,67.84988482273145,1,999999,1.0,0.0,0.06784988482273145,999999,0.15,4,15,"LINESTRING (-96.76132772 43.51471843, -96.76116285 43.51412007)",closed,,,
14,1000008,1000018,sta2sta,1,-1,3,transferring_links,67.84988482273145,1,999999,1.0,0.0,0.06784988482273145,999999,0.15,4,15,"LINESTRING (-96.76116285 43.51412007, -96.76132772 43.51471843)",closed,,,
15,1000033,1000001,sta2sta,1,-1,3,transferring_links,312.26115295909506,1,999999,1.0,0.0,0.31226115295909507,999999,0.15,4,15,"LINESTRING (-96.65974539 43.54168858, -96.6572663888705 43.543846637208)",closed,,,
16,1000001,1000033,sta2sta,1,-1,3,transferring_links,312.26115295909506,1,999999,1.0,0.0,0.31226115295909507,999999,0.15,4,15,"LINESTRING (-96.6572663888705 43.543846637208, -96.65974539 43.54168858)",closed,,,
